auction_id,national_id,total_auctions_participated,total_auctions_won,total_bids_history,historical_win_rate,bids_to_wins_ratio,starting_price,final_price,minimum_bid_increment,auction_duration_minutes,number_of_unique_bidders,total_bids_in_auction,bids_count_in_auction,bid_share_in_auction,avg_seconds_between_bids,first_bid_time_from_start_minutes,last_bid_time_to_end_minutes,used_minimum_increment_ratio,bid_increment_avg,aggressive_bidding_flag,early_entry_flag,late_exit_flag,won_auction_flag,suspicious_score_generation,suspicious_label
AUC_1348,1746926743,102,41,1111,0.402,27.0976,379365,423505,1000,60,5,68,7,0.1029,140.0,7.15,8.14,0.4361,2079.86,0,1,0,0,0.0565,0
AUC_1243,2824264861,104,14,403,0.1346,28.7857,1303617,1515015,2000,240,16,33,17,0.5152,113.7,77.25,7.94,0.6092,3293.9,0,0,1,1,0.3935,0
AUC_1043,2937687414,52,0,1168,0.0,1168.0,1335160,1604272,2000,120,15,192,16,0.0833,19.82,14.22,3.52,0.5556,2477.22,0,1,1,0,0.6185,0
AUC_1215,1275202420,93,25,1136,0.2688,45.44,665270,722124,1000,180,16,260,15,0.0577,253.31,23.6,64.87,0.4139,2408.19,0,0,0,1,0.2134,0
AUC_1186,1519845396,27,8,169,0.2963,21.125,437261,487317,1000,240,9,76,9,0.1184,449.16,33.59,106.5,0.3182,3485.04,0,0,0,0,0.0851,1
AUC_1385,1040700115,2,0,16,0.0,16.0,367824,437954,2000,30,3,42,6,0.1429,381.42,17.14,17.07,0.2069,7206.23,0,0,0,0,0.1826,1
AUC_1325,2233292236,96,12,760,0.125,63.3333,527095,755910,2000,60,3,11,7,0.6364,466.87,34.22,7.08,0.497,6086.11,0,0,1,0,0.3629,0
AUC_1207,1375707307,103,2,3024,0.0194,1512.0,566349,663185,1000,180,10,67,32,0.4776,21.19,24.69,14.94,0.8477,1224.27,1,0,1,0,0.99,1
AUC_1127,1256555257,125,0,1452,0.0,1452.0,890477,1008122,5000,120,4,38,30,0.7895,31.02,0.73,9.29,0.6673,9702.29,1,1,1,1,0.99,1
AUC_1190,1460218959,54,1,962,0.0185,962.0,86631,97315,2000,240,16,278,19,0.0683,35.71,53.34,16.73,0.831,2862.78,1,0,1,0,0.8051,0
AUC_1035,1307261165,42,5,354,0.119,70.8,105609,109332,20000,90,24,309,6,0.0194,700.05,24.99,54.48,0.2222,87706.62,0,0,0,0,0.245,1
AUC_1157,1072969494,62,25,124,0.4032,4.96,150235,175094,5000,60,11,90,3,0.0333,145.91,24.38,1.97,0.664,11382.71,0,0,1,0,0.2159,0
AUC_1184,1403499463,132,4,3905,0.0303,976.25,338790,473820,1000,60,7,60,34,0.5667,38.72,9.39,3.62,0.9255,1658.69,1,0,1,0,0.99,1
AUC_1032,1242007912,30,9,149,0.3,16.5556,1979305,2387149,2000,120,19,254,3,0.0118,154.28,77.71,14.97,0.3416,5746.59,0,0,0,0,0.134,0
AUC_1176,1310676406,69,3,1142,0.0435,380.6667,464568,643053,2000,180,5,61,31,0.5082,15.42,5.4,0.96,0.9334,4033.14,1,1,1,0,0.99,1
AUC_1378,1346864996,89,28,1017,0.3146,36.3214,991218,1331221,20000,240,7,28,17,0.6071,362.73,130.57,83.86,0.5773,41304.57,0,0,0,0,0.5007,0
AUC_1364,1530683352,109,2,1128,0.0183,564.0,76790,93200,5000,180,24,408,43,0.1054,65.2,0.72,16.87,0.6697,5475.27,1,1,1,0,0.8108,0
AUC_1116,2945443223,19,0,154,0.0,154.0,67640,74404,2000,30,17,189,7,0.037,283.73,26.72,0.25,0.3045,5801.65,0,0,1,1,0.1416,0
AUC_1027,2483508043,35,5,151,0.1429,30.2,132844,148687,1000,120,18,154,3,0.0195,903.78,62.57,45.6,0.5197,4058.01,0,0,0,0,0.1253,0
AUC_1097,1204650445,78,18,300,0.2308,16.6667,250244,261369,20000,240,7,45,6,0.1333,230.22,102.6,41.22,0.4834,29145.71,0,0,0,1,0.2568,0
AUC_1258,1105480644,78,36,971,0.4615,26.9722,365826,414167,20000,120,13,104,11,0.1058,327.56,49.66,27.7,0.241,56319.85,0,0,0,0,0.0268,0
AUC_1033,2412866573,107,44,381,0.4112,8.6591,1313455,1555679,5000,60,5,22,15,0.6818,158.49,32.05,9.07,0.3564,5397.56,0,0,0,0,0.3032,0
AUC_1072,2885709307,70,5,1085,0.0714,217.0,1617438,1936793,5000,180,22,281,37,0.1317,51.56,32.42,1.35,0.6561,5665.58,1,0,1,0,0.8224,0
AUC_1027,2680659803,32,2,483,0.0625,241.5,517010,617240,5000,120,12,211,29,0.1374,68.42,16.73,8.45,0.8145,6893.86,1,0,1,0,0.6997,1
AUC_1288,1545563768,40,5,299,0.125,59.8,806254,930122,5000,60,21,244,5,0.0205,52.12,56.1,5.3,0.5476,13208.61,0,0,1,1,0.2564,0
AUC_1112,2095432051,6,0,51,0.0,51.0,1710822,1912357,5000,120,7,48,3,0.0625,85.15,52.0,0.06,0.2142,9731.66,0,0,1,0,0.1577,1
AUC_1375,1812207578,19,2,115,0.1053,57.5,923172,1067911,1000,180,5,47,4,0.0851,461.49,90.01,94.62,0.3034,3555.48,0,0,0,1,0.0772,0
AUC_1103,1625526279,30,6,214,0.2,35.6667,956862,1105520,5000,60,17,43,4,0.093,1197.51,38.37,32.33,0.4504,8361.61,0,0,0,0,0.074,0
AUC_1364,2377431223,25,12,112,0.48,9.3333,1753194,2108001,2000,120,13,136,11,0.0809,236.37,36.04,45.6,0.269,4931.15,0,0,0,0,0.0385,0
AUC_1295,1560449356,15,4,76,0.2667,19.0,1267078,1570772,2000,240,24,137,9,0.0657,923.79,41.94,139.99,0.3717,3154.16,0,0,0,0,0.1867,0
AUC_1363,1257863547,99,18,1145,0.1818,63.6111,1889765,2115133,2000,90,13,166,9,0.0542,261.96,32.6,31.23,0.4408,2922.31,0,0,0,0,0.1269,0
AUC_1143,2210211501,43,11,259,0.2558,23.5455,1950163,2055008,1000,120,21,49,15,0.3061,179.13,50.23,21.04,0.2114,1390.38,0,0,0,1,0.0872,0
AUC_1053,1422071277,21,5,96,0.2381,19.2,955667,1131874,20000,180,18,223,2,0.009,134.04,13.08,47.58,0.1119,35974.74,0,1,0,0,0.1632,0
AUC_1019,1458142395,23,7,159,0.3043,22.7143,1355289,1450715,5000,180,19,41,3,0.0732,673.45,113.48,96.19,0.2811,9597.38,0,0,0,0,0.0242,0
AUC_1127,1938510485,34,0,490,0.0,490.0,1139385,1301263,1000,180,23,235,15,0.0638,30.63,13.54,11.4,0.7477,1687.95,0,1,1,0,0.6849,1
AUC_1148,1730672516,33,9,101,0.2727,11.2222,1062117,1109737,10000,120,24,120,4,0.0333,294.97,85.84,73.86,0.5299,17104.18,0,0,0,0,0.1328,0
AUC_1038,1214251240,61,18,500,0.2951,27.7778,610696,729133,5000,60,12,112,13,0.1161,393.69,24.92,18.51,0.5258,12965.39,0,0,0,1,0.1754,0
AUC_1281,1596468271,122,0,2402,0.0,2402.0,1921070,2258878,20000,90,20,78,37,0.4744,36.84,3.8,1.39,0.8937,25438.0,1,1,1,0,0.99,1
AUC_1015,1916291612,66,15,571,0.2273,38.0667,590659,651706,1000,30,16,173,10,0.0578,357.31,18.02,2.28,0.5557,1477.55,0,0,1,0,0.0854,0
AUC_1398,1873944567,25,6,101,0.24,16.8333,1783693,1916811,5000,240,13,82,4,0.0488,370.21,192.32,121.75,0.3735,14459.36,0,0,0,0,0.1129,0
AUC_1046,1082390921,35,5,338,0.1429,67.6,424999,451895,20000,120,19,160,8,0.05,927.7,3.56,77.06,0.4871,54190.52,0,1,0,0,0.2054,0
AUC_1225,2574915440,62,2,179,0.0323,89.5,556079,590235,5000,30,15,126,9,0.0714,321.21,20.68,1.44,0.6332,12974.26,0,0,1,1,0.3435,0
AUC_1355,1564982699,101,3,1598,0.0297,532.6667,1528301,1810006,20000,180,23,399,42,0.1053,39.94,12.17,3.03,0.7643,28957.51,1,1,1,0,0.9705,1
AUC_1318,2453331305,139,2,3647,0.0144,1823.5,822800,882835,1000,180,24,76,31,0.4079,118.94,42.59,16.05,0.8767,1475.52,0,0,1,0,0.8083,1
AUC_1025,2130286631,81,0,2053,0.0,2053.0,970597,1080587,1000,180,22,300,26,0.0867,10.57,32.91,19.65,0.9258,1964.52,1,0,1,0,0.9416,1
AUC_1207,1780471362,7,3,59,0.4286,19.6667,1336836,1394950,20000,180,14,215,10,0.0465,50.49,127.62,19.68,0.2861,42336.51,0,0,1,0,0.1614,0
AUC_1204,1741158058,31,14,138,0.4516,9.8571,643586,788196,1000,30,24,336,11,0.0327,331.99,13.7,6.98,0.2044,1816.15,0,0,0,0,0.01,0
AUC_1121,2196072585,8,1,43,0.125,43.0,377025,426620,20000,120,11,175,4,0.0229,486.61,83.11,23.29,0.5027,60141.1,0,0,0,1,0.1359,0
AUC_1011,1829263764,32,2,917,0.0625,458.5,270971,295665,5000,120,21,248,19,0.0766,89.7,29.24,9.36,0.6758,8401.14,0,0,1,0,0.7417,1
AUC_1363,2371028394,50,11,444,0.22,40.3636,1666449,2134259,5000,90,6,43,15,0.3488,496.54,16.61,14.08,0.3727,10822.66,0,0,0,1,0.3268,0
AUC_1374,1458576831,85,2,2102,0.0235,1051.0,635560,718770,20000,60,19,232,18,0.0776,47.12,16.24,1.57,0.9894,27260.63,1,0,1,0,0.7479,1
AUC_1000,1538444007,65,19,499,0.2923,26.2632,510494,560604,5000,180,17,92,3,0.0326,99.19,87.96,1.67,0.502,7247.01,0,0,1,0,0.2334,0
AUC_1215,1181867165,143,6,4509,0.042,751.5,440479,551420,20000,60,15,226,31,0.1372,32.34,15.35,1.87,0.7321,35413.55,1,0,1,0,0.99,1
AUC_1075,1783002448,67,8,294,0.1194,36.75,1726273,1963234,5000,60,4,50,10,0.2,447.33,48.09,0.98,0.3088,6091.1,0,0,1,1,0.1785,0
AUC_1338,1075684096,47,0,1111,0.0,1111.0,1658507,1880754,5000,120,21,306,31,0.1013,44.44,0.44,8.45,0.664,8212.88,1,1,1,0,0.8344,1
AUC_1303,1365146648,27,8,355,0.2963,44.375,946782,1040801,1000,120,21,177,7,0.0395,133.19,48.15,26.25,0.5015,3324.01,0,0,0,0,0.1171,0
AUC_1344,2696670997,15,4,164,0.2667,41.0,586437,719328,10000,240,6,32,15,0.4688,109.41,0.4,62.98,0.4318,24838.46,0,1,0,1,0.2887,0
AUC_1049,2236981239,113,11,2153,0.0973,195.7273,701844,769282,1000,120,20,177,15,0.0847,25.77,2.87,0.34,0.8439,1607.09,0,1,1,0,0.7395,0
AUC_1262,1129568067,42,6,192,0.1429,32.0,874899,985181,10000,60,21,237,4,0.0169,212.51,45.6,15.33,0.2455,19479.66,0,0,0,0,0.1169,0
AUC_1066,2925516150,62,3,456,0.0484,152.0,409687,499250,5000,240,22,179,10,0.0559,118.19,142.96,18.26,0.602,5012.37,0,0,1,0,0.348,0
AUC_1004,2770843551,38,3,301,0.0789,100.3333,427844,528235,10000,180,3,17,4,0.2353,447.38,40.26,62.65,0.1394,42919.61,0,0,0,0,0.2397,0
AUC_1011,1095127952,35,6,170,0.1714,28.3333,1663325,1831217,1000,180,22,353,16,0.0453,365.78,40.49,70.33,0.4884,3056.2,0,0,0,0,0.3066,1
AUC_1386,1858417413,39,3,841,0.0769,280.3333,1662972,2044894,5000,60,6,26,22,0.8462,37.78,15.77,1.67,0.8906,5002.0,1,0,1,0,0.8941,0
AUC_1252,1786282482,23,0,781,0.0,781.0,1252939,1446079,5000,60,18,151,30,0.1987,37.13,4.64,2.09,0.8795,8392.06,1,1,1,0,0.99,1
AUC_1228,1546145549,99,37,538,0.3737,14.5405,1320660,1441331,2000,180,9,69,10,0.1449,147.5,7.56,6.52,0.3671,3329.26,0,1,1,1,0.1572,0
AUC_1220,2594908078,17,1,333,0.0588,333.0,492939,580540,1000,240,4,55,30,0.5455,33.88,35.67,9.27,0.73,1272.36,1,0,1,1,0.99,1
AUC_1332,2860272704,114,10,1347,0.0877,134.7,1012361,1121162,5000,120,10,39,29,0.7436,85.27,23.52,5.11,0.7566,7748.08,0,0,1,0,0.8473,1
AUC_1048,2388896194,32,1,74,0.0312,74.0,853585,930251,5000,60,10,41,1,0.0244,1122.33,11.46,21.28,0.2944,13250.18,0,0,0,0,0.2556,0
AUC_1121,2660814477,22,5,132,0.2273,26.4,682543,780102,1000,120,14,234,6,0.0256,702.72,74.25,25.12,0.4084,1503.17,0,0,0,1,0.2335,0
AUC_1018,1684799704,78,18,724,0.2308,40.2222,294839,319781,1000,240,6,52,14,0.2692,304.24,114.36,60.98,0.2846,1888.46,0,0,0,1,0.3006,1
AUC_1376,2265724933,38,4,277,0.1053,69.25,1213490,1283032,1000,180,24,50,6,0.12,300.24,27.74,65.38,0.281,4085.07,0,0,0,0,0.2935,0
AUC_1158,2202579543,62,0,852,0.0,852.0,1835516,2101081,1000,120,18,196,27,0.1378,18.0,2.25,9.62,0.8566,1880.34,1,1,1,0,0.99,1
AUC_1077,2689483912,84,26,1128,0.3095,43.3846,1600173,1834478,10000,30,19,86,8,0.093,473.9,5.06,5.5,0.5927,31048.34,0,0,0,0,0.1039,1
AUC_1279,1358583783,154,2,3514,0.013,1757.0,742841,851260,2000,30,14,116,41,0.3534,97.01,10.24,2.23,0.8001,3351.66,0,0,1,0,0.8242,1
AUC_1195,2065173764,37,9,94,0.2432,10.4444,545479,600634,2000,30,14,167,2,0.012,276.56,18.49,7.65,0.2522,4437.41,0,0,0,1,0.0654,0
AUC_1080,2198650015,9,1,39,0.1111,39.0,1429904,1529994,5000,60,4,52,10,0.1923,317.61,37.64,4.45,0.508,10454.32,0,0,1,0,0.1614,0
AUC_1031,1439335774,119,53,414,0.4454,7.8113,575069,608027,2000,120,22,270,17,0.063,399.69,2.12,5.37,0.4088,6546.1,0,1,1,0,0.2217,1
AUC_1073,2783447687,7,2,58,0.2857,29.0,921877,974445,10000,120,22,219,3,0.0137,1088.96,17.22,51.47,0.3692,13101.66,0,0,0,0,0.0517,0
AUC_1011,1606441359,75,0,1379,0.0,1379.0,846184,1128883,1000,90,7,27,14,0.5185,39.07,9.09,2.67,0.9173,1132.9,0,1,1,0,0.9253,1
AUC_1276,2790423182,26,0,120,0.0,120.0,1203976,1466994,5000,120,13,223,4,0.0179,62.45,95.23,2.3,0.3232,5038.17,0,0,1,1,0.2891,0
AUC_1003,2854284433,81,14,371,0.1728,26.5,1197272,1328954,10000,180,9,117,4,0.0342,412.88,135.44,18.16,0.211,18941.11,0,0,1,0,0.1367,0
AUC_1269,2565822292,77,17,993,0.2208,58.4118,1567740,1630561,20000,180,22,329,17,0.0517,424.93,32.94,63.3,0.2507,55184.3,0,0,0,0,0.2846,1
AUC_1333,2833718587,30,2,70,0.0667,35.0,1133868,1395791,10000,60,18,236,2,0.0085,739.22,33.6,17.33,0.1991,28116.36,0,0,0,1,0.1253,0
AUC_1331,2829357425,106,40,1089,0.3774,27.225,603091,705995,10000,120,21,113,11,0.0973,406.17,75.72,14.38,0.3222,21822.43,0,0,1,1,0.1894,0
AUC_1217,1729080272,75,14,273,0.1867,19.5,1981063,2202864,5000,120,22,361,6,0.0166,156.39,2.86,7.33,0.3525,15032.32,0,1,1,0,0.1486,0
AUC_1058,1686207277,49,6,347,0.1224,57.8333,1301772,1419414,2000,120,15,111,6,0.0541,50.63,87.82,1.1,0.2917,2238.1,0,0,1,0,0.2897,0
AUC_1238,2730092861,11,0,31,0.0,31.0,1999897,2076568,2000,120,11,114,2,0.0175,269.98,11.81,28.19,0.1773,6609.99,0,1,0,1,0.2086,0
AUC_1300,1944086785,113,22,1392,0.1947,63.2727,1247162,1461737,5000,180,24,122,17,0.1393,159.56,44.96,34.39,0.4607,14491.89,0,0,0,0,0.2188,0
AUC_1166,2746347003,49,2,1398,0.0408,699.0,1401099,1491667,2000,90,12,92,25,0.2717,33.52,15.24,6.54,0.7385,2435.79,1,0,1,1,0.8578,0
AUC_1362,2921549494,4,1,35,0.25,35.0,1654642,2089969,20000,240,7,81,9,0.1111,1182.73,58.83,162.87,0.2753,49443.79,0,0,0,0,0.1092,0
AUC_1342,1291290446,35,1,208,0.0286,208.0,1722795,2058043,5000,120,3,43,4,0.093,553.92,101.37,76.1,0.3805,15394.73,0,0,0,0,0.2825,0
AUC_1353,1554564073,23,9,93,0.3913,10.3333,1636757,1910916,1000,120,14,170,5,0.0294,395.42,84.39,8.11,0.3072,1406.45,0,0,1,1,0.1048,0
AUC_1218,2236287300,74,2,1280,0.027,640.0,1965026,2348816,2000,180,10,91,22,0.2418,39.0,11.92,13.21,0.855,4230.22,1,1,1,0,0.9349,1
AUC_1056,2221790766,15,4,42,0.2667,10.5,738152,844553,5000,30,6,34,8,0.2353,1132.06,20.96,17.85,0.498,17550.57,0,0,0,0,0.1362,0
AUC_1354,2212517061,2,1,17,0.5,17.0,1048757,1100415,1000,180,18,62,8,0.129,438.91,35.55,54.82,0.4616,4266.45,0,0,0,0,0.01,0
AUC_1274,1850669937,28,3,108,0.1071,36.0,50159,52947,5000,120,22,333,8,0.024,433.17,57.46,25.92,0.5126,17890.81,0,0,0,0,0.2252,0
AUC_1240,2915506717,43,15,249,0.3488,16.6,130811,161882,10000,30,7,96,6,0.0625,117.17,11.02,10.48,0.4573,32680.0,0,0,0,1,0.0698,0
AUC_1216,2696444070,97,23,1100,0.2371,47.8261,1701220,1774949,5000,120,11,126,6,0.0476,218.42,74.63,25.22,0.3947,10721.25,0,0,0,0,0.1039,0
AUC_1015,1855750361,10,1,129,0.1,129.0,1220694,1304219,1000,90,10,36,21,0.5833,6.83,18.42,4.21,0.7817,1102.41,1,0,1,0,0.99,1
AUC_1279,2503928250,39,7,494,0.1795,70.5714,729447,842490,10000,240,22,326,17,0.0521,234.96,118.92,46.29,0.3203,15495.13,0,0,0,0,0.1884,0
AUC_1390,2480696384,9,3,25,0.3333,8.3333,1548339,1796273,10000,120,9,115,1,0.0087,774.64,29.7,31.67,0.1685,41682.02,0,0,0,0,0.1462,1
AUC_1311,2315809698,11,0,74,0.0,74.0,933194,1062578,5000,120,12,205,8,0.039,806.83,39.59,62.49,0.217,11695.67,0,0,0,1,0.2882,0
AUC_1004,2387501519,22,5,121,0.2273,24.2,1351893,1548985,2000,120,7,90,3,0.0333,299.01,45.45,31.81,0.1225,7968.09,0,0,0,1,0.0944,0
AUC_1186,2848126655,43,6,401,0.1395,66.8333,763987,843754,10000,30,8,118,16,0.1356,233.89,18.58,11.62,0.3768,31355.55,0,0,0,1,0.17,0
AUC_1341,1584934947,52,26,381,0.5,14.6538,1707153,2125840,5000,180,10,174,6,0.0345,148.32,106.5,28.99,0.1502,14013.83,0,0,0,0,0.1544,0
AUC_1098,1690133413,20,3,126,0.15,42.0,851849,1097042,20000,180,3,16,9,0.5625,162.04,5.51,44.35,0.49,42643.6,0,1,0,1,0.3392,0
AUC_1108,2666974436,15,0,236,0.0,236.0,360001,385067,2000,120,17,228,25,0.1096,34.93,7.45,0.85,0.5776,4257.88,1,1,1,0,0.8197,1
AUC_1289,1064736448,17,1,204,0.0588,204.0,1595541,1799753,1000,30,24,286,15,0.0524,5.35,3.94,2.65,0.5708,1229.34,0,0,1,0,0.7536,1
AUC_1111,1285367545,38,1,429,0.0263,429.0,1418335,1704524,1000,120,19,148,11,0.0743,32.32,21.02,11.43,0.567,1318.39,0,0,1,0,0.7194,1
AUC_1087,2765069680,89,3,2221,0.0337,740.3333,1838380,2254290,1000,30,11,51,34,0.6667,104.51,7.36,4.36,0.8467,1757.67,0,0,0,0,0.99,1
AUC_1077,2016372580,41,4,567,0.0976,141.75,1753924,2287279,5000,240,21,43,17,0.3953,86.1,13.6,25.33,0.9073,8385.76,0,1,1,0,0.8767,1
AUC_1082,1137004405,66,0,445,0.0,445.0,204692,249330,1000,90,16,115,25,0.2174,16.67,18.29,0.65,0.6322,1457.73,1,0,1,1,0.74,1
AUC_1247,2719887990,83,1,2161,0.012,2161.0,1947883,2371253,5000,60,7,116,34,0.2931,42.66,5.2,2.86,0.7004,6026.66,1,1,1,0,0.9877,1
AUC_1019,1853232141,92,0,1479,0.0,1479.0,1788446,2172011,5000,180,8,31,19,0.6129,45.79,17.08,21.52,0.9531,8786.93,1,1,1,0,0.9819,0
AUC_1355,2800360832,120,5,1135,0.0417,227.0,651160,858467,10000,240,6,50,20,0.4,16.36,0.5,12.49,0.6352,17483.84,1,1,1,1,0.9273,1
AUC_1167,1046308417,47,2,713,0.0426,356.5,1388306,1598109,2000,90,20,130,30,0.2308,35.31,19.91,4.14,0.7875,2566.61,1,0,1,0,0.7848,1
AUC_1344,1005481741,44,3,201,0.0682,67.0,1162186,1207531,10000,120,13,160,6,0.0375,363.59,72.2,10.8,0.5818,21976.91,0,0,1,0,0.2419,0
AUC_1384,2544094162,73,0,341,0.0,341.0,1769890,2190531,1000,180,22,345,9,0.0261,271.35,90.53,24.06,0.1921,2745.27,0,0,0,1,0.2673,0
AUC_1294,2004852265,80,22,573,0.275,26.0455,835833,880137,20000,120,7,125,10,0.08,55.3,63.31,9.92,0.3761,48877.17,0,0,1,0,0.3116,0
AUC_1288,2092992318,19,5,180,0.2632,36.0,1059869,1268373,1000,60,13,200,8,0.04,785.6,28.4,22.72,0.293,2984.99,0,0,0,0,0.1631,0
AUC_1092,2046790649,57,0,354,0.0,354.0,211081,216377,5000,240,9,161,2,0.0124,392.92,180.95,17.63,0.6371,7219.0,0,0,1,1,0.3869,1
AUC_1117,1622182487,36,9,311,0.25,34.5556,1926161,2495170,1000,30,18,55,14,0.2545,386.96,16.53,6.82,0.6418,2126.2,0,0,0,0,0.2893,0
AUC_1319,2633910817,72,13,583,0.1806,44.8462,1775575,1945065,5000,120,6,106,12,0.1132,358.09,59.16,3.07,0.2933,13915.45,0,0,1,0,0.1738,0
AUC_1291,2445995778,14,3,38,0.2143,12.6667,248237,293460,20000,60,4,69,2,0.029,283.87,25.81,4.79,0.3979,58339.91,0,0,1,0,0.1217,0
AUC_1172,2493659643,115,33,548,0.287,16.6061,424743,528132,1000,120,8,20,6,0.3,250.23,2.43,14.24,0.2152,3197.96,0,1,1,0,0.0936,0
AUC_1103,1511705539,139,12,3016,0.0863,251.3333,1602734,1658065,1000,30,5,54,17,0.3148,9.84,2.7,2.82,0.8151,1312.78,0,1,1,0,0.8771,1
AUC_1182,1922449283,75,19,889,0.2533,46.7895,1764858,2008214,10000,240,21,92,9,0.0978,310.57,135.47,39.38,0.3672,25463.18,0,0,0,1,0.1409,0
AUC_1188,2651764468,84,3,2518,0.0357,839.3333,1707289,1771498,5000,120,11,135,21,0.1556,88.16,19.12,16.03,0.9431,5678.91,0,0,0,0,0.6944,1
AUC_1165,1791405135,36,3,295,0.0833,98.3333,831163,1091254,2000,120,10,69,22,0.3188,26.93,27.47,8.87,0.6936,3381.36,1,0,1,0,0.809,0
AUC_1292,2068743646,29,2,68,0.069,34.0,85903,96618,20000,90,19,89,2,0.0225,196.72,16.13,24.85,0.3111,41725.1,0,0,0,0,0.1136,0
AUC_1235,2677796033,38,7,353,0.1842,50.4286,1290579,1362085,1000,60,24,175,2,0.0114,1015.66,36.04,29.37,0.1702,2779.04,0,0,0,1,0.0961,0
AUC_1312,1947185812,93,23,1127,0.2473,49.0,1710302,2114972,1000,240,19,75,14,0.1867,473.78,2.47,52.48,0.4119,2640.14,0,1,0,0,0.1991,0
AUC_1195,1870045289,86,34,1102,0.3953,32.4118,1486803,1842219,20000,180,24,273,16,0.0586,122.14,66.79,16.27,0.3254,30935.49,0,0,1,0,0.0129,0
AUC_1393,1043884936,42,1,359,0.0238,359.0,759132,784544,5000,120,6,102,4,0.0392,930.29,15.51,48.25,0.258,7547.31,0,0,0,0,0.3436,0
AUC_1228,1861510611,74,0,1675,0.0,1675.0,900525,1029944,2000,60,23,358,32,0.0894,78.43,19.12,6.12,0.8254,2080.39,0,0,1,0,0.7341,0
AUC_1236,2887707926,29,4,142,0.1379,35.5,1476912,1608773,2000,60,19,270,8,0.0296,1123.48,19.75,11.18,0.1086,7857.27,0,0,0,0,0.1148,0
AUC_1103,1605275156,63,17,864,0.2698,50.8235,1327507,1461323,2000,120,22,295,15,0.0508,260.47,52.89,27.16,0.3561,4178.22,0,0,0,1,0.1172,0
AUC_1207,2358776812,123,1,1381,0.0081,1381.0,1306425,1481944,20000,60,24,222,18,0.0811,24.4,19.77,9.41,0.8118,33839.4,1,0,0,0,0.7443,1
AUC_1182,2058129483,111,50,1499,0.4505,29.98,63780,66250,10000,180,24,160,15,0.0938,191.97,69.74,33.27,0.274,12914.58,0,0,0,0,0.0687,0
AUC_1191,1719830764,63,12,483,0.1905,40.25,541830,663571,2000,60,23,377,6,0.0159,76.89,42.41,7.98,0.1678,4634.87,0,0,0,0,0.158,0
AUC_1219,2869471638,1,0,5,0.0,5.0,1971575,2163019,20000,180,24,320,6,0.0187,1089.56,114.01,34.57,0.5031,76399.34,0,0,0,0,0.1227,0
AUC_1238,2504725459,26,3,185,0.1154,61.6667,1907561,2039783,20000,180,4,52,6,0.1154,826.49,94.74,59.88,0.5176,79760.91,0,0,0,0,0.01,0
AUC_1099,1977061023,4,1,34,0.25,34.0,1198836,1297867,1000,90,16,202,4,0.0198,572.72,12.87,57.03,0.3507,1963.56,0,0,0,0,0.0754,0
AUC_1285,2511446164,37,9,398,0.2432,44.2222,875963,1027831,2000,30,16,154,15,0.0974,431.45,9.44,6.46,0.3388,4865.21,0,0,0,0,0.1022,0
AUC_1336,1245752503,17,2,110,0.1176,55.0,1345308,1520896,20000,90,13,200,17,0.085,350.18,40.25,5.92,0.6223,29059.16,0,0,1,1,0.2375,0
AUC_1073,2989688231,100,18,802,0.18,44.5556,1210714,1512256,10000,30,13,43,6,0.1395,161.85,16.93,11.16,0.3888,11265.56,0,0,0,0,0.139,0
AUC_1238,2936519766,57,23,233,0.4035,10.1304,1865419,2038437,5000,120,10,95,6,0.0632,159.47,63.75,44.83,0.2429,10625.73,0,0,0,0,0.1071,0
AUC_1398,2329446338,30,1,269,0.0333,269.0,53969,57909,5000,90,6,65,27,0.4154,35.68,18.06,2.66,0.9709,6724.09,1,0,1,0,0.99,1
AUC_1147,1311436459,23,1,278,0.0435,278.0,801393,930831,1000,30,14,122,21,0.1721,17.62,1.27,1.27,0.8894,1507.08,1,1,1,0,0.7681,1
AUC_1301,1470643691,72,6,1636,0.0833,272.6667,1187888,1320944,5000,60,19,232,19,0.0819,32.7,10.84,3.07,0.5744,6726.99,1,0,1,0,0.697,1
AUC_1315,2358997078,123,5,1168,0.0407,233.6,1651956,1879162,10000,120,17,109,34,0.3119,65.51,3.4,14.36,0.6697,15941.42,1,1,1,0,0.7999,1
AUC_1385,1814367494,12,3,68,0.25,22.6667,1775089,2201142,20000,120,16,179,4,0.0223,904.99,80.05,83.63,0.3725,44320.5,0,0,0,1,0.252,0
AUC_1148,2265066085,23,7,168,0.3043,24.0,1729108,2160335,1000,240,4,20,1,0.05,134.72,65.84,109.18,0.1667,1503.93,0,0,0,1,0.0761,0
AUC_1218,1760366575,69,0,474,0.0,474.0,930147,1074518,5000,180,5,85,3,0.0353,319.0,136.68,10.21,0.2233,11323.96,0,0,1,0,0.2252,0
AUC_1172,1853452737,62,0,1543,0.0,1543.0,204226,228897,5000,240,18,189,22,0.1164,21.29,4.79,5.06,0.855,7177.38,1,1,1,0,0.838,1
AUC_1219,1277357663,55,20,155,0.3636,7.75,1391293,1736636,2000,60,8,90,6,0.0667,176.31,23.05,8.28,0.5362,3325.41,0,0,0,1,0.0239,0
AUC_1278,2898520320,49,14,207,0.2857,14.7857,1065197,1314512,20000,60,16,95,9,0.0947,444.32,21.01,6.63,0.489,38297.72,0,0,1,0,0.28,0
AUC_1307,1041303593,22,9,276,0.4091,30.6667,1471768,1754002,1000,120,20,55,9,0.1636,297.72,6.18,28.2,0.6086,1990.78,0,1,0,0,0.15,0
AUC_1038,1351319460,76,23,170,0.3026,7.3913,449749,467504,10000,90,15,123,6,0.0488,219.06,85.26,0.17,0.6423,12982.82,0,0,1,1,0.1635,0
AUC_1179,1451261549,82,26,343,0.3171,13.1923,775571,950054,1000,120,13,169,13,0.0769,304.06,64.42,31.19,0.553,2496.41,0,0,0,0,0.2019,0
AUC_1149,2464949696,106,41,1292,0.3868,31.5122,1693906,1927848,1000,120,17,208,8,0.0385,82.51,31.03,25.73,0.4175,1956.96,0,0,0,1,0.2629,1
AUC_1332,1866518570,76,24,457,0.3158,19.0417,1395801,1784606,20000,120,3,17,10,0.5882,100.78,50.88,11.2,0.2852,34325.59,0,0,1,1,0.4019,0
AUC_1318,1278730381,39,13,346,0.3333,26.6154,305493,369279,10000,30,10,82,5,0.061,224.72,4.57,17.66,0.4049,30048.65,0,0,0,0,0.1373,0
AUC_1013,2780265675,74,2,1904,0.027,952.0,1774854,2074323,2000,60,14,203,33,0.1626,50.79,1.02,1.3,0.9637,3780.28,1,1,1,0,0.9657,1
AUC_1172,2766549748,43,10,243,0.2326,24.3,460226,557721,10000,90,8,130,2,0.0154,741.64,12.35,36.85,0.3491,30819.47,0,0,0,0,0.1036,0
AUC_1312,1497063454,128,8,3205,0.0625,400.625,625425,651453,2000,30,11,126,25,0.1984,31.42,5.51,0.09,0.8222,3882.95,1,0,1,0,0.8769,1
AUC_1034,2038018126,1,1,7,1.0,7.0,1499141,1554785,20000,90,18,157,1,0.0064,410.3,15.2,25.72,0.2379,60638.83,0,0,0,0,0.0408,0
AUC_1087,2837889302,83,17,690,0.2048,40.5882,146502,155076,10000,120,7,22,5,0.2273,448.78,93.85,6.2,0.6339,10984.42,0,0,1,0,0.265,0
AUC_1140,2497836157,23,4,224,0.1739,56.0,240271,276773,5000,240,9,30,5,0.1667,947.13,141.1,163.46,0.2771,8156.84,0,0,0,0,0.0817,0
AUC_1324,1527838626,44,21,604,0.4773,28.7619,1068725,1358724,5000,60,21,48,11,0.2292,107.97,9.69,8.43,0.564,15943.61,0,0,0,0,0.1686,0
AUC_1284,2860792125,73,3,1975,0.0411,658.3333,1073577,1153005,1000,30,21,233,40,0.1717,99.69,9.93,1.88,0.9505,1105.35,0,0,1,0,0.7587,1
AUC_1229,1689401348,67,3,672,0.0448,224.0,1978930,2290907,10000,90,19,61,33,0.541,112.86,12.67,8.44,0.897,17377.54,0,0,1,0,0.9311,1
AUC_1026,1136728177,34,11,165,0.3235,15.0,1390144,1570698,2000,90,22,353,2,0.0057,595.92,67.31,38.52,0.3285,3313.25,0,0,0,1,0.01,0
AUC_1271,2900961346,76,4,903,0.0526,225.75,257440,325679,20000,90,8,113,25,0.2212,18.17,15.41,4.31,0.8948,22529.73,1,0,1,0,0.9858,1
AUC_1017,1000733109,16,1,118,0.0625,118.0,1597963,1946547,20000,60,6,50,2,0.04,325.07,1.99,21.93,0.4611,46522.13,0,1,0,0,0.2658,0
AUC_1070,2196755903,21,1,119,0.0476,119.0,605889,662300,1000,240,22,371,9,0.0243,127.54,82.31,66.99,0.4685,2313.19,0,0,0,1,0.2989,0
AUC_1318,1625328910,17,5,143,0.2941,28.6,1780961,1866080,2000,240,18,233,8,0.0343,252.3,129.52,52.35,0.1317,8402.23,0,0,0,0,0.0868,0
AUC_1335,2039086646,14,2,29,0.1429,14.5,482941,541126,20000,120,4,60,2,0.0333,455.13,51.34,70.57,0.4328,66605.27,0,0,0,0,0.1678,0
AUC_1390,1903684169,54,2,1118,0.037,559.0,1204678,1312359,5000,60,8,81,36,0.4444,80.39,9.46,6.37,0.911,8303.76,0,0,1,0,0.8159,0
AUC_1227,1009292780,40,17,278,0.425,16.3529,1542409,1715595,1000,60,20,156,10,0.0641,323.55,21.91,7.45,0.3239,1111.48,0,0,0,0,0.1622,0
AUC_1228,1187830041,21,1,198,0.0476,198.0,1511177,1849997,10000,240,10,33,8,0.2424,207.43,178.83,132.21,0.2357,31779.31,0,0,0,0,0.307,1
AUC_1078,1462939899,3,1,6,0.3333,6.0,171169,206464,10000,90,19,237,3,0.0127,734.47,58.31,53.68,0.2538,26311.91,0,0,0,1,0.1407,0
AUC_1188,2008959765,50,1,389,0.02,389.0,405398,493216,10000,120,18,37,23,0.6216,15.22,26.95,5.79,0.6364,21607.25,1,0,1,0,0.99,1
AUC_1281,1371986601,54,7,673,0.1296,96.1429,710354,810775,5000,60,16,49,9,0.1837,244.05,12.07,22.56,0.4321,11215.67,0,0,0,0,0.2573,0
AUC_1047,1534464294,84,26,405,0.3095,15.5769,348254,421569,1000,180,7,27,10,0.3704,389.13,97.87,51.78,0.6179,2846.86,0,0,0,0,0.3429,0
AUC_1222,1063919458,95,9,1625,0.0947,180.5556,410466,487911,20000,240,7,33,20,0.6061,23.75,40.0,17.95,0.8289,29795.72,1,0,1,0,0.99,1
AUC_1361,2514541637,52,5,501,0.0962,100.2,1112016,1416160,10000,90,11,148,26,0.1757,77.88,0.92,0.54,0.8369,10631.06,0,1,1,0,0.7413,1
AUC_1312,2998399986,29,6,289,0.2069,48.1667,689207,806924,10000,30,22,289,1,0.0035,1031.51,6.69,11.46,0.118,26819.59,0,0,0,0,0.0157,0
AUC_1342,2019930783,23,2,99,0.087,49.5,407092,438843,2000,180,20,221,1,0.0045,223.29,64.13,38.22,0.1774,6012.34,0,0,0,0,0.165,0
AUC_1155,2451469976,13,4,100,0.3077,25.0,765295,836418,1000,120,11,181,4,0.0221,793.39,13.39,38.44,0.1908,4199.13,0,1,0,1,0.2981,0
AUC_1107,2464067637,12,1,115,0.0833,115.0,194233,218757,1000,120,23,378,9,0.0238,701.43,93.15,43.61,0.4733,1641.2,0,0,0,1,0.229,0
AUC_1104,2429854252,16,3,56,0.1875,18.6667,207699,244449,20000,60,24,110,7,0.0636,527.38,40.89,23.34,0.4913,35923.4,0,0,0,1,0.0722,0
AUC_1206,2934190690,39,9,126,0.2308,14.0,340477,411861,20000,90,5,40,6,0.15,979.31,5.93,27.47,0.3634,40923.26,0,1,0,1,0.1364,0
AUC_1398,1332505181,60,3,470,0.05,156.6667,1385883,1710185,5000,120,19,74,11,0.1486,380.59,82.15,1.18,0.6845,10126.15,0,0,1,0,0.4927,0
AUC_1307,1684311469,24,12,199,0.5,16.5833,1995548,2397305,1000,120,11,166,8,0.0482,289.48,9.72,46.24,0.4862,2914.67,0,1,0,0,0.0113,0
AUC_1160,1700399580,70,5,1542,0.0714,308.4,304043,384308,20000,180,23,138,34,0.2464,45.13,12.54,20.71,0.6543,31596.59,1,1,1,0,0.99,1
AUC_1039,1856331476,101,20,1151,0.198,57.55,1792194,1979483,2000,180,8,42,7,0.1667,472.56,79.53,42.6,0.4746,6711.86,0,0,0,1,0.1943,0
AUC_1387,2843783274,44,15,230,0.3409,15.3333,108123,130713,1000,120,21,255,12,0.0471,229.19,27.06,22.09,0.5518,2210.43,0,0,0,1,0.01,0
AUC_1009,1651160175,52,2,926,0.0385,463.0,464627,606603,1000,240,4,29,23,0.7931,79.1,14.64,27.84,0.9641,1247.63,0,1,1,0,0.9477,1
AUC_1380,2637806894,39,1,151,0.0256,151.0,1714357,2042454,10000,180,12,68,1,0.0147,380.93,104.24,97.88,0.3733,14923.09,0,0,0,0,0.2301,0
AUC_1002,2592206713,76,1,1172,0.0132,1172.0,677763,749809,2000,60,19,213,28,0.1315,9.88,15.59,5.23,0.7173,3066.55,1,0,1,0,0.8997,1
AUC_1272,2702081831,69,10,433,0.1449,43.3,144202,174893,10000,90,13,37,17,0.4595,256.38,42.53,25.5,0.6443,15629.03,0,0,0,1,0.4044,0
AUC_1034,1749647993,75,1,219,0.0133,219.0,1019246,1278248,2000,120,10,64,10,0.1562,99.85,88.98,1.14,0.3954,4215.92,0,0,1,0,0.4406,1
AUC_1251,1740305146,31,9,140,0.2903,15.5556,1735876,2135593,20000,180,24,362,2,0.0055,357.95,15.79,84.92,0.3198,58596.95,0,1,0,0,0.1689,0
AUC_1349,2969454614,68,28,317,0.4118,11.3214,902318,1081562,5000,180,18,238,11,0.0462,186.38,170.75,8.54,0.3035,14306.72,0,0,1,0,0.0812,0
AUC_1158,2608532211,34,11,297,0.3235,27.0,1828244,2183764,20000,30,12,212,2,0.0094,456.59,13.4,5.59,0.5377,47763.95,0,0,0,0,0.1972,0
AUC_1270,1042376415,22,2,182,0.0909,91.0,743464,886432,20000,180,8,73,12,0.1644,144.7,11.92,65.92,0.5692,58001.75,0,1,0,0,0.4266,1
AUC_1291,2545668755,135,10,1295,0.0741,129.5,388144,463661,5000,60,23,180,27,0.15,10.18,11.03,4.5,0.8207,8708.42,1,0,1,0,0.9339,1
AUC_1128,1993852595,51,3,943,0.0588,314.3333,534353,636741,1000,180,20,298,30,0.1007,32.59,0.86,9.33,0.6125,1953.94,1,1,1,0,0.8627,1
AUC_1034,2370258109,10,2,60,0.2,30.0,1251988,1340949,5000,90,13,104,2,0.0192,729.76,19.3,58.81,0.2196,20780.96,0,0,0,0,0.1243,0
AUC_1287,2072538689,102,10,1948,0.098,194.8,1210831,1546925,5000,120,7,54,34,0.6296,76.88,16.35,1.25,0.69,5824.67,0,0,1,0,0.8294,0
AUC_1335,2280413029,55,24,287,0.4364,11.9583,1441538,1648773,10000,180,17,139,10,0.0719,419.53,52.46,37.06,0.298,11957.54,0,0,0,0,0.0569,0
AUC_1099,2881857931,79,13,219,0.1646,16.8462,1122299,1262835,20000,120,19,233,11,0.0472,92.98,43.22,19.65,0.2983,52787.08,0,0,0,1,0.177,0
AUC_1044,1902129889,63,2,940,0.0317,470.0,1291517,1541425,5000,90,5,56,36,0.6429,42.4,2.21,1.02,0.6921,7323.07,1,1,1,0,0.9779,1
AUC_1382,1146556229,68,1,1395,0.0147,1395.0,235541,295026,10000,120,23,89,30,0.3371,89.21,10.45,21.85,0.704,15014.16,0,1,0,0,0.7171,1
AUC_1328,1378247267,29,6,245,0.2069,40.8333,1927887,2102053,1000,120,21,113,9,0.0796,277.16,89.55,35.77,0.542,2463.58,0,0,0,0,0.2098,0
AUC_1268,2060114960,6,1,49,0.1667,49.0,1345088,1604484,5000,120,3,24,8,0.3333,761.67,73.37,58.84,0.1368,9592.46,0,0,0,0,0.2488,0
AUC_1088,1489468318,73,14,977,0.1918,69.7857,1037938,1226636,5000,240,21,170,6,0.0353,374.56,67.06,32.75,0.633,17056.1,0,0,0,0,0.3124,0
AUC_1172,2725369259,78,27,1003,0.3462,37.1481,570112,587120,20000,240,18,316,13,0.0411,63.12,106.12,80.08,0.266,27983.32,0,0,0,1,0.1763,0
AUC_1282,2563079326,5,0,30,0.0,30.0,1904165,2183485,20000,180,16,251,5,0.0199,173.85,22.94,80.22,0.3591,66579.91,0,0,0,0,0.2306,0
AUC_1001,1449434353,6,0,14,0.0,14.0,1796552,1872279,10000,180,4,37,1,0.027,699.45,131.57,48.09,0.3735,14765.1,0,0,0,0,0.2056,1
AUC_1103,2077131396,54,12,295,0.2222,24.5833,1142398,1396547,5000,240,18,181,3,0.0166,328.7,97.92,11.84,0.326,12631.5,0,0,1,1,0.1864,0
AUC_1028,1400840680,39,7,154,0.1795,22.0,1817581,2254278,10000,90,22,60,2,0.0333,649.54,64.78,54.68,0.2816,22998.9,0,0,0,0,0.2458,1
AUC_1010,1906297204,55,5,843,0.0909,168.6,1253183,1873761,2000,240,6,42,39,0.9286,24.89,42.56,0.61,0.7592,3551.73,1,0,1,0,0.99,1
AUC_1181,1979073975,44,1,400,0.0227,400.0,1729697,2099690,1000,180,22,310,12,0.0387,39.62,14.31,12.1,0.5708,1136.38,0,1,1,0,0.629,0
AUC_1028,2913335156,80,36,887,0.45,24.6389,333466,393491,5000,180,21,232,16,0.069,404.59,19.67,38.64,0.4193,12813.64,0,1,0,1,0.093,0
AUC_1280,1925431643,49,4,1052,0.0816,263.0,828760,1061942,2000,30,10,101,32,0.3168,12.33,4.69,0.2,0.9178,3023.88,1,0,1,0,0.9594,1
AUC_1141,2052751747,11,1,45,0.0909,45.0,1499639,1758449,20000,120,4,18,1,0.0556,1114.28,9.55,81.03,0.3749,24083.69,0,1,0,1,0.2621,0
AUC_1219,2795473340,40,13,412,0.325,31.6923,1511350,1574866,5000,180,10,151,7,0.0464,219.11,47.55,58.96,0.3707,5590.31,0,0,0,0,0.0779,0
AUC_1249,2272666619,55,21,337,0.3818,16.0476,440447,502221,5000,180,11,95,15,0.1579,64.64,10.7,41.69,0.6013,8589.56,0,1,0,0,0.2548,0
AUC_1239,2252481155,9,0,164,0.0,164.0,473915,557451,5000,60,10,25,11,0.44,20.85,15.04,5.77,0.86,8731.62,0,0,1,0,0.8939,1
AUC_1196,1789187621,29,2,247,0.069,123.5,1931397,2146542,20000,240,23,347,8,0.0231,330.86,137.53,0.77,0.5368,20868.0,0,0,1,0,0.381,0
AUC_1235,1003580049,17,0,53,0.0,53.0,1921621,1998144,5000,120,12,200,10,0.05,220.52,73.85,14.44,0.3235,11825.99,0,0,0,1,0.0916,0
AUC_1055,2372356336,29,6,197,0.2069,32.8333,524551,618021,5000,90,13,102,7,0.0686,160.53,43.55,59.08,0.5358,14919.12,0,0,0,0,0.1575,0
AUC_1092,2703948678,68,12,856,0.1765,71.3333,1764796,1939482,10000,30,23,212,17,0.0802,363.68,12.59,10.77,0.5298,22708.89,0,0,0,1,0.3766,1
AUC_1367,2769013027,124,3,2865,0.0242,955.0,731509,928322,5000,90,8,135,44,0.3259,50.04,26.98,7.13,0.7197,6699.18,1,0,1,0,0.8862,1
AUC_1225,2758417893,12,4,115,0.3333,28.75,869593,942452,20000,180,13,217,6,0.0276,727.12,84.56,38.36,0.1568,58949.22,0,0,0,0,0.0272,0
AUC_1241,1905676582,34,16,126,0.4706,7.875,567537,671507,20000,60,22,234,11,0.047,244.7,46.28,9.2,0.3461,30455.89,0,0,0,1,0.1603,1
AUC_1289,2407754722,20,1,339,0.05,339.0,266383,336692,1000,120,21,90,30,0.3333,76.61,4.91,3.99,0.625,1705.99,0,1,1,0,0.769,0
AUC_1010,1233862946,89,41,394,0.4607,9.6098,1321179,1425585,1000,60,3,48,7,0.1458,152.14,20.95,18.01,0.4823,2179.25,0,0,0,1,0.1558,0
AUC_1076,1187596862,72,14,840,0.1944,60.0,938513,1188861,5000,120,13,43,14,0.3256,485.62,20.95,24.96,0.2388,11989.21,0,0,0,0,0.1498,0
AUC_1286,1063494058,6,0,24,0.0,24.0,291540,364990,1000,90,24,196,6,0.0306,537.38,32.15,41.32,0.1026,1459.08,0,0,0,1,0.1706,0
AUC_1386,1201591500,86,2,2489,0.0233,1244.5,1307848,1639349,5000,90,15,86,16,0.186,41.41,3.7,4.54,0.9723,7326.36,0,1,1,0,0.7083,1
AUC_1042,1698450515,95,7,1439,0.0737,205.5714,1056425,1269733,2000,120,17,203,15,0.0739,21.98,19.47,9.82,0.6187,3938.8,0,0,1,0,0.7099,1
AUC_1313,2786891525,111,1,2555,0.009,2555.0,1950302,2223654,2000,240,13,114,28,0.2456,108.36,36.2,9.5,0.8033,2653.99,0,0,1,0,0.7143,1
AUC_1385,1364735310,83,20,272,0.241,13.6,1634919,2121329,10000,60,3,20,17,0.85,117.95,33.49,15.65,0.3139,23882.4,0,0,0,0,0.2623,0
AUC_1294,2239999920,39,6,385,0.1538,64.1667,1200081,1266001,2000,90,12,68,9,0.1324,558.92,65.12,53.02,0.2202,4013.97,0,0,0,0,0.168,0
AUC_1125,1640246254,33,1,304,0.0303,304.0,1961357,2115415,1000,30,24,300,4,0.0133,124.43,0.28,11.37,0.1698,3392.69,0,1,0,0,0.3345,0
AUC_1124,2094828489,27,11,78,0.4074,7.0909,1912870,2157092,1000,120,11,58,10,0.1724,121.02,107.89,10.05,0.1848,2196.37,0,0,1,0,0.0551,0
AUC_1207,2275941996,11,1,126,0.0909,126.0,373860,426496,5000,90,9,115,29,0.2522,35.62,25.35,7.25,0.8902,8303.27,1,0,1,0,0.9286,1
AUC_1108,1001920897,39,1,1358,0.0256,1358.0,347668,437214,1000,90,20,329,15,0.0456,26.14,7.42,16.79,0.9508,1567.83,0,1,0,0,0.6899,0
AUC_1244,2147941254,64,1,1889,0.0156,1889.0,902756,1151334,5000,90,22,154,23,0.1494,35.14,18.84,3.35,0.7929,7006.26,1,0,1,0,0.8964,0
AUC_1330,2876975829,103,13,452,0.1262,34.7692,658278,756593,10000,60,6,57,14,0.2456,481.51,19.62,3.09,0.479,18505.57,0,0,1,1,0.3467,0
AUC_1395,1021821310,44,2,692,0.0455,346.0,1073657,1336715,10000,240,10,176,32,0.1818,104.75,52.83,36.62,0.9178,12850.09,0,0,0,0,0.7486,1
AUC_1290,1373754333,13,1,127,0.0769,127.0,1773907,2163390,5000,120,11,31,7,0.2258,581.28,13.13,80.54,0.3138,11234.78,0,1,0,1,0.295,0
AUC_1151,2107323400,29,4,341,0.1379,85.25,985709,1117307,20000,120,3,30,17,0.5667,115.64,65.72,18.92,0.4972,43540.82,0,0,0,0,0.4386,0
AUC_1149,2078818646,123,3,2790,0.0244,930.0,672863,827276,2000,30,10,68,15,0.2206,27.68,0.63,3.34,0.8203,3334.07,0,1,1,1,0.7212,1
AUC_1270,1463428986,42,21,163,0.5,7.7619,1306847,1520740,2000,120,23,155,9,0.0581,419.39,74.85,38.55,0.4717,4466.71,0,0,0,0,0.0204,0
AUC_1364,2143848818,25,7,118,0.28,16.8571,1621853,1809237,2000,180,19,294,5,0.017,446.89,71.57,54.01,0.3086,8259.73,0,0,0,0,0.0832,0
AUC_1398,1711926076,82,41,820,0.5,20.0,1225913,1423227,10000,120,23,197,6,0.0305,304.95,57.59,17.7,0.5443,20819.18,0,0,0,0,0.01,0
AUC_1072,2009415605,93,3,1984,0.0323,661.3333,853789,1010377,20000,30,23,287,20,0.0697,15.04,2.57,5.29,0.7956,31525.33,1,1,0,0,0.7841,0
AUC_1278,1757299050,128,9,2631,0.0703,292.3333,1330874,1612394,10000,120,20,308,20,0.0649,51.23,22.92,0.07,0.9487,11974.49,1,0,1,1,0.7194,1
AUC_1376,1754032045,15,5,145,0.3333,29.0,77213,90134,5000,180,17,156,9,0.0577,747.45,111.67,67.68,0.3831,17538.66,0,0,0,0,0.1011,0
AUC_1148,1927971390,82,19,654,0.2317,34.4211,1333644,1605258,2000,240,15,211,8,0.0379,320.73,59.27,50.58,0.4723,4799.45,0,0,0,0,0.0874,0
AUC_1270,2512796950,19,6,60,0.3158,10.0,1443526,1804995,5000,240,7,60,8,0.1333,1042.6,159.45,49.66,0.1483,7669.2,0,0,0,0,0.1425,1
AUC_1259,1710698825,71,3,1051,0.0423,350.3333,1505105,1844055,10000,180,17,290,14,0.0483,6.65,36.1,15.53,0.6152,19748.96,0,0,1,0,0.6977,1
AUC_1055,1948505557,14,1,96,0.0714,96.0,408062,499556,1000,180,7,26,4,0.1538,253.15,22.56,29.94,0.1323,3377.57,0,0,0,0,0.1428,0
AUC_1327,1704758080,64,28,561,0.4375,20.0357,1274322,1546052,1000,60,12,201,3,0.0149,370.65,43.7,3.16,0.3554,2339.94,0,0,1,0,0.0843,0
AUC_1270,1635751077,80,2,1338,0.025,669.0,1546976,1680657,5000,180,14,218,35,0.1606,35.17,46.5,6.81,0.8507,5860.98,1,0,1,0,0.99,1
AUC_1330,2285542402,114,32,463,0.2807,14.4688,271140,301144,1000,120,18,203,6,0.0296,476.14,15.37,42.32,0.517,2134.62,0,0,0,0,0.1118,0
AUC_1001,2798067232,105,1,3670,0.0095,3670.0,1420092,1495334,5000,180,21,328,36,0.1098,74.61,38.99,10.18,0.9632,5096.82,0,0,1,0,0.8248,0
AUC_1133,1081065543,64,0,1318,0.0,1318.0,1996425,2176090,2000,120,5,59,13,0.2203,20.63,9.15,9.9,0.7441,3304.17,0,1,1,0,0.7709,0
AUC_1115,1430299761,5,2,12,0.4,6.0,134153,167049,2000,60,23,264,6,0.0227,394.32,21.2,0.38,0.6515,5101.33,0,0,1,0,0.078,0
AUC_1281,1925786203,14,0,84,0.0,84.0,922109,1006109,5000,60,21,239,1,0.0042,534.22,42.67,30.48,0.3764,11513.36,0,0,0,1,0.2486,0
AUC_1073,1213102601,67,5,894,0.0746,178.8,1384391,1749516,5000,90,7,33,27,0.8182,12.45,16.3,4.53,0.8968,10716.04,1,0,1,0,0.99,1
AUC_1160,1734679613,104,21,417,0.2019,19.8571,1573433,1754236,10000,120,3,12,8,0.6667,482.01,72.63,38.4,0.5255,16851.04,0,0,0,1,0.322,0
AUC_1084,1379488801,74,16,236,0.2162,14.75,1970489,2136588,10000,180,22,266,7,0.0263,426.73,128.2,3.41,0.465,20011.62,0,0,1,1,0.1722,0
AUC_1036,2606778551,10,3,83,0.3,27.6667,1107975,1305573,1000,90,22,308,4,0.013,747.26,54.65,58.87,0.4175,3416.87,0,0,0,0,0.0117,0
AUC_1124,1005864101,25,4,232,0.16,58.0,1863948,2288505,2000,240,24,383,8,0.0209,310.12,160.45,77.26,0.5115,7948.18,0,0,0,1,0.2153,1
AUC_1399,2048774822,23,10,278,0.4348,27.8,977281,1008867,2000,90,24,370,7,0.0189,109.58,33.75,3.2,0.4373,6431.84,0,0,1,1,0.0836,0
AUC_1332,2816450653,22,2,120,0.0909,60.0,97361,119577,10000,120,22,50,8,0.16,932.6,76.84,65.28,0.4012,27740.73,0,0,0,0,0.2858,0
AUC_1265,2471739904,114,2,1950,0.0175,975.0,266194,320799,1000,30,10,98,22,0.2245,68.65,3.74,0.98,0.6644,1620.82,1,0,1,0,0.7571,1
AUC_1234,1930304467,4,1,26,0.25,26.0,1649826,1961149,5000,30,22,70,9,0.1286,156.1,9.35,8.41,0.3013,7194.21,0,0,0,1,0.0836,0
AUC_1367,1175606275,16,5,148,0.3125,29.6,1755096,2198053,10000,60,10,139,5,0.036,677.76,37.08,28.13,0.1731,34248.52,0,0,0,0,0.0437,0
AUC_1297,1388385095,16,4,150,0.25,37.5,989077,1218503,5000,240,20,68,9,0.1324,1181.19,107.68,140.01,0.4782,16692.52,0,0,0,0,0.1626,0
AUC_1172,1915738766,15,0,152,0.0,152.0,1329372,1457888,1000,90,24,301,18,0.0598,57.49,21.01,2.2,0.6558,1855.82,1,0,1,0,0.6797,1
AUC_1324,1129860210,111,51,777,0.4595,15.2353,997258,1241781,2000,120,7,112,16,0.1429,309.39,27.65,19.78,0.3853,5637.9,0,0,0,0,0.0255,0
AUC_1165,1024508292,58,1,738,0.0172,738.0,787996,917943,5000,60,17,227,22,0.0969,5.48,5.46,4.19,0.8661,6774.52,1,1,1,0,0.8054,1
AUC_1222,2978591138,55,13,167,0.2364,12.8462,564111,648134,1000,30,10,45,6,0.1333,295.63,10.6,8.05,0.3742,2618.06,0,0,0,0,0.0496,0
AUC_1367,1862352658,111,31,387,0.2793,12.4839,742019,899750,5000,90,23,348,12,0.0345,413.38,2.58,35.73,0.2587,14950.86,0,1,0,0,0.0301,0
AUC_1048,2896350653,128,10,1780,0.0781,178.0,1821555,1953776,5000,90,19,198,29,0.1465,15.79,2.14,7.86,0.7232,9887.11,1,1,1,0,0.876,1
AUC_1104,1000796213,7,1,29,0.1429,29.0,1881278,2179131,1000,60,17,161,3,0.0186,401.97,56.99,2.64,0.5698,2172.92,0,0,1,0,0.0851,0
AUC_1153,1242960884,83,38,339,0.4578,8.9211,893214,992308,10000,30,15,58,16,0.2759,156.68,8.55,9.51,0.5528,21331.54,0,0,0,1,0.2226,1
AUC_1195,1813819097,6,3,42,0.5,14.0,870015,949786,10000,120,22,74,3,0.0405,385.76,74.27,13.75,0.2717,23541.47,0,0,1,1,0.1976,0
AUC_1028,1321437651,102,49,1228,0.4804,25.0612,1492285,1768527,10000,90,23,274,17,0.062,83.21,26.73,34.02,0.5995,12556.61,0,0,0,1,0.2158,0
AUC_1195,1856633344,30,3,339,0.1,113.0,774410,953658,2000,60,4,48,12,0.25,251.66,16.18,17.91,0.5086,6166.36,0,0,0,0,0.3354,1
AUC_1264,2383206593,107,18,730,0.1682,40.5556,1979423,2486243,2000,60,15,247,16,0.0648,200.88,35.62,10.53,0.5367,2567.31,0,0,0,0,0.2798,0
AUC_1321,2419590532,39,19,390,0.4872,20.5263,681186,836058,1000,180,11,142,12,0.0845,336.72,13.8,48.4,0.3275,1000.61,0,1,0,0,0.137,0
AUC_1196,2543859992,142,7,2630,0.0493,375.7143,843476,932166,1000,30,19,225,44,0.1956,51.52,2.54,4.03,0.7189,1716.52,1,1,0,0,0.9611,1
AUC_1094,1806562203,6,0,19,0.0,19.0,384738,423400,2000,120,10,136,1,0.0074,908.96,4.11,24.25,0.1031,3409.43,0,1,0,0,0.1401,0
AUC_1379,2501419057,47,22,305,0.4681,13.8636,1644245,2076091,1000,120,18,247,15,0.0607,352.19,19.9,8.19,0.2263,1763.53,0,0,1,0,0.0205,0
AUC_1238,2499516209,100,10,1189,0.1,118.9,1565578,1956491,1000,120,12,95,34,0.3579,24.65,13.56,11.48,0.8244,1096.92,1,1,1,0,0.99,0
AUC_1183,2154244422,47,20,564,0.4255,28.2,638665,658615,5000,180,20,215,6,0.0279,491.65,71.8,57.88,0.2385,7293.22,0,0,0,1,0.0112,0
AUC_1121,2698392708,7,2,52,0.2857,26.0,513788,617114,2000,120,4,18,6,0.3333,754.82,86.42,47.12,0.1081,2891.77,0,0,0,0,0.3348,0
AUC_1354,1751186985,45,2,1056,0.0444,528.0,1212496,1523113,2000,60,14,149,25,0.1678,19.65,9.15,2.86,0.6583,2070.01,1,0,1,0,0.8155,1
AUC_1335,2437654491,17,1,118,0.0588,118.0,255383,313959,1000,90,6,58,9,0.1552,741.85,12.52,19.68,0.112,1241.0,0,0,0,1,0.1667,0
AUC_1115,1905284588,151,1,1857,0.0066,1857.0,443807,535740,5000,180,18,220,19,0.0864,116.53,54.37,16.16,0.672,6904.24,0,0,1,0,0.5792,1
AUC_1017,1726058265,50,11,370,0.22,33.6364,1470003,1573155,1000,240,21,198,13,0.0657,415.17,57.25,33.71,0.5825,3115.72,0,0,0,0,0.1727,0
AUC_1384,2226937824,114,53,1416,0.4649,26.717,661781,837105,1000,120,17,65,16,0.2462,493.78,24.07,8.34,0.2896,2469.26,0,0,1,0,0.1685,0
AUC_1244,1889070167,15,0,87,0.0,87.0,655750,819645,20000,120,21,311,3,0.0096,1030.84,20.79,67.03,0.4085,74086.66,0,0,0,0,0.2323,0
AUC_1389,1013795094,23,9,83,0.3913,9.2222,1158780,1401753,2000,60,24,419,9,0.0215,377.06,29.86,3.29,0.4312,3157.91,0,0,1,0,0.0487,0
AUC_1160,1082259550,99,22,1248,0.2222,56.7273,1916135,2036212,2000,120,24,372,12,0.0323,362.73,24.91,13.9,0.6302,6616.5,0,0,1,0,0.265,0
AUC_1007,1344786420,28,3,108,0.1071,36.0,1423368,1648665,1000,90,7,49,4,0.0816,912.84,50.62,53.94,0.1574,4035.8,0,0,0,0,0.0933,1
AUC_1381,1499368438,42,3,280,0.0714,93.3333,1842874,2307265,2000,120,22,238,5,0.021,604.01,27.99,43.95,0.2745,4293.32,0,0,0,0,0.2026,0
AUC_1155,2122830066,17,4,206,0.2353,51.5,1690260,1943280,5000,180,11,166,8,0.0482,384.19,70.36,48.43,0.2039,16593.96,0,0,0,0,0.1673,0
AUC_1319,2878938644,116,25,757,0.2155,30.28,664333,691719,2000,240,21,187,16,0.0856,285.05,100.47,14.12,0.58,4911.79,0,0,1,1,0.2768,1
AUC_1274,2950522299,27,11,178,0.4074,16.1818,745519,850350,2000,180,15,137,13,0.0949,253.65,10.66,52.75,0.2962,2984.77,0,1,0,0,0.1643,0
AUC_1193,1252432792,65,2,2213,0.0308,1106.5,1957798,2117143,2000,180,17,197,39,0.198,26.68,31.35,7.71,0.671,2520.81,1,0,1,0,0.9638,1
AUC_1398,1512355646,159,1,2608,0.0063,2608.0,334329,388166,10000,60,14,135,41,0.3037,68.05,12.72,11.55,0.8563,13769.38,1,0,0,0,0.99,1
AUC_1085,2741194292,44,3,555,0.0682,185.0,1639291,1872489,10000,180,3,45,26,0.5778,28.9,37.84,13.08,0.927,19986.29,1,0,1,0,0.99,1
AUC_1255,2378618742,90,8,2051,0.0889,256.375,1001937,1238038,10000,90,17,87,18,0.2069,16.51,2.78,1.09,0.8317,11964.83,1,1,1,0,0.8382,0
AUC_1347,1839540448,68,5,1067,0.0735,213.4,1097006,1352639,2000,60,23,267,37,0.1386,65.79,5.09,0.8,0.7059,3543.18,1,1,1,0,0.8042,1
AUC_1116,2242940593,15,2,137,0.1333,68.5,1483043,1794858,5000,90,4,24,8,0.3333,276.78,19.83,6.82,0.4485,14410.21,0,0,1,0,0.3024,1
AUC_1288,1343626755,88,26,466,0.2955,17.9231,1384998,1445776,20000,60,10,128,11,0.0859,430.45,22.75,2.6,0.4949,20413.26,0,0,1,1,0.0713,0
AUC_1115,1138131429,22,4,188,0.1818,47.0,1182297,1362653,20000,120,23,139,9,0.0647,1113.89,44.96,83.64,0.289,64125.21,0,0,0,0,0.0597,0
AUC_1342,2214699098,10,3,34,0.3,11.3333,1657695,1891252,2000,30,17,42,5,0.119,89.87,15.4,4.49,0.6893,3975.39,0,0,0,0,0.2545,0
AUC_1385,1331278591,118,44,1082,0.3729,24.5909,126215,151176,20000,180,10,106,17,0.1604,255.26,66.79,39.65,0.2172,50760.74,0,0,0,1,0.1298,0
AUC_1293,2137777013,40,12,258,0.3,21.5,1854717,2406968,20000,90,5,16,6,0.375,1011.41,75.51,41.07,0.2251,50305.35,0,0,0,0,0.1435,0
AUC_1342,2894880486,4,0,22,0.0,22.0,1527482,1824658,5000,60,24,220,1,0.0045,545.5,13.53,14.55,0.4122,16649.08,0,0,0,0,0.138,0
AUC_1171,2140202364,72,13,806,0.1806,62.0,1736695,2032832,1000,60,19,106,17,0.1604,378.96,17.01,15.56,0.3533,1752.9,0,0,0,0,0.2393,0
AUC_1268,2550269222,27,8,249,0.2963,31.125,1770915,1936002,1000,60,6,20,8,0.4,243.7,50.85,23.04,0.2567,3543.69,0,0,0,0,0.2922,0
AUC_1263,1511825943,126,1,1825,0.0079,1825.0,1165273,1499781,2000,240,10,128,27,0.2109,119.69,24.58,17.17,0.9796,3137.81,0,1,1,0,0.8674,1
AUC_1325,2581045276,17,6,135,0.3529,22.5,486374,539682,1000,180,14,48,3,0.0625,349.1,110.64,23.77,0.4938,2708.03,0,0,0,1,0.1871,0
AUC_1056,1653175269,79,14,817,0.1772,58.3571,1244497,1421106,20000,60,18,97,14,0.1443,375.66,36.79,13.23,0.443,43051.68,0,0,0,0,0.2302,0
AUC_1368,1059976300,42,5,296,0.119,59.2,60547,69769,2000,120,16,233,15,0.0644,269.03,61.88,18.81,0.6224,4669.64,0,0,0,1,0.2006,0
AUC_1368,2193039480,82,18,369,0.2195,20.5,1293336,1464418,1000,60,4,47,9,0.1915,137.59,38.88,2.99,0.4442,1697.02,0,0,1,0,0.1163,0
AUC_1002,1927208859,13,4,66,0.3077,16.5,95704,116346,10000,120,4,34,1,0.0294,999.35,92.21,19.03,0.5202,38723.02,0,0,0,1,0.01,0
AUC_1111,2204125225,35,2,181,0.0571,90.5,1284848,1432648,1000,240,11,54,6,0.1111,699.82,185.8,147.75,0.1574,1507.0,0,0,0,0,0.2204,0
AUC_1255,2889223629,31,4,175,0.129,43.75,1450965,1723020,5000,180,10,40,7,0.175,329.45,139.03,15.96,0.6532,9891.97,0,0,1,0,0.3072,0
AUC_1089,2528753629,18,1,240,0.0556,240.0,890592,992111,1000,120,18,91,14,0.1538,10.11,10.41,3.72,0.7588,1796.45,0,1,1,0,0.7979,0
AUC_1348,2548983379,18,0,56,0.0,56.0,1358396,1471395,20000,120,20,198,6,0.0303,1094.43,89.32,70.89,0.5245,30500.65,0,0,0,0,0.2916,0
AUC_1262,1345089374,34,1,294,0.0294,294.0,1202007,1501528,5000,120,19,179,31,0.1732,22.46,35.61,5.55,0.5797,10864.21,1,0,1,0,0.8008,1
AUC_1127,1444515378,5,0,25,0.0,25.0,873513,1012669,2000,120,5,69,4,0.058,94.95,67.04,18.93,0.2609,2312.97,0,0,0,1,0.1478,0
AUC_1023,2211496797,57,2,1589,0.0351,794.5,1567518,2046935,2000,180,10,105,32,0.3048,12.65,1.33,3.85,0.9749,3430.15,1,1,1,0,0.9895,1
AUC_1180,2468756850,7,3,30,0.4286,10.0,1033762,1246062,10000,60,18,55,11,0.2,55.04,24.46,3.21,0.1798,21932.61,0,0,1,0,0.2064,0
AUC_1300,1476108449,47,10,147,0.2128,14.7,626209,659986,20000,30,7,19,2,0.1053,155.23,20.87,3.76,0.2405,25946.9,0,0,0,0,0.0586,0
AUC_1104,2914383775,27,0,86,0.0,86.0,1390824,1651606,10000,60,12,138,2,0.0145,858.4,1.0,33.28,0.3192,38835.01,0,1,0,1,0.2872,0
AUC_1229,1462081927,23,6,61,0.2609,10.1667,570140,611427,10000,60,11,60,5,0.0833,512.39,25.57,10.43,0.2568,17912.93,0,0,0,0,0.0243,0
AUC_1053,2045610524,18,6,119,0.3333,19.8333,409500,453546,1000,30,13,78,2,0.0256,691.79,10.08,9.82,0.3747,4299.06,0,0,0,0,0.01,0
AUC_1179,1202886223,152,6,4966,0.0395,827.6667,954445,1167081,2000,90,14,163,35,0.2147,60.7,26.05,1.76,0.8964,2540.71,1,0,1,0,0.7983,1
AUC_1340,2370490993,69,1,616,0.0145,616.0,1342401,1530222,20000,120,17,118,26,0.2203,39.17,10.12,10.34,0.8823,21017.08,1,1,1,0,0.8415,0
AUC_1067,2779175105,66,9,507,0.1364,56.3333,913517,1040266,5000,90,16,163,10,0.0613,258.0,74.05,3.69,0.4196,8582.89,0,0,1,1,0.1252,0
AUC_1283,1010459876,13,4,28,0.3077,7.0,985026,1158544,2000,90,17,99,3,0.0303,987.2,32.68,25.06,0.5475,8713.37,0,0,0,1,0.1172,0
AUC_1201,2651467206,80,9,276,0.1125,30.6667,999014,1232110,5000,90,7,87,9,0.1034,275.08,82.53,3.17,0.5029,13172.59,0,0,1,0,0.1913,0
AUC_1043,1052252954,27,6,201,0.2222,33.5,1335806,1459189,5000,90,4,33,2,0.0606,471.76,55.21,17.2,0.5115,6340.62,0,0,0,1,0.0298,0
AUC_1002,1733207064,94,22,1290,0.234,58.6364,1785676,2037891,5000,120,13,203,15,0.0739,279.99,10.99,12.34,0.4915,10271.94,0,1,1,0,0.2134,0
AUC_1013,1914749778,89,2,2310,0.0225,1155.0,792459,966856,5000,120,18,161,26,0.1615,33.71,25.16,6.17,0.8761,7550.3,1,0,1,0,0.9405,1
AUC_1333,1864131292,15,1,60,0.0667,60.0,1921826,2352726,2000,60,14,38,14,0.3684,313.23,36.09,4.55,0.6369,6737.39,0,0,1,1,0.3738,0
AUC_1112,1184726176,23,11,216,0.4783,19.6364,92192,119912,20000,30,6,25,14,0.56,298.64,14.98,1.62,0.295,45106.58,0,0,1,0,0.389,1
AUC_1260,1230873183,62,0,2147,0.0,2147.0,202566,236056,2000,90,5,55,27,0.4909,15.46,2.62,5.28,0.9572,3223.82,1,1,1,0,0.99,1
AUC_1271,1232198017,131,3,1797,0.0229,599.0,550228,730239,20000,60,3,49,27,0.551,80.98,3.67,5.25,0.9082,37179.73,0,1,1,1,0.99,1
AUC_1148,2176544808,56,2,1916,0.0357,958.0,662840,817988,5000,120,9,53,26,0.4906,30.86,12.01,12.4,0.7422,5839.46,1,1,1,0,0.99,1
AUC_1101,1547293667,84,1,1236,0.0119,1236.0,541599,674919,10000,180,20,161,18,0.1118,12.71,46.56,13.37,0.7157,15682.83,1,0,1,0,0.7808,1
AUC_1272,2140708921,44,0,248,0.0,248.0,205183,253266,20000,240,11,60,7,0.1167,365.64,0.64,76.06,0.1489,55204.36,0,1,0,0,0.4613,0
AUC_1268,2374351118,99,7,1317,0.0707,188.1429,1818494,2219755,2000,120,21,175,20,0.1143,30.96,27.24,8.0,0.6436,3411.41,1,0,1,0,0.7837,0
AUC_1113,1916846312,33,7,378,0.2121,54.0,1838702,1933667,5000,90,24,94,9,0.0957,352.66,25.68,34.4,0.4737,7749.99,0,0,0,0,0.2607,0
AUC_1028,2007818476,28,13,206,0.4643,15.8462,946881,1177980,1000,90,6,15,8,0.5333,440.91,1.88,23.82,0.5433,2898.72,0,1,0,1,0.216,0
AUC_1109,2997677618,110,39,1161,0.3545,29.7692,447530,536613,2000,90,14,35,7,0.2,453.85,38.57,13.59,0.6021,3457.58,0,0,0,0,0.3079,0
AUC_1042,1726238324,58,1,516,0.0172,516.0,186343,228676,1000,120,22,257,6,0.0233,153.26,44.72,12.6,0.2765,1296.27,0,0,1,1,0.2135,0
AUC_1262,1019875501,56,27,475,0.4821,17.5926,1546271,1935231,2000,30,19,247,10,0.0405,441.43,27.88,2.25,0.296,3210.37,0,0,1,0,0.01,0
AUC_1341,1368221002,80,6,1904,0.075,317.3333,1842890,2263030,5000,90,17,273,32,0.1172,69.25,20.61,10.35,0.604,9951.87,1,0,1,0,0.9217,1
AUC_1374,2833873776,13,4,45,0.3077,11.25,1366022,1552113,20000,30,24,99,2,0.0202,680.82,21.88,10.96,0.4999,39854.99,0,0,0,0,0.18,0
AUC_1200,1236125703,39,5,372,0.1282,74.4,496015,620214,20000,90,4,21,8,0.381,160.1,27.82,16.31,0.5872,47106.88,0,0,0,1,0.1646,0
AUC_1290,1388140317,89,26,712,0.2921,27.3846,399738,481258,10000,60,23,117,4,0.0342,336.62,42.53,2.29,0.6181,18548.09,0,0,1,1,0.1723,0
AUC_1302,2616543016,27,1,271,0.037,271.0,856903,1032700,20000,90,7,71,22,0.3099,84.59,19.13,7.48,0.7829,26124.71,0,0,1,0,0.7308,1
AUC_1105,1325883948,44,9,403,0.2045,44.7778,821668,1002789,2000,30,20,55,9,0.1636,132.71,14.99,12.77,0.493,2954.41,0,0,0,0,0.226,0
AUC_1104,2992494893,72,23,910,0.3194,39.5652,528720,558929,10000,30,23,251,6,0.0239,389.48,13.01,11.9,0.5209,14100.77,0,0,0,1,0.2366,0
AUC_1035,1556725918,109,3,3021,0.0275,1007.0,1930414,2107971,20000,240,14,141,31,0.2199,42.38,80.09,2.57,0.8982,28513.78,1,0,1,0,0.8315,1
AUC_1335,1596990834,19,6,145,0.3158,24.1667,634087,724978,2000,90,15,123,9,0.0732,390.06,31.9,30.85,0.4865,3235.19,0,0,0,0,0.0543,0
AUC_1367,2063788245,21,9,209,0.4286,23.2222,1208949,1413161,1000,120,10,163,12,0.0736,402.08,29.88,17.47,0.4016,1865.44,0,0,0,0,0.0796,0
AUC_1386,1213921029,49,21,359,0.4286,17.0952,1086970,1218810,20000,60,11,95,17,0.1789,310.41,9.59,12.53,0.5642,43526.9,0,0,0,1,0.0899,1
AUC_1240,2165178630,30,6,266,0.2,44.3333,605564,680193,10000,90,6,49,5,0.102,273.72,41.62,7.26,0.4806,16547.53,0,0,1,1,0.2086,0
AUC_1122,1815776936,112,21,1302,0.1875,62.0,1730442,2245789,20000,180,8,57,16,0.2807,329.95,110.57,6.9,0.2005,50009.1,0,0,1,0,0.2397,0
AUC_1141,1876752677,54,14,409,0.2593,29.2143,1467746,1809755,5000,90,9,24,9,0.375,323.06,42.75,7.48,0.6507,8267.41,0,0,1,0,0.2406,1
AUC_1169,2991923034,22,7,66,0.3182,9.4286,932169,1088443,5000,180,17,88,1,0.0114,352.44,10.09,79.65,0.128,18648.2,0,1,0,0,0.0858,0
AUC_1224,1478597553,26,2,237,0.0769,118.5,92082,103847,5000,90,20,60,35,0.5833,11.54,12.91,9.22,0.7513,6511.92,1,0,1,0,0.99,1
AUC_1202,2303809246,19,5,124,0.2632,24.8,493884,529052,2000,120,21,268,7,0.0261,198.9,38.58,64.86,0.109,6161.89,0,0,0,0,0.0807,0
AUC_1277,2195173477,45,5,562,0.1111,112.4,1849215,2239511,2000,120,14,126,12,0.0952,453.53,0.77,33.31,0.4147,2805.23,0,1,0,0,0.2761,0
AUC_1200,2533193791,46,6,180,0.1304,30.0,579740,703194,2000,240,3,41,11,0.2683,389.26,135.53,53.73,0.5383,2700.32,0,0,0,0,0.2003,0
AUC_1263,2369055517,16,5,139,0.3125,27.8,721844,786322,2000,120,17,233,14,0.0601,255.34,58.9,36.64,0.3195,4859.35,0,0,0,1,0.1177,0
AUC_1344,2416986433,31,7,298,0.2258,42.5714,1296553,1596995,10000,120,16,230,7,0.0304,373.33,32.97,32.11,0.3166,11743.93,0,0,0,0,0.1641,0
AUC_1134,2886750051,42,1,277,0.0238,277.0,231676,261579,10000,120,19,73,7,0.0959,1068.8,7.29,20.14,0.4351,16400.62,0,1,0,0,0.3022,0
AUC_1358,2120716851,8,1,29,0.125,29.0,524381,622075,2000,180,16,71,11,0.1549,142.44,117.97,28.77,0.5316,3578.52,0,0,0,0,0.2024,0
AUC_1268,2732043097,74,6,1983,0.0811,330.5,140450,165651,1000,30,10,170,23,0.1353,50.27,1.96,2.6,0.7221,1724.61,1,1,1,0,0.8185,1
AUC_1359,1487026004,126,5,1812,0.0397,362.4,828810,963349,20000,90,4,59,26,0.4407,80.88,6.08,7.21,0.9064,23282.95,0,1,1,0,0.9512,1
AUC_1058,1958470490,5,0,31,0.0,31.0,350646,383916,1000,120,24,155,5,0.0323,1024.22,6.81,80.19,0.5438,1492.27,0,1,0,0,0.1393,0
AUC_1162,2456247391,23,11,170,0.4783,15.4545,254739,330622,1000,60,21,44,14,0.3182,71.28,36.07,20.62,0.4359,1572.36,0,0,0,0,0.1992,0
AUC_1327,2709024536,45,1,548,0.0222,548.0,1455313,1843330,20000,120,20,75,23,0.3067,78.3,3.13,6.47,0.7091,22092.76,0,1,1,0,0.8142,1
AUC_1016,2812171910,3,0,18,0.0,18.0,331097,390377,10000,240,4,31,3,0.0968,228.25,190.16,85.44,0.1364,24780.61,0,0,0,0,0.1751,0
AUC_1097,2257080912,42,6,263,0.1429,43.8333,1008167,1131561,10000,240,21,372,4,0.0108,654.34,61.19,57.17,0.3914,42671.05,0,0,0,0,0.1128,0
AUC_1235,2961113012,65,19,184,0.2923,9.6842,1842229,2087497,2000,240,3,48,4,0.0833,133.56,195.62,18.71,0.2556,5617.7,0,0,1,0,0.1272,1
AUC_1010,2298382049,96,2,2433,0.0208,1216.5,1841203,2383708,10000,90,4,68,44,0.6471,112.03,11.93,3.12,0.9695,10740.44,0,0,1,0,0.9153,1
AUC_1249,2339358497,105,7,1622,0.0667,231.7143,491157,619869,10000,240,7,103,18,0.1748,56.9,50.14,21.75,0.8861,15178.45,1,0,1,1,0.805,0
AUC_1061,1183951869,17,0,148,0.0,148.0,550252,651614,20000,180,22,122,27,0.2213,6.77,35.96,1.29,0.8325,20815.31,1,0,1,0,0.775,1
AUC_1108,2553593781,15,0,47,0.0,47.0,581108,690874,2000,120,14,61,1,0.0164,1055.11,13.48,57.3,0.3022,5187.13,0,1,0,0,0.2492,0
AUC_1152,1465104321,36,2,336,0.0556,168.0,761182,856832,5000,30,16,246,7,0.0285,261.83,20.89,20.94,0.2483,12296.75,0,0,0,0,0.2543,0
AUC_1240,1682273742,20,2,472,0.1,236.0,775903,832655,20000,240,16,154,20,0.1299,34.13,24.59,18.26,0.6092,37955.27,1,1,1,0,0.8329,1
AUC_1108,1734242445,69,21,427,0.3043,20.3333,859657,1032504,5000,120,14,117,9,0.0769,346.97,110.33,20.31,0.3603,9469.86,0,0,0,0,0.0753,1
AUC_1127,2460182568,19,6,176,0.3158,29.3333,1195130,1317357,2000,30,22,211,2,0.0095,835.74,17.14,8.66,0.2461,7909.67,0,0,0,1,0.1068,0
AUC_1182,1999358283,12,2,71,0.1667,35.5,1186473,1377722,10000,180,24,245,11,0.0449,163.36,132.13,19.69,0.2344,14134.93,0,0,1,0,0.1059,0
AUC_1260,2051457854,27,12,208,0.4444,17.3333,703302,799585,1000,60,20,129,2,0.0155,222.89,45.05,4.64,0.3927,1131.26,0,0,1,0,0.1495,0
AUC_1265,1006224512,87,27,426,0.3103,15.7778,1841624,2276688,1000,30,7,94,7,0.0745,239.75,16.82,1.95,0.6187,2107.55,0,0,1,1,0.0937,0
AUC_1248,2427026364,58,13,541,0.2241,41.6154,1412956,1518135,1000,240,9,127,12,0.0945,121.06,46.8,30.49,0.4719,3041.86,0,0,0,1,0.0614,0
AUC_1049,1352544174,11,0,75,0.0,75.0,1968718,2442468,5000,180,15,118,2,0.0169,189.07,75.57,1.26,0.5485,11451.37,0,0,1,0,0.2988,0
AUC_1222,1797812034,31,4,166,0.129,41.5,1638033,1750477,20000,120,10,148,9,0.0608,883.42,64.83,27.79,0.4448,28510.94,0,0,0,1,0.1632,0
AUC_1350,1997532028,4,1,22,0.25,22.0,1498612,1795523,2000,60,24,361,3,0.0083,825.93,0.96,13.2,0.4519,8788.6,0,1,0,0,0.0492,0
AUC_1037,1040971599,35,11,185,0.3143,16.8182,978211,1069811,5000,90,14,243,2,0.0082,335.3,32.55,50.9,0.3723,17362.38,0,0,0,0,0.01,1
AUC_1022,2692637867,29,7,272,0.2414,38.8571,1308181,1382865,1000,90,11,99,10,0.101,275.03,52.06,30.71,0.3336,2978.72,0,0,0,0,0.1934,1
AUC_1377,2424903516,115,33,1071,0.287,32.4545,680010,751188,1000,120,6,75,7,0.0933,483.7,49.52,42.84,0.3918,1830.7,0,0,0,1,0.0774,0
AUC_1088,2219668437,84,6,1387,0.0714,231.1667,401771,474117,2000,120,22,354,16,0.0452,7.84,22.58,4.04,0.8188,2077.09,0,0,1,0,0.5643,1
AUC_1168,1937065034,27,9,226,0.3333,25.1111,1719090,2147901,10000,120,6,87,4,0.046,641.14,95.91,37.38,0.2871,37969.57,0,0,0,0,0.2086,1
AUC_1142,2559509866,43,18,508,0.4186,28.2222,1458165,1801707,2000,30,4,58,8,0.1379,225.29,2.75,8.69,0.5846,5429.27,0,1,0,0,0.135,0
AUC_1014,2009357125,24,7,102,0.2917,14.5714,153153,163808,5000,90,14,110,9,0.0818,251.23,61.97,37.32,0.3028,12994.35,0,0,0,0,0.1188,0
AUC_1392,1414374882,107,9,1626,0.0841,180.6667,519509,559136,10000,60,24,86,15,0.1744,48.63,1.5,5.43,0.7049,14436.46,0,1,1,0,0.7057,1
AUC_1373,2299664213,33,12,215,0.3636,17.9167,733098,869320,10000,90,6,81,9,0.1111,241.82,75.33,12.29,0.2962,13021.82,0,0,0,1,0.111,0
AUC_1258,2425948257,32,6,103,0.1875,17.1667,1676013,1889182,2000,240,24,335,1,0.003,415.98,13.3,42.59,0.152,2871.02,0,1,0,1,0.0863,0
AUC_1247,1508590075,39,6,151,0.1538,25.1667,1579581,1944807,2000,120,13,118,4,0.0339,852.63,29.19,34.64,0.2716,5706.2,0,0,0,1,0.119,1
AUC_1300,2952330220,54,1,121,0.0185,121.0,312328,385248,20000,240,3,18,7,0.3889,173.83,172.83,23.07,0.27,26569.64,0,0,1,0,0.3202,0
AUC_1392,1984479386,41,4,1139,0.0976,284.75,1841123,2053844,1000,90,21,353,17,0.0482,48.63,2.4,3.73,0.6564,1636.04,0,1,1,1,0.7591,1
AUC_1096,1611443992,27,9,182,0.3333,20.2222,465505,543078,20000,30,22,376,6,0.016,260.37,12.67,11.22,0.4145,83675.12,0,0,0,1,0.0233,0
AUC_1210,1052307045,63,10,576,0.1587,57.6,1815679,2073920,20000,240,9,154,10,0.0649,154.87,62.29,51.12,0.5646,61956.08,0,0,0,1,0.203,0
AUC_1273,2049127943,27,0,491,0.0,491.0,1450171,1780746,2000,120,24,412,26,0.0631,62.66,26.12,12.53,0.82,2859.71,1,0,1,0,0.8916,1
AUC_1366,1919300767,105,41,798,0.3905,19.4634,222606,241119,5000,240,8,81,8,0.0988,106.35,150.62,90.61,0.2873,7020.9,0,0,0,0,0.01,0
AUC_1111,1644976656,78,38,674,0.4872,17.7368,1685325,2102666,10000,60,20,160,6,0.0375,361.36,24.36,1.86,0.1568,21873.05,0,0,1,1,0.0297,0
AUC_1318,2931775780,38,14,373,0.3684,26.6429,632816,653309,10000,30,15,261,13,0.0498,69.17,12.26,7.78,0.6441,19951.08,0,0,0,0,0.2244,0
AUC_1168,2336860033,24,2,239,0.0833,119.5,84593,102994,5000,120,12,49,9,0.1837,659.15,34.37,37.52,0.1302,20779.37,0,0,0,0,0.2942,0
AUC_1274,2354744914,75,14,311,0.1867,22.2143,953894,1113148,10000,240,14,163,10,0.0613,103.31,152.79,31.8,0.5919,10103.18,0,0,0,0,0.202,0
AUC_1324,2999950433,58,14,802,0.2414,57.2857,1084938,1145884,2000,180,10,152,11,0.0724,497.08,15.39,6.97,0.5125,6161.13,0,1,1,1,0.3118,0
AUC_1154,1034770490,4,0,18,0.0,18.0,896430,946691,2000,60,4,15,1,0.0667,1049.45,22.82,39.26,0.3105,4215.27,0,0,0,0,0.1779,0
AUC_1187,2641567576,98,14,1194,0.1429,85.2857,268008,334075,5000,120,24,124,6,0.0484,400.42,41.24,44.72,0.3929,15872.65,0,0,0,0,0.1599,1
AUC_1234,1691571452,22,2,157,0.0909,78.5,1045807,1256746,2000,120,4,10,1,0.1,485.77,77.22,53.9,0.4946,5987.39,0,0,0,0,0.2074,0
AUC_1042,2028947126,11,3,47,0.2727,15.6667,113944,125846,5000,240,22,214,6,0.028,740.9,43.33,63.5,0.1564,9128.33,0,0,0,0,0.1723,0
AUC_1382,2262826371,95,17,1230,0.1789,72.3529,309111,385611,1000,120,15,38,13,0.3421,92.71,22.54,31.01,0.4548,2530.37,0,0,0,0,0.3786,0
AUC_1272,2941107121,15,4,98,0.2667,24.5,546626,715364,5000,180,3,25,9,0.36,177.71,95.95,71.7,0.2345,10912.94,0,0,0,1,0.2144,1
AUC_1102,2123424771,38,10,198,0.2632,19.8,1128849,1320074,1000,120,12,154,1,0.0065,784.75,10.29,56.77,0.3035,3756.02,0,1,0,0,0.1238,0
AUC_1262,1657816151,28,14,385,0.5,27.5,1136240,1270890,20000,120,20,95,9,0.0947,330.17,67.15,36.75,0.449,38114.65,0,0,0,0,0.01,0
AUC_1217,1660734524,43,5,247,0.1163,49.4,1517458,1787206,10000,90,19,41,9,0.2195,85.96,53.01,8.26,0.3154,11333.25,0,0,1,1,0.3506,0
AUC_1092,1470668123,65,2,592,0.0308,296.0,965357,1099789,5000,180,9,115,24,0.2087,44.32,22.1,14.74,0.6386,6641.76,1,0,1,0,0.7209,1
AUC_1315,1708882345,60,12,708,0.2,59.0,1562251,1780761,5000,30,13,152,7,0.0461,496.5,2.01,1.2,0.585,16590.81,0,1,1,0,0.172,0
AUC_1288,2553668049,1,1,6,1.0,6.0,861100,1055025,2000,90,22,291,2,0.0069,820.24,43.59,21.8,0.477,8740.88,0,0,0,0,0.0226,0
AUC_1385,1233563958,78,31,645,0.3974,20.8065,918450,1065052,20000,90,16,122,4,0.0328,442.75,69.41,8.04,0.387,58174.58,0,0,1,0,0.0681,0
AUC_1323,1497596544,101,0,1785,0.0,1785.0,67412,84742,20000,90,12,133,44,0.3308,107.59,0.26,11.55,0.6739,24361.51,0,1,0,0,0.8666,1
AUC_1352,1207616287,66,1,899,0.0152,899.0,281360,326020,10000,90,21,223,10,0.0448,10.46,21.33,0.58,0.6276,17873.8,0,0,1,0,0.6582,1
AUC_1217,2833871708,49,9,515,0.1837,57.2222,1591338,1832253,1000,90,10,140,14,0.1,390.41,3.74,26.24,0.4373,3252.17,0,1,0,0,0.0863,0
AUC_1027,2370920898,83,1,711,0.012,711.0,162878,194908,10000,180,14,102,31,0.3039,51.3,18.51,5.81,0.9795,10717.11,1,1,1,0,0.8347,1
AUC_1306,2100184875,25,10,162,0.4,16.2,1195851,1502761,5000,180,7,118,12,0.1017,81.58,103.72,42.06,0.3134,16936.12,0,0,0,0,0.163,0
AUC_1268,1890467131,54,26,127,0.4815,4.8846,1245925,1476383,5000,180,8,71,5,0.0704,140.53,113.61,13.77,0.3089,6722.18,0,0,1,1,0.01,0
AUC_1086,1182530857,94,1,1027,0.0106,1027.0,1300534,1401904,20000,60,20,351,30,0.0855,10.08,8.56,3.65,0.9192,31635.61,1,0,1,0,0.9323,1
AUC_1339,1464156529,158,5,4546,0.0316,909.2,564938,741510,5000,90,7,41,34,0.8293,19.71,27.48,11.4,0.9617,6366.84,1,0,0,0,0.99,1
AUC_1218,2344733645,27,7,105,0.2593,15.0,1741997,2108010,5000,240,8,41,13,0.3171,68.64,114.44,42.89,0.4364,6433.62,0,0,0,1,0.1874,1
AUC_1289,2640223954,63,16,133,0.254,8.3125,1366557,1453885,10000,240,8,68,9,0.1324,98.7,169.6,14.9,0.1692,20832.83,0,0,1,0,0.172,0
AUC_1268,1729919186,64,32,242,0.5,7.5625,1749407,2099974,5000,180,18,177,4,0.0226,238.3,104.95,26.59,0.3981,11036.45,0,0,0,1,0.028,0
AUC_1137,1750346785,120,3,3006,0.025,1002.0,1399815,1657804,2000,180,22,127,23,0.1811,47.28,26.97,1.7,0.709,2644.06,1,0,1,0,0.8242,1
AUC_1041,2370471179,26,2,296,0.0769,148.0,578222,656349,10000,90,23,195,27,0.1385,49.43,5.57,4.33,0.8732,18760.33,1,1,1,0,0.9326,1
AUC_1180,2584312577,15,4,35,0.2667,8.75,1366668,1705333,1000,180,16,251,1,0.004,1115.11,97.86,44.12,0.4072,2609.77,0,0,0,0,0.0618,0
AUC_1219,1289709121,21,7,143,0.3333,20.4286,205205,213902,2000,120,16,35,16,0.4571,91.82,58.01,34.86,0.2263,4801.35,0,0,0,0,0.2293,0
AUC_1144,2917726618,21,2,196,0.0952,98.0,651025,713052,10000,60,21,215,8,0.0372,152.18,28.73,34.17,0.2652,29992.89,0,0,0,0,0.26,1
AUC_1227,1439717032,66,2,1051,0.0303,525.5,59012,67077,5000,90,7,74,34,0.4595,84.69,6.73,3.88,0.8727,8056.53,0,1,1,0,0.9238,1
AUC_1212,2954363440,87,33,435,0.3793,13.1818,974094,1148810,20000,180,21,68,2,0.0294,114.98,127.87,15.92,0.257,49999.62,0,0,1,0,0.089,0
AUC_1214,1755547163,12,1,278,0.0833,278.0,1081362,1401939,1000,30,7,72,29,0.4028,19.94,4.61,0.44,0.7704,1173.59,1,0,1,0,0.8856,1
AUC_1150,2253221290,76,0,310,0.0,310.0,1006302,1079336,10000,120,11,155,3,0.0194,265.04,77.42,17.33,0.5187,12533.17,0,0,0,0,0.2142,0
AUC_1308,2277374426,109,3,2413,0.0275,804.3333,836360,1059381,2000,90,11,124,24,0.1935,58.98,19.63,11.99,0.8413,2328.41,1,0,0,0,0.8454,0
AUC_1008,1172009165,3,0,25,0.0,25.0,941123,1133633,5000,120,20,351,5,0.0142,1077.2,27.69,20.57,0.4815,20253.8,0,0,0,0,0.2145,0
AUC_1200,2922555441,98,38,1113,0.3878,29.2895,63869,73797,5000,60,14,83,13,0.1566,308.6,34.38,19.24,0.449,5923.38,0,0,0,0,0.0533,0
AUC_1046,2885824173,21,9,239,0.4286,26.5556,1625019,1721772,2000,30,23,347,15,0.0432,310.68,10.41,5.76,0.6394,2249.0,0,0,0,0,0.2325,0
AUC_1259,1012365785,56,11,274,0.1964,24.9091,1206536,1502548,1000,90,4,55,11,0.2,267.28,76.45,1.81,0.6563,2869.82,0,0,1,0,0.3379,1
AUC_1115,2979952897,13,3,46,0.2308,15.3333,1994130,2385078,10000,180,23,375,9,0.024,809.84,129.6,80.47,0.2864,44247.04,0,0,0,0,0.056,0
AUC_1342,1694056086,70,0,679,0.0,679.0,1323651,1559788,10000,120,18,205,20,0.0976,27.44,34.33,10.08,0.7204,17736.6,1,0,1,0,0.7528,1
AUC_1025,1634859378,57,14,575,0.2456,41.0714,906334,1094737,5000,90,20,41,6,0.1463,293.01,51.63,34.1,0.2453,8398.07,0,0,0,1,0.0373,0
AUC_1175,1215506327,43,2,1220,0.0465,610.0,1438711,1825969,20000,180,15,131,18,0.1374,43.15,37.09,16.55,0.7425,31311.21,1,0,1,0,0.6983,0
AUC_1130,2709383976,83,8,724,0.0964,90.5,1887993,2014110,10000,60,9,81,2,0.0247,194.72,27.15,9.36,0.3668,28497.65,0,0,0,1,0.1672,0
AUC_1249,1607234059,66,6,1875,0.0909,312.5,1915093,2370866,1000,60,12,195,39,0.2,52.09,8.9,3.91,0.6376,1318.8,1,0,1,0,0.8655,1
AUC_1140,1787542264,127,7,3300,0.0551,471.4286,926861,1048986,1000,120,8,94,19,0.2021,77.63,7.07,13.47,0.9629,1958.9,0,1,1,0,0.803,1
AUC_1194,1060350696,14,4,111,0.2857,27.75,68077,84056,10000,120,24,53,9,0.1698,1031.98,64.42,23.19,0.3189,18922.03,0,0,0,0,0.0859,1
AUC_1393,1720372916,44,0,521,0.0,521.0,989873,1053450,1000,180,23,347,16,0.0461,84.46,10.66,14.98,0.9705,1962.28,0,1,1,0,0.6901,0
AUC_1346,1377615565,23,2,76,0.087,38.0,1011800,1259458,10000,240,22,259,7,0.027,433.48,87.09,31.91,0.6773,27245.43,0,0,0,0,0.2957,1
AUC_1305,2548934377,70,3,1083,0.0429,361.0,182053,240822,5000,120,3,43,36,0.8372,12.14,13.6,5.28,0.9899,7908.97,1,1,1,0,0.99,1
AUC_1221,2344430972,135,9,1888,0.0667,209.7778,757217,954214,5000,60,15,79,25,0.3165,54.86,6.71,4.75,0.6192,7466.5,1,1,1,0,0.9059,1
AUC_1192,1978954185,40,2,348,0.05,174.0,949079,1110056,20000,30,11,74,3,0.0405,438.9,5.04,10.51,0.4001,53506.06,0,0,0,1,0.2368,0
AUC_1027,2133759769,72,23,494,0.3194,21.4783,339041,377205,20000,60,11,193,7,0.0363,417.77,36.68,8.85,0.4384,52916.45,0,0,0,0,0.1052,0
AUC_1289,1665028901,19,3,73,0.1579,24.3333,1838809,1935927,5000,90,11,145,8,0.0552,233.72,62.04,11.24,0.5722,13955.71,0,0,0,0,0.1499,1
AUC_1174,1413149198,15,0,199,0.0,199.0,127400,158657,20000,120,10,152,10,0.0658,18.58,17.7,3.54,0.8576,29454.39,0,0,1,0,0.6845,1
AUC_1333,1994661656,22,4,100,0.1818,25.0,1470947,1675443,2000,120,10,23,10,0.4348,88.47,57.24,17.08,0.3561,3041.93,0,0,0,0,0.2123,0
AUC_1116,1315127215,77,22,633,0.2857,28.7727,1324539,1479393,2000,60,18,295,11,0.0373,278.91,36.84,11.33,0.4977,5442.92,0,0,0,1,0.205,0
AUC_1193,2687311156,59,3,1712,0.0508,570.6667,668531,822731,20000,120,20,215,16,0.0744,84.93,28.99,14.02,0.6149,38923.95,0,0,1,1,0.6313,1
AUC_1140,1389464014,16,1,146,0.0625,146.0,1238345,1297748,5000,180,20,95,1,0.0105,834.66,135.65,98.01,0.1591,21519.6,0,0,0,1,0.285,1
AUC_1159,2279384549,20,5,114,0.25,22.8,1260256,1571675,2000,120,9,147,3,0.0204,781.25,29.13,61.14,0.395,6310.13,0,0,0,0,0.1114,0
AUC_1320,2188652608,107,22,1181,0.2056,53.6818,1431194,1724974,5000,60,8,36,11,0.3056,310.85,4.4,21.92,0.2895,14293.86,0,1,0,1,0.227,0
AUC_1314,2403704356,33,2,237,0.0606,118.5,1685263,2084795,5000,120,12,43,25,0.5814,35.53,15.04,6.72,0.5588,10616.44,1,0,1,1,0.7359,1
AUC_1289,2121074908,11,0,75,0.0,75.0,1133670,1393450,1000,120,18,43,5,0.1163,325.11,75.93,18.93,0.3941,1569.82,0,0,0,1,0.2866,1
AUC_1085,2998291012,136,7,3223,0.0515,460.4286,1664468,1937993,2000,120,15,138,30,0.2174,31.86,23.83,7.06,0.6151,3526.04,1,0,1,0,0.8251,1
AUC_1224,1567165873,8,2,74,0.25,37.0,1634448,1866808,2000,90,11,121,4,0.0331,459.46,6.48,36.49,0.4366,3862.98,0,1,0,0,0.0824,0
AUC_1120,2822095371,11,1,59,0.0909,59.0,1636444,1763288,10000,120,7,115,5,0.0435,229.79,103.96,2.82,0.3292,21545.6,0,0,1,1,0.25,0
AUC_1124,1648108795,90,17,794,0.1889,46.7059,738423,879076,1000,180,10,51,6,0.1176,418.25,89.88,58.52,0.5957,3344.21,0,0,0,0,0.1225,0
AUC_1145,2600684040,2,0,19,0.0,19.0,412136,477418,5000,60,14,234,2,0.0085,403.51,38.02,41.26,0.3677,20034.64,0,0,0,0,0.086,0
AUC_1175,1128593921,16,3,52,0.1875,17.3333,498520,599461,5000,60,6,98,8,0.0816,700.47,7.27,15.18,0.5012,6122.16,0,0,0,1,0.0377,0
AUC_1087,1220162649,130,6,3512,0.0462,585.3333,1694591,2051644,10000,60,18,72,36,0.5,33.68,8.64,7.21,0.7061,11684.82,1,0,0,0,0.8863,1
AUC_1396,1499570554,54,5,1387,0.0926,277.4,1206921,1248667,2000,60,13,201,33,0.1642,46.23,9.82,0.75,0.6963,3837.96,1,0,1,0,0.7715,1
AUC_1024,2310269181,33,3,328,0.0909,109.3333,1365650,1574774,20000,120,10,91,36,0.3956,24.24,1.47,1.56,0.7994,35168.17,1,1,1,0,0.8931,1
AUC_1303,1459686158,36,8,153,0.2222,19.125,1588282,1838328,5000,120,21,91,5,0.0549,421.14,9.54,31.92,0.2074,21140.95,0,1,0,0,0.0515,0
AUC_1126,1708248489,109,3,2637,0.0275,879.0,1127280,1362614,10000,120,13,187,14,0.0749,36.06,27.44,16.45,0.8898,10215.88,0,0,0,0,0.8076,0
AUC_1094,2274716862,91,2,2700,0.022,1350.0,732701,922032,10000,180,10,32,20,0.625,23.53,16.26,18.62,0.7612,19156.91,1,1,1,0,0.8904,1
AUC_1295,2056821490,27,13,64,0.4815,4.9231,1495289,1734494,1000,180,11,187,8,0.0428,430.89,110.8,22.38,0.4662,1353.52,0,0,0,0,0.0344,0
AUC_1185,1058491408,74,6,959,0.0811,159.8333,1665226,1946985,10000,90,24,144,22,0.1528,8.86,17.13,6.05,0.822,13184.21,1,0,1,0,0.835,1
AUC_1016,2165912367,62,0,1051,0.0,1051.0,1246631,1474618,1000,240,20,250,30,0.12,11.29,25.01,22.35,0.6084,1758.88,1,1,1,0,0.8476,1
AUC_1364,1047016727,6,3,23,0.5,7.6667,737693,866371,2000,180,4,56,11,0.1964,363.19,95.04,18.23,0.2871,5267.93,0,0,1,0,0.1473,0
AUC_1329,1510243637,18,7,75,0.3889,10.7143,1979486,2360802,10000,60,19,75,6,0.08,185.69,9.69,18.5,0.2532,19249.16,0,0,0,0,0.0788,0
AUC_1207,1497872827,87,14,672,0.1609,48.0,1342041,1484014,10000,60,6,92,3,0.0326,394.29,21.55,1.16,0.2009,24252.09,0,0,1,0,0.311,0
AUC_1055,1365289847,38,8,361,0.2105,45.125,888147,1011614,2000,30,22,220,7,0.0318,588.05,11.7,20.5,0.2333,6540.34,0,0,0,0,0.1149,0
AUC_1172,1705691328,41,11,228,0.2683,20.7273,1111738,1278599,1000,30,20,94,6,0.0638,206.88,3.99,8.62,0.3198,3514.94,0,0,0,1,0.035,0
AUC_1229,2484158293,7,2,25,0.2857,12.5,1346181,1554468,1000,90,10,44,6,0.1364,588.04,58.04,18.33,0.1181,3685.68,0,0,0,0,0.1253,0
AUC_1325,2917867693,21,4,207,0.1905,51.75,1957030,2261655,1000,180,21,292,15,0.0514,280.07,49.42,15.35,0.3612,1482.34,0,0,1,0,0.2358,0
AUC_1294,1871170682,20,1,423,0.05,423.0,1981430,2114405,2000,30,17,91,32,0.3516,36.31,5.6,4.17,0.9209,2068.7,1,0,0,0,0.8788,1
AUC_1224,1848176323,34,3,138,0.0882,46.0,1086055,1297234,2000,180,12,108,3,0.0278,1052.91,18.86,110.73,0.2459,6315.37,0,1,0,0,0.1702,0
AUC_1037,1357936270,50,4,1395,0.08,348.75,1954947,2342708,10000,120,12,101,30,0.297,18.59,13.7,3.91,0.7337,10943.13,1,1,1,0,0.9181,1
AUC_1114,2246474659,20,4,141,0.2,35.25,1472514,1732295,10000,180,4,16,1,0.0625,833.77,84.34,47.46,0.2531,31697.02,0,0,0,1,0.2682,0
AUC_1326,2638277363,9,1,175,0.1111,175.0,609168,721053,20000,120,19,78,20,0.2564,6.02,1.46,7.35,0.8724,30507.19,1,1,1,0,0.99,1
AUC_1137,1889946257,134,5,4516,0.0373,903.2,509329,570995,20000,60,18,205,31,0.1512,30.46,9.09,4.28,0.7871,32860.17,1,0,1,0,0.971,1
AUC_1398,2040564314,76,33,478,0.4342,14.4848,1350561,1586728,10000,60,16,216,3,0.0139,444.17,33.26,3.37,0.6483,21702.0,0,0,1,0,0.2489,0
AUC_1142,2401136248,47,0,1095,0.0,1095.0,1391720,1700710,2000,30,3,31,25,0.8065,13.24,2.2,1.85,0.6775,3625.19,1,1,1,1,0.99,1
AUC_1130,1847066720,41,13,195,0.3171,15.0,835072,993706,10000,120,11,171,4,0.0234,545.7,17.35,50.66,0.3121,43556.55,0,0,0,0,0.01,0
AUC_1091,2434600018,51,6,243,0.1176,40.5,1697389,1806355,2000,60,7,109,7,0.0642,184.19,39.92,7.34,0.565,2695.57,0,0,0,0,0.0956,0
AUC_1373,2657874799,85,34,1028,0.4,30.2353,517153,561911,20000,180,4,16,6,0.375,140.89,110.15,40.01,0.5836,37104.75,0,0,0,0,0.2031,0
AUC_1116,2302985183,15,2,108,0.1333,54.0,1299737,1437142,20000,120,10,92,9,0.0978,135.27,50.41,8.97,0.2526,24096.67,0,0,1,0,0.1203,0
AUC_1310,1779133972,6,0,19,0.0,19.0,324507,357743,5000,90,15,170,10,0.0588,160.67,66.92,1.94,0.6336,12792.03,0,0,1,0,0.2444,0
AUC_1244,2125957446,46,0,517,0.0,517.0,1883245,2365736,5000,120,18,211,37,0.1754,81.73,21.69,0.42,0.6088,7582.56,0,0,1,0,0.8132,1
AUC_1367,1035211930,2,1,8,0.5,8.0,423199,461510,1000,60,20,238,1,0.0042,1062.32,26.76,9.73,0.4225,1563.77,0,0,0,1,0.01,0
AUC_1132,2366179985,27,0,364,0.0,364.0,676880,777069,2000,90,3,37,21,0.5676,6.96,11.03,0.47,0.7702,2737.5,1,0,1,0,0.9728,1
AUC_1028,2918473896,43,13,578,0.3023,44.4615,444484,493834,1000,240,20,216,14,0.0648,298.23,2.88,10.45,0.5996,3172.18,0,1,1,0,0.2522,1
AUC_1274,1772870735,96,0,1400,0.0,1400.0,1146153,1240314,10000,60,18,239,43,0.1799,13.88,8.51,11.11,0.7736,13669.83,1,0,0,1,0.9436,1
AUC_1216,2810331224,80,21,620,0.2625,29.5238,1208178,1360313,2000,180,10,49,11,0.2245,259.46,121.0,10.01,0.4,4857.79,0,0,1,0,0.1912,0
AUC_1133,1017096457,123,4,1396,0.0325,349.0,1331418,1780031,5000,60,16,47,25,0.5319,60.25,7.62,0.2,0.8327,6340.99,1,0,1,0,0.8349,1
AUC_1149,2840011466,89,41,772,0.4607,18.8293,1459939,1730983,5000,90,15,255,8,0.0314,136.93,19.81,9.47,0.3616,7879.69,0,0,1,0,0.1134,0
AUC_1319,2487525404,49,4,444,0.0816,111.0,534699,592798,10000,180,11,47,24,0.5106,68.02,1.93,14.6,0.7576,11240.97,1,1,1,0,0.8585,1
AUC_1019,1970788433,39,3,844,0.0769,281.3333,373417,423582,5000,120,17,235,29,0.1234,37.22,24.64,5.61,0.5871,9744.49,1,0,1,0,0.8093,1
AUC_1310,2110354339,34,3,210,0.0882,70.0,691137,716645,5000,120,9,54,1,0.0185,963.24,37.11,66.58,0.3308,18187.92,0,0,0,1,0.1635,0
AUC_1093,2589152153,15,0,141,0.0,141.0,689375,734346,10000,180,21,135,6,0.0444,1074.5,140.61,77.64,0.3831,25818.9,0,0,0,0,0.3963,1
AUC_1077,2772784456,91,0,656,0.0,656.0,865530,991082,10000,180,3,34,26,0.7647,12.3,8.79,0.76,0.7735,16534.87,1,1,1,0,0.99,1
AUC_1366,2847670802,42,20,302,0.4762,15.1,1449392,1825185,2000,120,13,38,7,0.1842,121.12,45.69,14.75,0.2881,3998.68,0,0,0,1,0.01,0
AUC_1032,1232537070,75,0,1164,0.0,1164.0,1804152,2190675,10000,180,3,26,14,0.5385,111.86,6.53,19.55,0.7599,12171.32,0,1,1,0,0.8664,0
AUC_1102,1570760821,150,5,3838,0.0333,767.6,1746016,2042062,1000,90,5,57,34,0.5965,19.12,14.76,11.93,0.9181,1363.05,1,0,0,0,0.99,1
AUC_1000,2267441790,28,6,108,0.2143,18.0,1498416,1694731,2000,120,19,318,7,0.022,362.74,28.39,29.9,0.5057,3515.65,0,0,0,1,0.1309,0
AUC_1175,2521717625,27,4,117,0.1481,29.25,387468,402627,1000,120,23,330,7,0.0212,148.83,47.52,21.81,0.1839,3049.68,0,0,0,1,0.1332,0
AUC_1085,1549948495,132,3,1866,0.0227,622.0,1575245,1890639,1000,60,16,137,20,0.146,104.67,7.19,3.2,0.9947,1728.91,0,1,1,0,0.7033,1
AUC_1257,2087704519,109,2,3056,0.0183,1528.0,1973240,2194733,20000,60,8,106,27,0.2547,38.73,12.61,3.09,0.7667,27064.3,1,0,1,0,0.8362,1
AUC_1242,1337669694,59,25,823,0.4237,32.92,241711,310286,1000,120,6,22,17,0.7727,181.96,16.4,6.4,0.2701,2922.17,0,0,1,1,0.3859,0
AUC_1088,1736575316,21,2,130,0.0952,65.0,1492764,1826449,5000,90,6,91,9,0.0989,249.31,71.47,27.94,0.4953,10670.76,0,0,0,1,0.2933,1
AUC_1070,2737526264,61,0,1866,0.0,1866.0,170019,194360,20000,90,10,35,19,0.5429,59.38,0.55,17.89,0.8402,27578.09,1,1,0,1,0.9438,1
AUC_1179,2254604111,76,28,823,0.3684,29.3929,1951411,2260352,10000,180,5,31,10,0.3226,265.04,74.49,23.98,0.2822,25414.7,0,0,0,0,0.105,0
AUC_1049,1368949109,77,0,430,0.0,430.0,1520356,1872778,20000,60,3,14,7,0.5,207.0,53.19,9.14,0.2829,47669.83,0,0,0,0,0.3746,0
AUC_1239,2911029030,25,6,162,0.24,27.0,421021,539112,10000,180,3,18,4,0.2222,519.26,32.61,114.6,0.5415,12660.48,0,0,0,0,0.2223,0
AUC_1229,1287679526,51,6,300,0.1176,50.0,495581,554988,20000,60,12,175,9,0.0514,439.67,43.62,4.87,0.1933,46786.45,0,0,1,0,0.2124,1
AUC_1365,1673807201,118,42,1092,0.3559,26.0,561213,611215,10000,180,7,80,7,0.0875,407.87,32.77,60.86,0.4899,19938.06,0,0,0,0,0.0952,0
AUC_1304,1574400747,93,0,1102,0.0,1102.0,1222723,1396302,5000,180,17,194,16,0.0825,85.92,39.24,5.5,0.9457,5783.1,0,0,1,1,0.6834,1
AUC_1134,1947722635,97,41,751,0.4227,18.3171,1182655,1249116,2000,120,20,120,12,0.1,471.42,44.09,30.28,0.231,6322.38,0,0,0,0,0.0797,0
AUC_1178,2835381529,10,1,61,0.1,61.0,691191,766501,20000,30,12,206,5,0.0243,331.14,24.33,2.04,0.65,51576.32,0,0,1,1,0.287,1
AUC_1377,2950123581,58,1,379,0.0172,379.0,1318984,1490539,1000,60,20,91,11,0.1209,122.53,32.9,5.81,0.6556,2080.65,0,0,1,1,0.3449,0
AUC_1336,1852290710,95,0,1648,0.0,1648.0,466584,619206,20000,120,13,76,24,0.3158,30.36,16.75,1.04,0.5728,28983.81,1,0,1,0,0.8777,0
AUC_1144,2412556834,83,1,1899,0.012,1899.0,1405759,1687025,2000,60,24,303,21,0.0693,44.4,1.02,8.93,0.9111,3073.16,1,1,0,0,0.8589,1
AUC_1395,1036645146,18,4,206,0.2222,51.5,158763,197501,2000,60,24,209,12,0.0574,127.83,17.67,21.13,0.4567,6391.68,0,0,0,0,0.1446,0
AUC_1145,2850498563,24,9,115,0.375,12.7778,390791,508061,1000,120,4,43,16,0.3721,88.8,29.67,2.56,0.4769,2063.54,0,0,1,0,0.328,0
AUC_1255,2777186467,89,0,961,0.0,961.0,1035256,1246935,20000,120,8,114,12,0.1053,20.93,16.64,5.14,0.7626,26566.02,0,0,1,1,0.6881,1
AUC_1347,2738542443,71,3,921,0.0423,307.0,601936,655896,10000,120,21,252,13,0.0516,36.41,10.38,2.99,0.9257,19710.95,0,1,1,0,0.7331,0
AUC_1388,1307025771,16,1,112,0.0625,112.0,959395,1049651,5000,120,22,338,7,0.0207,179.82,62.87,63.21,0.189,19519.21,0,0,0,1,0.2203,0
AUC_1082,1556277872,95,5,1092,0.0526,218.4,481042,538810,2000,120,19,157,25,0.1592,23.21,30.68,8.49,0.7988,3190.48,1,0,1,0,0.702,0
AUC_1378,2438437773,38,10,85,0.2632,8.5,1066339,1110555,2000,30,4,54,4,0.0741,357.0,11.78,4.98,0.178,3917.3,0,0,0,1,0.01,0
AUC_1393,1145119374,63,31,844,0.4921,27.2258,1977353,2097904,2000,180,5,22,9,0.4091,331.91,77.85,69.45,0.2689,6928.87,0,0,0,1,0.197,0
AUC_1006,2443569908,7,1,27,0.1429,27.0,97234,107373,20000,240,11,101,2,0.0198,241.76,128.07,132.74,0.277,71619.93,0,0,0,0,0.01,0
AUC_1122,1271204309,12,3,86,0.25,28.6667,1836346,2236750,5000,180,8,48,9,0.1875,456.2,89.18,99.51,0.255,16960.27,0,0,0,1,0.1108,0
AUC_1053,2346533930,31,10,270,0.3226,27.0,1347956,1470281,20000,60,9,136,7,0.0515,1136.74,45.49,28.02,0.5203,45323.86,0,0,0,0,0.2342,0
AUC_1204,2011687312,87,40,631,0.4598,15.775,1044764,1077257,1000,60,11,188,4,0.0213,444.14,42.17,2.77,0.46,1153.73,0,0,1,1,0.052,0
AUC_1011,2939783020,21,0,394,0.0,394.0,1369546,1698663,2000,90,3,50,11,0.22,17.22,13.82,8.4,0.5649,3200.63,0,0,1,0,0.766,0
AUC_1255,1991371390,54,3,226,0.0556,75.3333,1347984,1641669,2000,120,9,137,5,0.0365,61.77,66.47,12.63,0.3307,2107.41,0,0,1,0,0.2438,1
AUC_1265,1683992080,34,2,95,0.0588,47.5,1241251,1538132,5000,240,23,211,3,0.0142,415.7,120.23,54.76,0.2167,15013.09,0,0,0,0,0.1892,0
AUC_1120,1195713189,21,3,142,0.1429,47.3333,467065,579132,1000,180,4,15,7,0.4667,405.91,47.55,86.39,0.207,3127.92,0,0,0,0,0.3042,0
AUC_1293,1460056545,21,1,135,0.0476,135.0,539218,649868,1000,120,18,66,7,0.1061,738.48,73.15,67.18,0.5072,1214.53,0,0,0,0,0.3121,0
AUC_1234,2930289650,13,1,57,0.0769,57.0,166048,181311,5000,120,11,154,8,0.0519,596.44,82.52,51.35,0.4162,18304.9,0,0,0,0,0.2818,1
AUC_1355,1151612834,66,2,1055,0.0303,527.5,954846,1037849,20000,90,10,144,13,0.0903,39.86,21.52,3.08,0.9102,21228.31,0,0,1,0,0.6896,1
AUC_1199,2991881215,93,29,994,0.3118,34.2759,820741,871916,2000,60,14,48,7,0.1458,333.11,34.4,9.21,0.4487,5210.67,0,0,0,0,0.1847,0
AUC_1052,2975928326,72,4,1444,0.0556,361.0,1499245,1897033,5000,120,17,273,17,0.0623,34.71,28.02,8.69,0.8303,8362.93,0,0,1,0,0.8019,1
AUC_1086,1805237373,24,9,184,0.375,20.4444,1428284,1552573,2000,120,3,48,13,0.2708,488.54,35.22,7.49,0.5086,3530.8,0,0,1,0,0.1761,0
AUC_1287,1518125141,19,1,238,0.0526,238.0,862586,1024098,2000,180,17,106,24,0.2264,24.22,24.39,13.0,0.8313,2776.36,1,0,1,0,0.8606,1
AUC_1276,1705985639,80,5,267,0.0625,53.4,876965,919985,5000,60,14,152,10,0.0658,324.42,30.65,1.33,0.3602,13333.36,0,0,1,0,0.2058,0
AUC_1064,2617538979,21,3,98,0.1429,32.6667,1145149,1355548,2000,90,22,386,6,0.0155,657.57,32.75,29.64,0.3905,3264.97,0,0,0,0,0.143,0
AUC_1204,1192921156,45,8,288,0.1778,36.0,654229,731726,2000,120,8,105,17,0.1619,383.16,39.08,29.96,0.3362,3001.8,0,0,0,0,0.2217,0
AUC_1208,1103568477,109,44,1253,0.4037,28.4773,496642,554330,5000,30,21,163,6,0.0368,325.45,8.07,4.86,0.4541,5796.29,0,0,0,1,0.01,0
AUC_1377,2477246451,89,3,1298,0.0337,432.6667,527744,585640,20000,120,24,179,23,0.1285,19.11,24.51,10.6,0.8928,24621.93,1,0,1,1,0.7999,1
AUC_1150,1265966948,108,33,1307,0.3056,39.6061,87232,105147,5000,120,21,365,10,0.0274,78.08,38.66,2.98,0.6278,14958.55,0,0,1,0,0.373,0
AUC_1109,1581890348,16,4,159,0.25,39.75,1917695,2121245,20000,120,6,82,8,0.0976,300.47,1.17,58.99,0.2828,44773.93,0,1,0,1,0.1276,1
AUC_1326,2155600114,33,4,149,0.1212,37.25,761759,903922,5000,120,4,51,8,0.1569,528.75,96.4,31.6,0.272,6415.04,0,0,0,1,0.2177,0
AUC_1058,2931338959,25,11,143,0.44,13.0,441941,544999,1000,90,23,149,6,0.0403,413.44,53.67,6.25,0.5355,1019.77,0,0,1,0,0.1313,1
AUC_1012,2910145063,20,10,239,0.5,23.9,1031390,1141677,10000,180,11,78,7,0.0897,94.33,104.41,20.46,0.2288,23430.09,0,0,1,1,0.01,0
AUC_1169,2654363999,20,5,199,0.25,39.8,423134,524160,10000,180,15,231,8,0.0346,239.79,99.06,14.41,0.2097,29622.28,0,0,1,0,0.1756,0
AUC_1230,1747267617,63,28,623,0.4444,22.25,95635,118435,10000,60,21,67,16,0.2388,273.22,36.13,9.27,0.526,17524.66,0,0,0,0,0.2573,1
AUC_1340,2698780924,32,14,197,0.4375,14.0714,1863241,1975762,20000,60,16,177,9,0.0508,262.71,2.45,21.85,0.4452,66224.72,0,1,0,0,0.094,0
AUC_1197,2750967436,10,5,77,0.5,15.4,1152261,1308298,5000,90,15,100,5,0.05,302.47,48.58,2.61,0.3751,11615.77,0,0,1,0,0.2141,0
AUC_1247,2398641868,15,2,135,0.1333,67.5,1373940,1585822,20000,60,12,129,8,0.062,555.13,0.13,25.87,0.1869,81297.68,0,1,0,0,0.3007,1
AUC_1293,1958681486,53,15,612,0.283,40.8,1579429,1976482,10000,30,18,142,6,0.0423,224.71,16.55,2.46,0.3219,11083.64,0,0,1,0,0.1486,0
AUC_1183,1284906655,21,6,118,0.2857,19.6667,59705,64597,5000,240,18,159,11,0.0692,259.29,133.85,22.72,0.2777,5476.12,0,0,1,0,0.0338,0
AUC_1322,2275887053,30,9,286,0.3,31.7778,186248,197944,2000,90,14,146,4,0.0274,675.96,63.26,17.27,0.2568,7829.53,0,0,0,0,0.1207,0
AUC_1179,2406741796,70,2,1382,0.0286,691.0,920442,1140096,2000,120,6,52,27,0.5192,35.42,23.16,2.75,0.6131,3506.3,1,0,1,1,0.99,1
AUC_1022,2111760336,82,2,1398,0.0244,699.0,1893324,2191400,2000,240,19,189,24,0.127,17.93,47.05,13.85,0.6004,2563.66,1,0,1,0,0.7994,1
AUC_1104,1405209591,11,3,55,0.2727,18.3333,840428,922120,10000,120,16,106,4,0.0377,469.81,94.53,48.05,0.2196,25471.74,0,0,0,0,0.1122,0
AUC_1024,2158356043,2,0,15,0.0,15.0,229598,277752,10000,120,15,202,4,0.0198,1101.8,22.26,52.61,0.4791,15667.88,0,0,0,1,0.2531,0
AUC_1278,2412857740,91,1,1217,0.011,1217.0,570751,661880,2000,90,11,60,15,0.25,55.37,8.3,2.21,0.87,2182.7,0,1,1,1,0.7339,1
AUC_1326,2158520337,69,25,324,0.3623,12.96,1562713,1673700,2000,180,9,114,7,0.0614,317.25,7.8,48.16,0.42,4684.54,0,1,0,1,0.0248,0
AUC_1092,1880205205,15,1,117,0.0667,117.0,1748043,1921510,10000,60,14,159,25,0.1572,32.07,1.22,5.45,0.6627,20786.55,1,1,1,0,0.7284,1
AUC_1068,2677002009,14,0,124,0.0,124.0,1640616,2008997,10000,180,19,253,1,0.004,1013.17,43.55,71.16,0.2404,20862.29,0,0,0,0,0.1757,0
AUC_1150,1122389066,73,1,232,0.0137,232.0,1175424,1381486,5000,180,13,173,11,0.0636,151.59,87.85,19.81,0.4376,5076.98,0,0,1,1,0.3064,0
AUC_1344,1524763791,49,21,316,0.4286,15.0476,638175,782551,1000,240,7,102,12,0.1176,383.1,113.41,43.57,0.6162,1417.44,0,0,0,0,0.1158,0
AUC_1097,2891414653,15,5,134,0.3333,26.8,1688889,1797592,1000,120,14,61,5,0.082,797.09,80.03,75.92,0.4216,2929.98,0,0,0,0,0.0727,0
AUC_1073,1175224251,28,2,301,0.0714,150.5,474524,509565,5000,240,11,186,30,0.1613,72.87,21.3,27.48,0.9233,6473.09,0,1,1,0,0.8858,1
AUC_1113,1407963161,19,1,144,0.0526,144.0,553869,714332,1000,120,3,25,19,0.76,18.34,33.58,8.58,0.9213,1956.37,1,0,1,0,0.99,1
AUC_1272,1135507143,21,10,90,0.4762,9.0,770841,889665,5000,120,17,102,16,0.1569,405.23,1.7,13.32,0.4443,13970.22,0,1,1,1,0.1201,0
AUC_1352,1587187838,65,9,188,0.1385,20.8889,1458088,1617181,20000,60,3,32,10,0.3125,274.73,40.66,10.34,0.5612,54004.75,0,0,0,0,0.1646,0
AUC_1292,2089938304,87,16,639,0.1839,39.9375,526708,575756,10000,240,5,40,3,0.075,370.49,152.36,27.87,0.425,22625.45,0,0,1,0,0.2422,0
AUC_1211,2193927182,31,2,128,0.0645,64.0,1533357,1689418,2000,90,12,158,8,0.0506,930.9,17.04,62.72,0.1755,7605.89,0,0,0,0,0.104,0
AUC_1228,1355894455,16,3,111,0.1875,37.0,1547403,1807176,5000,240,10,166,5,0.0301,448.62,6.13,40.79,0.5288,15423.03,0,1,0,0,0.2449,1
AUC_1238,2609439218,55,4,436,0.0727,109.0,68277,83594,20000,60,4,29,8,0.2759,220.97,29.58,0.05,0.2534,20162.42,0,0,1,1,0.2332,0
AUC_1398,2278510227,5,1,38,0.2,38.0,1913802,2122369,2000,30,19,274,6,0.0219,426.75,0.66,19.11,0.4987,3780.6,0,1,0,0,0.1736,0
AUC_1131,2900662621,69,19,799,0.2754,42.0526,1894541,2357105,5000,60,6,92,11,0.1196,466.22,23.26,23.35,0.2614,12103.81,0,0,0,1,0.1244,0
AUC_1012,1563119086,37,11,162,0.2973,14.7273,574381,594499,1000,120,4,60,2,0.0333,371.55,45.99,24.38,0.2508,2872.71,0,0,0,1,0.0909,0
AUC_1387,2916266053,66,6,1456,0.0909,242.6667,1060127,1184697,5000,240,18,300,24,0.08,38.53,4.81,10.42,0.6692,9804.31,1,1,1,0,0.7521,1
AUC_1262,2771911134,46,16,296,0.3478,18.5,303267,364455,1000,120,7,48,2,0.0417,223.33,81.41,1.34,0.1994,2658.85,0,0,1,0,0.1187,0
AUC_1043,2610681625,83,1,671,0.012,671.0,612746,737781,5000,90,12,53,28,0.5283,73.95,12.37,2.91,0.8987,6348.59,0,0,1,0,0.8286,0
AUC_1098,2401483820,72,4,1651,0.0556,412.75,1258621,1540361,1000,120,12,37,30,0.8108,45.8,14.08,12.69,0.9111,1629.57,1,1,1,0,0.99,1
AUC_1059,1103149090,32,1,564,0.0312,564.0,298422,345828,10000,180,6,80,36,0.45,47.36,43.46,5.23,0.8741,17551.18,1,0,1,0,0.9393,1
AUC_1026,2143245010,101,45,718,0.4455,15.9556,1563419,1723228,10000,120,22,307,8,0.0261,400.88,52.4,15.71,0.4204,12760.86,0,0,0,0,0.111,0
AUC_1175,1673191270,127,4,2391,0.0315,597.75,834077,1141937,1000,90,8,42,32,0.7619,111.74,31.37,10.8,0.6616,1065.27,0,0,1,0,0.99,1
AUC_1342,2136560763,88,11,604,0.125,54.9091,644105,731678,2000,120,10,26,14,0.5385,232.14,5.06,20.1,0.2656,3149.95,0,1,0,1,0.3117,0
AUC_1393,2827214345,48,1,641,0.0208,641.0,1289438,1678750,10000,120,3,23,18,0.7826,43.15,24.27,1.28,0.7469,10857.1,1,0,1,0,0.9438,1
AUC_1313,2866977817,37,0,362,0.0,362.0,523220,631432,5000,90,18,210,12,0.0571,37.64,12.92,5.05,0.7884,7459.88,0,0,1,0,0.861,1
AUC_1248,2800038760,79,0,2053,0.0,2053.0,1810296,2229407,2000,240,17,108,35,0.3241,119.3,38.28,34.27,0.9274,2790.56,0,0,0,0,0.7815,1
AUC_1167,2523089472,9,2,26,0.2222,13.0,964647,990574,10000,180,18,181,2,0.011,1097.11,137.31,32.26,0.3743,16114.16,0,0,0,0,0.1344,0
AUC_1098,2844536685,77,4,541,0.0519,135.25,1753656,2000142,20000,180,19,98,11,0.1122,195.18,151.09,26.37,0.6168,26768.64,0,0,0,1,0.3437,0
AUC_1282,1720890255,84,19,736,0.2262,38.7368,514657,604039,1000,120,12,93,11,0.1183,273.03,36.51,31.81,0.45,2585.22,0,0,0,1,0.1113,0
AUC_1385,2912544110,99,18,385,0.1818,21.3889,1277613,1454438,20000,30,18,301,11,0.0365,427.46,3.75,8.69,0.2276,65946.74,0,0,0,0,0.0791,0
AUC_1383,1904034215,49,4,307,0.0816,76.75,767497,948660,5000,120,5,83,5,0.0602,430.04,92.32,11.01,0.2505,6232.21,0,0,1,0,0.1819,0
AUC_1314,1477983956,21,0,176,0.0,176.0,1954898,2422213,10000,240,10,85,9,0.1059,1025.25,95.95,93.42,0.2327,37536.25,0,0,0,1,0.3329,1
AUC_1375,1040298657,6,0,39,0.0,39.0,722979,834939,2000,120,6,59,2,0.0339,842.01,86.2,41.41,0.1207,8912.72,0,0,0,0,0.174,0
AUC_1180,1858312397,109,39,1267,0.3578,32.4872,1587411,1718975,10000,90,8,21,10,0.4762,105.2,25.69,22.83,0.3039,23894.91,0,0,0,1,0.2112,0
AUC_1308,2577306543,36,12,252,0.3333,21.0,1223650,1378023,1000,180,24,256,2,0.0078,395.52,84.61,44.4,0.384,1606.71,0,0,0,0,0.0144,0
AUC_1267,2074240038,36,1,286,0.0278,286.0,1800978,1846400,2000,60,19,161,3,0.0186,979.99,8.84,38.86,0.5287,4812.78,0,0,0,0,0.3989,1
AUC_1209,2151277387,93,6,1591,0.0645,265.1667,1446688,1537520,2000,180,18,314,13,0.0414,13.29,29.14,2.86,0.7488,2216.27,0,0,1,1,0.6464,1
AUC_1284,1429468189,9,3,52,0.3333,17.3333,1984498,2209043,1000,90,8,43,5,0.1163,963.96,58.31,52.59,0.5147,1592.93,0,0,0,0,0.0458,0
AUC_1358,2015193925,142,4,4673,0.0282,1168.25,1659053,1810310,20000,120,15,63,38,0.6032,58.24,24.3,11.11,0.709,20296.89,1,0,1,0,0.99,1
AUC_1095,1778208022,67,0,514,0.0,514.0,317766,361395,5000,90,19,317,11,0.0347,351.97,59.43,9.27,0.2214,13406.82,0,0,1,1,0.21,0
AUC_1230,1606001130,77,20,432,0.2597,21.6,704735,817726,5000,180,6,75,5,0.0667,425.27,71.27,31.14,0.2851,5090.94,0,0,0,0,0.1395,0
AUC_1154,1250624668,38,6,152,0.1579,25.3333,1097601,1226658,1000,60,10,126,14,0.1111,277.32,5.95,5.08,0.202,1802.06,0,1,1,0,0.3492,0
AUC_1231,1177428607,77,5,831,0.0649,166.2,373573,429968,1000,240,7,108,25,0.2315,89.24,49.41,21.48,0.6791,1876.14,0,0,1,0,0.719,0
AUC_1185,1462649553,20,5,167,0.25,33.4,1812177,2286211,2000,120,11,149,7,0.047,877.15,75.18,61.71,0.3462,8218.88,0,0,0,0,0.1622,0
AUC_1148,2767375276,59,1,1497,0.0169,1497.0,891411,1093536,20000,120,13,231,34,0.1472,91.61,33.35,8.56,0.9185,35654.61,0,0,1,0,0.8365,1
AUC_1026,1001485327,78,13,953,0.1667,73.3077,114442,125477,2000,90,22,388,10,0.0258,312.52,7.48,13.87,0.4462,4664.43,0,1,0,0,0.2717,1
AUC_1388,2702690121,13,0,182,0.0,182.0,1760566,2007266,20000,120,8,44,17,0.3864,35.52,35.01,9.16,0.7934,28770.22,0,0,1,0,0.9728,1
AUC_1034,1047681775,51,4,1316,0.0784,329.0,1019095,1263686,1000,60,16,247,23,0.0931,58.94,8.1,5.11,0.7213,1137.49,1,0,1,0,0.6756,1
AUC_1012,2554641306,8,0,64,0.0,64.0,1587260,1763654,2000,240,6,70,4,0.0571,865.07,115.82,92.71,0.4682,7643.22,0,0,0,1,0.1432,0
AUC_1110,1402649007,19,1,73,0.0526,73.0,1210754,1392806,10000,120,15,256,4,0.0156,615.91,67.21,41.42,0.1866,39025.79,0,0,0,0,0.3086,0
AUC_1309,1450284471,26,3,209,0.1154,69.6667,1154860,1351649,1000,90,7,72,8,0.1111,326.01,45.75,1.08,0.1579,2762.02,0,0,1,0,0.2795,0
AUC_1134,2276836016,46,13,372,0.2826,28.6154,916236,1080772,5000,180,24,207,10,0.0483,306.36,116.2,32.68,0.2792,10899.19,0,0,0,0,0.0663,0
AUC_1245,1282216993,42,0,150,0.0,150.0,914685,1007631,5000,90,23,301,5,0.0166,68.71,84.11,13.42,0.2224,14217.98,0,0,0,0,0.3224,0
AUC_1198,1728715325,19,1,219,0.0526,219.0,757593,992476,20000,60,4,40,37,0.925,32.47,6.72,2.34,0.6415,28339.77,1,1,1,0,0.99,1
AUC_1284,1751338842,25,2,238,0.08,119.0,1013098,1053103,20000,90,19,142,16,0.1127,39.5,12.24,6.62,0.7779,36202.53,0,0,1,0,0.6785,1
AUC_1039,2269525280,23,10,209,0.4348,20.9,1486702,1605376,2000,30,7,55,10,0.1818,474.35,6.24,4.41,0.5779,5238.78,0,0,0,1,0.1551,0
AUC_1181,1994953246,32,15,79,0.4688,5.2667,651856,694537,20000,180,20,42,7,0.1667,291.31,103.55,11.44,0.6048,20382.47,0,0,1,1,0.2166,0
AUC_1396,2331383000,42,16,269,0.381,16.8125,1651163,1965346,10000,60,24,267,7,0.0262,296.44,52.85,2.67,0.6474,28189.42,0,0,1,0,0.1332,0
AUC_1335,1801576818,21,3,54,0.1429,18.0,1765106,2103879,5000,90,17,56,2,0.0357,289.74,42.76,46.35,0.1281,20373.68,0,0,0,0,0.045,0
AUC_1115,2724418388,20,1,327,0.05,327.0,1663649,2283091,20000,60,11,28,13,0.4643,36.69,10.37,3.4,0.6548,34585.35,0,0,1,0,0.6895,0
AUC_1119,2413659641,109,19,1161,0.1743,61.1053,1669739,1900086,1000,90,4,68,9,0.1324,387.45,50.29,9.14,0.3822,3453.89,0,0,1,0,0.3349,1
AUC_1379,2955780053,38,0,848,0.0,848.0,1863784,2363109,10000,120,3,46,23,0.5,74.2,0.2,0.99,0.9929,11159.94,0,1,1,0,0.8657,1
AUC_1221,1170104655,17,0,145,0.0,145.0,1614046,2040271,1000,30,7,107,17,0.1589,15.29,2.63,3.28,0.8115,1265.5,0,1,1,1,0.873,1
AUC_1303,1637160754,17,8,51,0.4706,6.375,1424840,1583705,5000,120,5,28,6,0.2143,389.43,63.27,13.86,0.1781,9801.9,0,0,1,0,0.1182,0
AUC_1188,2126496130,7,2,60,0.2857,30.0,1453799,1729179,10000,90,7,66,1,0.0152,693.14,70.6,23.78,0.3721,25328.27,0,0,0,1,0.1613,0
AUC_1099,1688208765,52,20,313,0.3846,15.65,76038,93511,10000,90,12,97,15,0.1546,196.41,43.72,27.37,0.433,26440.42,0,0,0,0,0.1417,0
AUC_1262,1052242326,15,0,77,0.0,77.0,1506257,1766132,5000,60,22,375,2,0.0053,294.48,56.92,10.53,0.6815,8483.88,0,0,0,1,0.3339,0
AUC_1074,2640226243,134,2,2286,0.0149,1143.0,1970320,2170268,10000,30,9,147,17,0.1156,64.15,3.87,1.67,0.7512,18619.1,0,0,1,0,0.7366,1
AUC_1074,1885202914,99,25,1266,0.2525,50.64,1729762,1846779,2000,180,19,278,10,0.036,465.57,108.35,58.24,0.6418,6032.73,0,0,0,0,0.1992,0
AUC_1189,2113035564,20,0,124,0.0,124.0,417395,578326,2000,90,4,12,9,0.75,1091.84,0.3,31.53,0.1759,7398.46,0,1,0,0,0.4748,1
AUC_1040,2701520548,39,5,381,0.1282,76.2,1847264,2087308,10000,180,19,279,4,0.0143,1110.11,12.47,109.16,0.303,40574.24,0,1,0,0,0.3019,1
AUC_1282,2702131703,25,1,274,0.04,274.0,730583,899448,1000,240,12,142,11,0.0775,13.93,19.89,15.49,0.572,1096.97,0,1,1,0,0.6935,0
AUC_1042,2835890703,9,0,43,0.0,43.0,1804230,2119034,5000,240,16,171,1,0.0058,1067.88,131.1,153.48,0.3409,10575.3,0,0,0,1,0.1618,0
AUC_1295,2768012433,15,3,94,0.2,31.3333,1530614,1622004,1000,90,13,219,5,0.0228,895.04,19.29,60.42,0.3422,1310.17,0,0,0,0,0.1811,0
AUC_1357,1105238211,101,34,860,0.3366,25.2941,361466,400577,1000,90,20,61,7,0.1148,152.74,45.17,7.85,0.3142,1251.61,0,0,1,0,0.0638,0
AUC_1291,1126621089,56,12,340,0.2143,28.3333,840718,1032869,10000,90,17,91,12,0.1319,264.64,32.98,36.0,0.4899,27356.62,0,0,0,0,0.0857,0
AUC_1366,1690616284,43,0,315,0.0,315.0,267295,311642,2000,30,15,57,6,0.1053,1096.41,0.86,11.88,0.4056,3028.08,0,1,0,0,0.3425,0
AUC_1381,1195751306,63,23,229,0.3651,9.9565,855897,1077454,20000,180,20,123,6,0.0488,126.54,107.49,5.52,0.1621,28475.46,0,0,1,0,0.041,0
AUC_1247,1351614381,8,1,62,0.125,62.0,292463,326280,5000,240,9,156,5,0.0321,689.21,173.36,43.91,0.2024,10279.77,0,0,0,0,0.1858,0
AUC_1105,2736640936,34,0,320,0.0,320.0,355005,437183,1000,90,4,18,13,0.7222,25.49,25.23,3.11,0.8209,1245.63,0,0,1,0,0.99,1
AUC_1003,1940794223,90,31,603,0.3444,19.4516,1305300,1535900,20000,120,18,87,10,0.1149,199.73,11.59,2.6,0.6366,67174.96,0,1,1,0,0.2021,0
AUC_1270,1475301532,27,0,112,0.0,112.0,140177,157541,10000,90,18,149,7,0.047,1132.16,8.25,18.41,0.4838,28711.09,0,1,0,1,0.3522,0
AUC_1362,1018943372,12,0,83,0.0,83.0,1856411,2063329,20000,60,18,126,4,0.0317,616.38,14.64,20.69,0.113,88782.41,0,0,0,0,0.2396,0
AUC_1357,2532101148,19,2,165,0.1053,82.5,1641050,1874636,5000,240,9,42,8,0.1905,528.41,127.78,76.26,0.3781,10549.81,0,0,0,0,0.1101,0
AUC_1115,2349061178,155,2,4678,0.0129,2339.0,1278512,1448344,1000,120,19,172,17,0.0988,100.7,26.83,22.79,0.6671,1633.93,0,0,0,0,0.6521,1
AUC_1351,2769051347,38,0,222,0.0,222.0,1198820,1333819,5000,180,4,50,5,0.1,726.6,111.95,109.3,0.3908,15304.47,0,0,0,0,0.405,1
AUC_1358,2257592487,62,0,1205,0.0,1205.0,1058744,1281359,1000,90,18,248,42,0.1694,93.33,30.3,5.33,0.7076,1402.45,0,0,1,0,0.7336,1
AUC_1150,1634207968,57,20,136,0.3509,6.8,863291,898996,5000,240,22,56,10,0.1786,337.59,104.55,6.05,0.5439,9317.82,0,0,1,1,0.1859,1
AUC_1227,2242852477,38,3,622,0.0789,207.3333,181440,225057,1000,90,23,252,13,0.0516,38.79,16.18,5.72,0.8353,1924.05,0,0,1,0,0.6455,1
AUC_1142,1646098047,114,20,425,0.1754,21.25,496790,568827,5000,90,4,55,7,0.1273,471.44,9.54,2.29,0.3973,14111.05,0,1,1,1,0.2269,1
AUC_1390,1160948078,85,26,613,0.3059,23.5769,1866435,2185951,20000,180,18,275,11,0.04,284.35,74.73,43.02,0.4179,62297.97,0,0,0,1,0.1291,0
AUC_1282,2943046018,75,8,281,0.1067,35.125,254278,311896,2000,240,4,10,3,0.3,215.98,123.13,0.64,0.5836,5253.14,0,0,1,0,0.2848,1
AUC_1112,1575631058,52,6,176,0.1154,29.3333,162848,182282,5000,180,20,233,9,0.0386,100.61,128.91,32.27,0.4776,12858.72,0,0,0,1,0.3181,0
AUC_1048,1072915331,21,6,58,0.2857,9.6667,1335508,1574539,20000,240,24,115,2,0.0174,261.3,27.96,138.0,0.4851,75791.15,0,1,0,1,0.1343,0
AUC_1198,1649687517,130,7,2283,0.0538,326.1429,384647,510708,2000,90,6,51,16,0.3137,39.49,14.02,4.75,0.7491,3129.46,0,0,1,0,0.6023,1
AUC_1217,1663980042,80,40,794,0.5,19.85,1636212,1820564,1000,90,11,144,17,0.1181,209.99,18.68,4.35,0.2685,1112.15,0,0,1,0,0.0713,0
AUC_1263,1189074174,3,0,9,0.0,9.0,533321,588668,5000,240,16,71,6,0.0845,506.21,0.2,142.17,0.5002,21996.15,0,1,0,0,0.2073,0
AUC_1180,1039285323,27,3,211,0.1111,70.3333,1288604,1448740,2000,180,23,225,2,0.0089,1064.55,7.67,77.72,0.3168,7358.12,0,1,0,0,0.2243,0
AUC_1017,2699263775,43,3,196,0.0698,65.3333,1759541,2053167,1000,120,5,13,2,0.1538,499.47,12.1,27.69,0.1836,2283.08,0,1,0,1,0.1305,0
AUC_1259,1135339918,25,7,104,0.28,14.8571,1605890,1670367,10000,60,23,242,8,0.0331,892.8,16.27,20.0,0.4325,20304.54,0,0,0,1,0.1576,0
AUC_1300,2740332724,5,1,21,0.2,21.0,890023,1032957,2000,30,24,398,5,0.0126,980.75,20.36,17.29,0.3362,4278.14,0,0,0,1,0.1907,1
AUC_1283,1586248910,73,33,392,0.4521,11.8788,278749,324608,20000,180,4,24,8,0.3333,325.79,165.77,3.64,0.6084,43360.77,0,0,1,0,0.0676,0
AUC_1009,1769435857,19,5,119,0.2632,23.8,459853,493459,20000,60,24,127,4,0.0315,837.36,30.48,15.7,0.2927,69929.05,0,0,0,0,0.1884,1
AUC_1111,2515527363,44,0,875,0.0,875.0,1999976,2606843,20000,60,7,67,27,0.403,62.18,3.99,0.93,0.8195,26127.01,1,1,1,0,0.8852,1
AUC_1298,2133366661,84,25,734,0.2976,29.36,668335,798039,2000,60,20,146,11,0.0753,178.38,27.32,4.08,0.2239,5838.38,0,0,1,1,0.1437,0
AUC_1292,1004860477,47,17,336,0.3617,19.7647,705460,785425,10000,180,12,163,12,0.0736,129.59,6.14,43.21,0.6426,20440.13,0,1,0,0,0.2588,0
AUC_1150,2567941667,45,6,136,0.1333,22.6667,1002732,1050043,1000,90,16,93,12,0.129,319.18,40.11,32.75,0.4734,2133.08,0,0,0,0,0.1034,0
AUC_1166,1098512622,16,3,56,0.1875,18.6667,697844,790899,2000,90,21,270,1,0.0037,645.11,45.68,25.76,0.4471,6537.51,0,0,0,0,0.0664,0
AUC_1062,2155740780,16,6,141,0.375,23.5,355459,376764,10000,180,8,34,9,0.2647,358.55,96.72,22.14,0.4447,34284.91,0,0,0,0,0.1869,0
AUC_1322,2043102519,95,8,1539,0.0842,192.375,185258,218143,2000,60,9,155,24,0.1548,17.64,9.0,2.95,0.9432,3823.97,1,0,1,0,0.8576,1
AUC_1016,1713251482,93,40,295,0.4301,7.375,88488,108149,20000,60,17,166,7,0.0422,388.98,22.45,20.6,0.2698,20760.83,0,0,0,1,0.0761,0
AUC_1308,2250216836,16,2,63,0.125,31.5,326022,358973,2000,240,20,244,9,0.0369,178.42,225.38,3.99,0.2927,2343.91,0,0,1,0,0.1118,0
AUC_1086,2276338446,48,21,153,0.4375,7.2857,1016634,1127347,10000,60,20,235,2,0.0085,91.93,39.83,6.18,0.305,29825.92,0,0,1,0,0.1624,0
AUC_1390,1084900087,31,5,195,0.1613,39.0,1889845,2074687,1000,240,15,144,4,0.0278,296.8,17.61,133.44,0.2229,3258.75,0,1,0,0,0.1264,1
AUC_1316,2309893183,107,0,1210,0.0,1210.0,1404743,1743023,2000,240,8,47,33,0.7021,32.68,71.13,2.78,0.6522,2253.48,1,0,1,1,0.9593,1
AUC_1277,1605270912,41,6,220,0.1463,36.6667,1945606,2213963,2000,90,5,71,6,0.0845,767.0,18.49,29.72,0.2439,4554.86,0,0,0,0,0.1942,0
AUC_1380,1828125370,47,19,446,0.4043,23.4737,1830565,2183920,2000,180,4,43,14,0.3256,198.03,22.9,38.9,0.6096,2217.73,0,0,0,1,0.113,0
AUC_1051,2742171747,11,1,53,0.0909,53.0,434571,526072,5000,120,3,33,6,0.1818,866.19,81.53,50.56,0.1744,12842.35,0,0,0,1,0.1143,0
AUC_1046,1391335629,39,17,310,0.4359,18.2353,147292,186877,1000,120,3,20,7,0.35,321.3,105.68,16.57,0.4665,2649.23,0,0,0,1,0.1434,0
AUC_1270,2267793893,67,28,340,0.4179,12.1429,809950,997338,2000,60,7,110,2,0.0182,163.87,45.06,3.35,0.1774,5327.48,0,0,1,0,0.0342,0
AUC_1384,2123196902,158,4,4439,0.0253,1109.75,1012951,1250290,2000,240,18,98,24,0.2449,117.82,30.96,33.38,0.8994,3458.7,0,0,0,0,0.7078,0
AUC_1056,1965091621,36,15,496,0.4167,33.0667,583930,613846,5000,30,10,120,12,0.1,450.79,7.16,10.39,0.3391,11643.8,0,0,0,0,0.01,0
AUC_1041,1225267280,89,33,280,0.3708,8.4848,1116518,1365290,5000,60,21,177,4,0.0226,188.18,50.99,3.96,0.565,9394.42,0,0,1,1,0.1972,0
AUC_1139,1552840692,59,10,479,0.1695,47.9,453731,523171,20000,90,13,97,17,0.1753,185.49,46.38,33.87,0.5506,50278.93,0,0,0,0,0.2839,0
AUC_1371,2845244195,43,0,1034,0.0,1034.0,748999,818159,1000,120,16,259,24,0.0927,15.08,6.91,11.03,0.8514,1166.52,1,1,1,0,0.9001,1
AUC_1269,1490120884,23,2,165,0.087,82.5,1168867,1201464,10000,90,23,140,2,0.0143,1104.47,24.94,21.26,0.4189,29798.7,0,0,0,1,0.15,1
AUC_1144,2311622550,23,5,276,0.2174,55.2,225946,256350,5000,180,3,48,15,0.3125,455.42,28.54,23.15,0.2551,14488.99,0,0,0,1,0.3582,0
AUC_1256,1260817935,96,0,685,0.0,685.0,235534,293329,5000,60,10,147,27,0.1837,5.14,16.94,4.98,0.581,8596.25,1,0,1,0,0.8084,1
AUC_1321,1336995352,72,29,401,0.4028,13.8276,788880,870614,2000,90,5,53,7,0.1321,259.4,33.13,25.19,0.2278,4348.76,0,0,0,0,0.0363,0
AUC_1237,1042253737,12,3,42,0.25,14.0,1173231,1449004,1000,30,18,247,5,0.0202,644.77,19.38,7.98,0.5287,3785.9,0,0,0,0,0.024,0
AUC_1023,1776641197,84,11,623,0.131,56.6364,1028976,1097203,1000,120,21,320,7,0.0219,204.69,83.11,10.37,0.36,1616.65,0,0,1,0,0.1821,0
AUC_1128,1310713217,5,1,47,0.2,47.0,1168089,1454985,10000,240,11,70,9,0.1286,439.15,94.49,152.36,0.5066,33756.97,0,0,0,1,0.1533,0
AUC_1321,1026997461,28,4,167,0.1429,41.75,1302383,1638543,2000,120,17,42,6,0.1429,211.25,6.99,57.3,0.4252,8741.85,0,1,0,0,0.1463,0
AUC_1288,2116958489,31,8,176,0.2581,22.0,1166543,1437193,20000,180,16,247,3,0.0121,433.42,117.83,40.11,0.4445,78050.59,0,0,0,0,0.1028,0
AUC_1161,1507147425,136,10,3450,0.0735,345.0,552070,605764,5000,90,10,128,33,0.2578,8.29,16.38,7.39,0.7542,8308.02,1,0,1,1,0.9205,1
AUC_1278,2937922683,86,3,2834,0.0349,944.6667,132624,158084,5000,120,18,53,42,0.7925,77.82,32.88,16.15,0.8241,7873.57,0,0,0,0,0.8994,1
AUC_1390,1123198468,85,20,306,0.2353,15.3,253439,279951,20000,120,24,340,3,0.0088,207.18,92.52,0.36,0.2304,53187.43,0,0,1,1,0.01,0
AUC_1008,1349619839,37,6,119,0.1622,19.8333,1565536,1812803,20000,90,15,263,10,0.038,361.22,49.4,22.34,0.2605,39560.91,0,0,0,1,0.0759,0
AUC_1038,1528318254,19,6,158,0.3158,26.3333,434369,503724,2000,60,17,98,9,0.0918,701.14,11.03,19.23,0.535,8001.29,0,0,0,1,0.107,0
AUC_1361,1630900946,16,4,139,0.25,34.75,1530161,1883972,5000,60,10,62,6,0.0968,389.02,43.75,1.79,0.3231,12333.6,0,0,1,1,0.112,0
AUC_1330,2475625825,97,34,524,0.3505,15.4118,523863,669257,2000,120,10,48,9,0.1875,188.48,49.2,2.61,0.4719,4235.34,0,0,1,0,0.1457,0
AUC_1095,2335861545,84,32,916,0.381,28.625,1265758,1414523,20000,180,10,37,12,0.3243,237.46,55.08,64.84,0.452,34609.05,0,0,0,1,0.1715,0
AUC_1371,2721547092,26,4,123,0.1538,30.75,418205,447343,5000,60,18,97,1,0.0103,515.66,23.14,32.49,0.5217,20752.55,0,0,0,0,0.204,0
AUC_1098,2654634883,35,4,231,0.1143,57.75,474728,538078,20000,120,5,59,8,0.1356,406.17,42.23,6.09,0.4461,27131.73,0,0,1,1,0.1698,1
AUC_1083,2742930593,134,2,2880,0.0149,1440.0,533956,603146,2000,240,18,120,24,0.2,51.98,59.42,20.2,0.6793,2811.19,1,0,1,0,0.7766,0
AUC_1339,2138103303,90,0,2923,0.0,2923.0,1321089,1396739,20000,30,15,225,14,0.0622,112.24,3.52,4.56,0.9829,30335.69,0,1,0,0,0.7112,1
AUC_1310,2471249342,84,13,221,0.1548,17.0,1737051,1778339,2000,240,18,303,2,0.0066,402.85,89.79,39.84,0.258,5536.95,0,0,0,0,0.1944,0
AUC_1366,2596868987,57,11,614,0.193,55.8182,1060650,1214443,10000,90,5,23,15,0.6522,278.35,35.96,25.39,0.5239,23952.71,0,0,0,0,0.3101,0
AUC_1167,1841218502,125,6,2220,0.048,370.0,829711,1213378,10000,30,7,49,36,0.7347,62.6,5.52,0.98,0.9773,11831.66,1,0,1,0,0.9356,1
AUC_1395,2008056343,18,9,81,0.5,9.0,694830,830743,20000,240,17,75,11,0.1467,231.98,196.16,6.64,0.2022,55076.06,0,0,1,0,0.1409,0
AUC_1060,1885537140,106,48,1322,0.4528,27.5417,1795696,2173066,5000,120,20,254,10,0.0394,126.42,64.24,16.7,0.4043,10359.38,0,0,0,1,0.1414,0
AUC_1116,2674178105,83,0,931,0.0,931.0,540021,645647,10000,120,15,201,30,0.1493,16.02,37.54,21.55,0.6875,12859.57,1,0,0,0,0.8397,1
AUC_1341,1789072597,22,2,148,0.0909,74.0,1055286,1148529,20000,90,9,40,6,0.15,722.51,35.68,42.0,0.3479,87367.06,0,0,0,0,0.1283,0
AUC_1152,1530784497,8,0,60,0.0,60.0,112559,136528,2000,30,18,141,1,0.0071,186.0,11.14,19.57,0.4561,4415.89,0,0,0,1,0.2622,0
AUC_1023,1206261313,87,41,329,0.4713,8.0244,679575,701043,5000,120,16,211,6,0.0284,315.46,79.56,3.5,0.4444,14126.92,0,0,1,0,0.1302,0
AUC_1148,2565016291,77,14,841,0.1818,60.0714,667854,687484,2000,180,22,310,6,0.0194,207.83,38.52,36.45,0.5796,4010.61,0,0,0,1,0.243,0
AUC_1392,2866463403,87,5,2488,0.0575,497.6,1864775,2185026,1000,120,4,62,24,0.3871,56.11,6.49,5.51,0.8219,1383.44,1,1,1,0,0.8617,1
AUC_1191,2317733839,52,10,115,0.1923,11.5,180047,217321,2000,30,21,318,4,0.0126,442.88,26.02,4.17,0.3006,5894.96,0,0,0,1,0.1129,0
AUC_1362,1541282606,24,3,110,0.125,36.6667,395270,427767,5000,180,10,123,2,0.0163,500.24,55.9,47.73,0.532,13532.04,0,0,0,0,0.2685,0
AUC_1205,1889927669,6,1,15,0.1667,15.0,1434399,1537806,5000,180,20,61,8,0.1311,379.2,149.22,25.19,0.4048,13645.08,0,0,0,1,0.1648,0
AUC_1290,1185319248,13,3,103,0.2308,34.3333,1289164,1317380,10000,180,14,149,2,0.0134,322.3,96.97,85.45,0.3934,12860.75,0,0,0,0,0.0307,0
AUC_1333,1244798720,9,3,30,0.3333,10.0,1359040,1467844,1000,90,5,23,3,0.1304,417.7,25.26,34.01,0.2952,2557.42,0,0,0,0,0.0863,0
AUC_1250,2924797185,72,3,948,0.0417,316.0,1214898,1390126,2000,90,6,43,33,0.7674,83.04,25.7,7.1,0.6615,3134.09,0,0,1,1,0.9122,1
AUC_1173,1815724634,11,1,31,0.0909,31.0,154726,168570,1000,240,16,92,5,0.0543,322.58,219.02,9.15,0.2908,1298.02,0,0,1,1,0.1245,0
AUC_1296,2535989888,88,15,861,0.1705,57.4,1332477,1575740,1000,180,13,77,14,0.1818,344.71,30.94,14.27,0.5913,1273.77,0,0,1,1,0.292,1
AUC_1044,1521494026,13,0,55,0.0,55.0,1740367,2037006,5000,180,6,96,7,0.0729,900.81,81.27,99.33,0.1424,14722.82,0,0,0,0,0.1233,0
AUC_1365,2035083885,65,5,405,0.0769,81.0,1489188,1618752,5000,60,19,324,10,0.0309,95.92,52.31,6.47,0.6173,13673.49,0,0,1,0,0.2512,0
AUC_1143,1840451718,15,3,82,0.2,27.3333,1105858,1357576,1000,90,4,24,3,0.125,806.48,50.69,50.46,0.4241,3376.42,0,0,0,1,0.1349,0
AUC_1359,1712499703,63,17,210,0.2698,12.3529,1128651,1408572,1000,120,3,47,10,0.2128,432.79,19.17,28.51,0.6291,2839.29,0,0,0,1,0.201,0
AUC_1029,2448770017,38,12,218,0.3158,18.1667,363224,425165,10000,90,6,87,3,0.0345,304.58,28.48,43.22,0.317,18555.8,0,0,0,0,0.0552,0
AUC_1250,2952069494,87,27,316,0.3103,11.7037,408932,487526,2000,240,7,54,2,0.037,285.08,116.28,25.4,0.6007,5429.61,0,0,1,1,0.1186,0
AUC_1315,2451133460,36,2,189,0.0556,94.5,187948,212442,5000,180,22,377,10,0.0265,292.99,86.04,15.37,0.6248,6742.02,0,0,1,0,0.4197,1
AUC_1143,1881175214,26,0,613,0.0,613.0,1672347,2222531,10000,180,8,92,31,0.337,55.39,29.53,6.12,0.9312,15452.01,1,0,1,0,0.9491,1
AUC_1217,2118664689,3,0,9,0.0,9.0,238876,251226,2000,180,19,106,2,0.0189,137.0,72.98,36.46,0.1873,7988.66,0,0,0,0,0.1483,0
AUC_1274,2089821375,60,4,244,0.0667,61.0,1948750,2282645,1000,120,17,245,7,0.0286,206.53,53.07,13.3,0.478,1884.54,0,0,1,0,0.2894,0
AUC_1000,1639748591,108,28,532,0.2593,19.0,1025723,1117324,10000,180,18,176,8,0.0455,371.46,25.45,52.3,0.6114,16687.03,0,0,0,0,0.1611,0
AUC_1153,2068380853,75,12,888,0.16,74.0,952414,1146992,2000,90,23,305,8,0.0262,392.28,1.08,6.44,0.3642,2544.54,0,1,1,1,0.1138,0
AUC_1340,1188476248,19,2,95,0.1053,47.5,1549476,1787164,1000,30,10,118,10,0.0847,282.57,12.57,10.97,0.5184,1113.65,0,0,0,1,0.0763,0
AUC_1008,2745450383,41,5,378,0.122,75.6,1118674,1269436,2000,120,4,28,3,0.1071,499.16,64.0,29.88,0.1897,8504.5,0,0,0,0,0.1532,0
AUC_1262,2710339500,75,21,329,0.28,15.6667,276805,300732,1000,180,14,230,7,0.0304,415.51,29.59,40.5,0.4378,2053.64,0,0,0,0,0.0744,0
AUC_1067,1023451154,28,1,184,0.0357,184.0,425102,492372,10000,90,7,33,9,0.2727,231.96,0.21,29.04,0.1663,19259.52,0,1,0,0,0.3852,0
AUC_1065,2318962600,70,17,610,0.2429,35.8824,226549,273884,2000,90,22,136,4,0.0294,297.33,35.28,10.76,0.4404,5310.51,0,0,1,0,0.1173,0
AUC_1180,2343770231,41,12,215,0.2927,17.9167,1018170,1241140,2000,60,23,82,8,0.0976,1189.76,25.97,12.82,0.3117,3603.37,0,0,0,0,0.0965,0
AUC_1272,1630507826,78,22,554,0.2821,25.1818,1640306,1848424,1000,60,23,300,6,0.02,104.29,52.61,10.32,0.1507,2685.44,0,0,0,0,0.017,0
AUC_1340,1426001083,61,6,519,0.0984,86.5,903100,1115201,20000,120,18,84,31,0.369,73.25,23.33,1.3,0.6682,39503.27,0,0,1,0,0.7298,1
AUC_1200,1274513030,9,3,50,0.3333,16.6667,1376597,1587140,5000,240,20,88,3,0.0341,778.48,185.18,112.87,0.177,21073.78,0,0,0,0,0.1117,0
AUC_1275,1818706929,74,3,930,0.0405,310.0,607512,680548,2000,120,16,140,23,0.1643,19.72,21.23,7.25,0.6668,4209.47,1,0,1,1,0.8495,1
AUC_1166,2259594529,129,11,1606,0.0853,146.0,272202,311745,5000,120,22,154,33,0.2143,82.37,16.99,11.52,0.9727,8527.84,0,0,1,0,0.8941,1
AUC_1134,1956282538,62,4,1066,0.0645,266.5,586479,703268,5000,60,14,195,31,0.159,85.29,10.69,3.76,0.6614,6920.88,0,0,1,0,0.7875,0
AUC_1377,2710893865,83,5,2157,0.0602,431.4,206627,260054,5000,60,12,85,31,0.3647,38.06,1.9,1.21,0.9497,7283.09,1,1,1,0,0.9546,0
AUC_1203,2242989363,68,2,1400,0.0294,700.0,1850445,2018117,2000,90,19,270,20,0.0741,33.67,4.34,4.26,0.9186,4397.07,1,1,1,0,0.9177,1
AUC_1313,2335682770,15,1,261,0.0667,261.0,245807,299080,5000,120,12,204,25,0.1225,20.72,33.06,10.98,0.7481,5808.85,1,0,1,0,0.9258,1
AUC_1355,1746958252,27,6,159,0.2222,26.5,539697,660382,5000,90,5,11,3,0.2727,891.66,31.96,19.75,0.2672,15733.06,0,0,0,0,0.1988,0
AUC_1084,1034724269,131,11,3917,0.084,356.0909,623030,658712,1000,180,4,55,24,0.4364,84.72,10.24,8.84,0.6589,1535.8,0,1,1,0,0.8022,0
AUC_1383,2958094876,60,3,1236,0.05,412.0,1617948,1878785,20000,90,18,248,37,0.1492,36.88,8.3,4.14,0.8805,21854.94,1,1,1,0,0.99,1
AUC_1025,2826543432,45,15,272,0.3333,18.1333,1352456,1651033,20000,90,6,33,3,0.0909,332.3,62.69,4.07,0.3091,34692.38,0,0,1,0,0.0409,0
AUC_1294,2447300830,72,17,676,0.2361,39.7647,898790,1040144,10000,60,20,128,9,0.0703,272.98,24.86,15.24,0.3612,20594.29,0,0,0,0,0.1256,0
AUC_1189,1590880371,59,18,222,0.3051,12.3333,991932,1231957,5000,240,13,127,14,0.1102,199.09,39.46,51.77,0.6487,15054.02,0,0,0,1,0.1706,0
AUC_1076,2332508922,31,1,388,0.0323,388.0,698560,809632,10000,180,20,228,16,0.0702,33.12,21.28,8.25,0.8086,19142.45,0,1,1,0,0.7432,1
AUC_1332,1102903543,39,18,361,0.4615,20.0556,885258,1035522,1000,180,13,51,15,0.2941,399.04,114.67,68.66,0.6047,1395.93,0,0,0,1,0.1093,0
AUC_1106,2259489084,18,4,177,0.2222,44.25,1055510,1102496,5000,180,10,94,1,0.0106,618.41,146.82,45.32,0.1711,17771.41,0,0,0,0,0.1769,0
AUC_1252,2732042386,52,2,1315,0.0385,657.5,412665,506112,1000,60,24,272,14,0.0515,26.13,16.75,2.5,0.8221,1685.19,0,0,1,0,0.7158,0
AUC_1258,1442443318,10,3,37,0.3,12.3333,650884,767050,5000,30,3,37,7,0.1892,316.34,25.5,1.53,0.2091,9330.18,0,0,1,0,0.1882,0
AUC_1293,1529998777,74,32,648,0.4324,20.25,1715329,1882753,2000,180,10,118,10,0.0847,345.36,160.65,7.62,0.2465,4784.89,0,0,1,1,0.1129,0
AUC_1039,1668706235,3,1,20,0.3333,20.0,720964,872700,10000,60,20,253,5,0.0198,942.43,44.18,28.9,0.4672,22305.42,0,0,0,0,0.1611,0
AUC_1215,1718956235,12,4,67,0.3333,16.75,672317,802246,2000,180,23,346,9,0.026,1173.7,145.71,59.21,0.2898,3122.94,0,0,0,0,0.01,0
AUC_1208,1779761281,110,34,1245,0.3091,36.6176,1207394,1404504,2000,90,3,53,6,0.1132,347.73,44.5,7.89,0.4642,6705.72,0,0,1,1,0.1995,1
AUC_1029,1665808834,52,11,158,0.2115,14.3636,1567681,1863793,10000,90,17,254,7,0.0276,291.02,31.92,11.41,0.4083,33670.97,0,0,0,1,0.0832,0
AUC_1210,1442126213,54,1,870,0.0185,870.0,1872688,2221916,10000,90,9,61,35,0.5738,23.36,21.54,14.03,0.843,11453.13,1,0,0,0,0.99,1
AUC_1043,2407403089,41,10,210,0.2439,21.0,1205617,1280256,5000,120,6,51,4,0.0784,398.28,75.1,6.46,0.4961,11921.15,0,0,1,0,0.1128,0
AUC_1215,1927076369,3,0,16,0.0,16.0,543798,667371,2000,180,18,109,5,0.0459,148.76,110.06,28.98,0.538,3862.61,0,0,0,0,0.2213,0
AUC_1304,1494432214,86,4,2846,0.0465,711.5,1803617,2040609,1000,180,24,180,40,0.2222,116.77,49.19,10.17,0.8474,1323.46,0,0,1,0,0.803,1
AUC_1279,2159069146,116,0,3474,0.0,3474.0,1027128,1134079,1000,30,17,97,18,0.1856,119.67,8.07,2.3,0.845,1293.24,0,0,1,0,0.7704,1
AUC_1398,1935035653,38,4,365,0.1053,91.25,1121263,1313508,10000,60,12,100,9,0.09,440.04,7.01,24.42,0.1702,27273.88,0,1,0,0,0.2574,1
AUC_1357,2096544885,24,0,475,0.0,475.0,1410694,1764143,20000,90,5,82,20,0.2439,87.29,23.66,17.69,0.6524,30144.77,0,0,0,0,0.6696,1
AUC_1277,2143774759,42,2,1090,0.0476,545.0,335212,383986,5000,240,17,105,23,0.219,34.94,6.15,7.63,0.6498,6473.66,1,1,1,0,0.8414,1
AUC_1069,1720473188,74,3,1226,0.0405,408.6667,1185527,1237148,1000,240,19,291,30,0.1031,10.18,13.52,22.44,0.7943,2070.59,1,1,1,0,0.8828,0
AUC_1319,1880000806,30,3,764,0.1,254.6667,691224,805900,2000,60,6,81,28,0.3457,15.66,11.03,0.31,0.6724,3328.29,1,0,1,0,0.8668,1
AUC_1105,1543151402,101,22,1245,0.2178,56.5909,493318,550361,1000,60,15,117,7,0.0598,134.34,12.73,8.11,0.2487,2367.27,0,0,0,1,0.2056,1
AUC_1299,1196803681,21,5,84,0.2381,16.8,416099,518848,20000,180,5,65,3,0.0462,93.78,158.38,22.94,0.2826,55467.63,0,0,0,0,0.1791,1
AUC_1256,2608533414,10,5,28,0.5,5.6,1240953,1365625,5000,90,6,53,5,0.0943,140.45,45.24,2.19,0.4782,7808.26,0,0,1,0,0.0945,0
AUC_1025,1999574426,29,10,96,0.3448,9.6,472446,562050,10000,120,5,16,13,0.8125,496.79,24.68,42.47,0.3788,16151.37,0,0,0,0,0.2622,1
AUC_1394,1821877154,12,0,29,0.0,29.0,1773028,2203592,5000,60,4,32,7,0.2188,764.46,36.57,41.27,0.4632,10557.75,0,0,0,0,0.2136,0
AUC_1177,2290812493,33,5,243,0.1515,48.6,1210117,1449036,20000,60,18,165,6,0.0364,423.78,26.32,33.26,0.1426,43581.98,0,0,0,1,0.1853,0
AUC_1078,1885524399,23,1,718,0.0435,718.0,344768,477282,10000,180,11,43,34,0.7907,27.81,25.85,2.71,0.9125,16301.77,1,0,1,0,0.8907,1
AUC_1094,1544290571,20,10,147,0.5,14.7,134622,142907,5000,60,10,49,5,0.102,142.28,35.51,9.41,0.1661,10327.59,0,0,0,1,0.01,0
AUC_1006,2504750442,104,1,1995,0.0096,1995.0,567157,681216,2000,120,11,176,22,0.125,72.43,19.24,0.67,0.9003,2449.04,0,0,1,0,0.8368,1
AUC_1367,1623726085,44,8,219,0.1818,27.375,1670884,1990545,1000,180,15,205,2,0.0098,815.37,117.81,62.59,0.1807,1875.13,0,0,0,0,0.0243,0
AUC_1236,1216643116,15,1,42,0.0667,42.0,1714877,1928833,20000,90,22,360,10,0.0278,69.53,48.76,6.4,0.2864,21546.8,0,0,1,0,0.1388,0
AUC_1388,2095435421,104,47,767,0.4519,16.3191,388410,481880,5000,180,22,294,17,0.0578,83.74,18.16,30.95,0.2975,8807.82,0,1,0,1,0.0218,0
AUC_1084,2002819486,63,16,228,0.254,14.25,361844,383131,2000,180,4,35,7,0.2,380.56,71.49,9.15,0.487,4385.39,0,0,1,1,0.1795,0
AUC_1045,1617877761,12,0,80,0.0,80.0,975155,1045680,1000,60,24,73,29,0.3973,37.27,3.42,1.13,0.7761,1060.72,1,1,1,0,0.9221,1
AUC_1225,2228798043,63,1,1272,0.0159,1272.0,254301,276842,1000,240,11,101,30,0.297,36.92,10.24,5.07,0.7922,1602.09,1,1,1,0,0.8235,1
AUC_1105,2992227502,29,1,562,0.0345,562.0,78831,100204,5000,120,20,312,30,0.0962,19.85,7.89,17.91,0.8571,7162.38,1,1,0,0,0.8635,1
AUC_1360,1963047293,62,1,1543,0.0161,1543.0,1549961,1724939,1000,120,17,77,28,0.3636,57.87,6.77,9.9,0.9019,1454.27,1,1,1,1,0.8997,0
AUC_1038,1873507517,51,1,1106,0.0196,1106.0,780224,955055,5000,90,6,93,26,0.2796,18.63,4.29,8.83,0.8508,8154.96,1,1,1,0,0.9343,1
AUC_1153,1127860565,6,1,24,0.1667,24.0,148684,181124,2000,120,4,60,4,0.0667,340.28,14.95,61.3,0.3511,7961.43,0,0,0,0,0.1685,0
AUC_1309,2520617209,26,2,110,0.0769,55.0,1419257,1774965,10000,120,19,187,4,0.0214,472.73,66.2,83.49,0.391,15669.32,0,0,0,1,0.153,0
AUC_1009,1302497117,53,1,449,0.0189,449.0,1086300,1286930,10000,120,12,190,28,0.1474,32.91,11.5,7.74,0.6088,14103.12,1,1,1,1,0.9493,1
AUC_1366,1905496626,108,52,1205,0.4815,23.1731,1828393,2240611,1000,30,5,63,12,0.1905,442.22,8.13,4.33,0.4686,3044.09,0,0,0,0,0.104,0
AUC_1207,2498722978,116,55,1386,0.4741,25.2,1188417,1564507,2000,90,10,27,17,0.6296,465.55,1.63,10.95,0.2596,4665.61,0,1,0,1,0.335,1
AUC_1364,2145025569,117,41,673,0.3504,16.4146,1420543,1474833,10000,120,21,212,10,0.0472,217.04,57.43,31.66,0.5415,30501.04,0,0,0,1,0.2678,0
AUC_1304,2594105188,76,4,959,0.0526,239.75,1460471,1883890,1000,120,7,36,25,0.6944,13.4,21.15,10.8,0.7393,2028.87,1,0,1,1,0.99,1
AUC_1281,1138558326,91,0,1725,0.0,1725.0,934824,1140195,10000,120,9,154,33,0.2143,108.5,18.23,13.76,0.9886,17860.48,0,0,1,0,0.8346,1
AUC_1361,1693555146,43,4,97,0.093,24.25,904844,1136624,20000,90,7,92,3,0.0326,1132.65,69.95,26.06,0.2808,66457.96,0,0,0,0,0.1678,0
AUC_1206,2060549253,37,7,178,0.1892,25.4286,1794899,2131660,1000,120,8,45,4,0.0889,704.34,29.97,36.23,0.4912,1678.67,0,0,0,0,0.1414,0
AUC_1342,2402420609,111,39,751,0.3514,19.2564,1417533,1643202,1000,180,24,314,17,0.0541,318.59,74.35,31.75,0.2219,2566.8,0,0,0,1,0.1088,0
AUC_1040,1040764538,84,7,1138,0.0833,162.5714,1726502,1983436,2000,60,20,320,17,0.0531,37.42,12.81,2.46,0.5544,3903.0,0,0,1,0,0.6654,1
AUC_1090,2429101354,20,1,135,0.05,135.0,1393815,1696448,5000,120,6,29,5,0.1724,478.07,22.75,36.25,0.1225,13839.33,0,0,0,0,0.3101,0
AUC_1382,1295890583,70,4,1376,0.0571,344.0,397717,475487,1000,240,15,221,12,0.0543,14.37,4.32,17.59,0.7969,2167.13,0,1,1,0,0.7334,0
AUC_1299,1244834832,13,1,48,0.0769,48.0,1488259,1625254,5000,240,22,152,4,0.0263,101.04,194.29,40.09,0.6725,11707.12,0,0,0,0,0.216,0
AUC_1004,2509639664,36,1,250,0.0278,250.0,190548,235438,2000,30,7,15,2,0.1333,736.98,23.31,4.98,0.4607,4977.41,0,0,0,1,0.2113,0
AUC_1030,1559240192,67,15,570,0.2239,38.0,1107458,1248144,10000,60,19,194,4,0.0206,113.65,32.15,2.24,0.3488,19786.62,0,0,1,1,0.1085,0
AUC_1371,2138984492,109,54,1012,0.4954,18.7407,808031,928284,5000,30,8,28,17,0.6071,143.24,18.46,4.51,0.3351,13564.73,0,0,0,1,0.2888,0
AUC_1067,1956322282,25,0,157,0.0,157.0,143254,179076,2000,180,22,125,6,0.048,286.13,94.8,2.23,0.3696,2747.14,0,0,1,0,0.3608,0
AUC_1086,1207016038,32,2,276,0.0625,138.0,1467309,1515978,2000,60,13,102,4,0.0392,902.54,29.0,20.25,0.4266,6911.09,0,0,0,0,0.2378,0
AUC_1344,1296092818,43,19,205,0.4419,10.7895,1597451,1854898,10000,90,6,102,12,0.1176,356.77,0.2,18.03,0.2901,18102.04,0,1,0,1,0.0278,0
AUC_1174,2975485050,52,0,863,0.0,863.0,67804,73152,1000,120,24,73,24,0.3288,23.21,12.51,3.04,0.6473,1119.72,1,1,1,0,0.9656,1
AUC_1390,2500625425,83,37,1159,0.4458,31.3243,1723054,1860583,1000,120,16,73,6,0.0822,390.65,74.91,22.06,0.3644,2114.9,0,0,0,0,0.0153,0
AUC_1228,1556844393,10,0,34,0.0,34.0,1393577,1575260,5000,120,20,178,9,0.0506,1005.9,31.44,83.22,0.3723,19932.78,0,0,0,0,0.1821,0
AUC_1351,1465242815,6,3,21,0.5,7.0,946884,989457,5000,90,9,64,3,0.0469,439.56,62.3,14.69,0.6225,8331.25,0,0,0,0,0.0547,0
AUC_1258,2381702350,28,2,147,0.0714,73.5,1138655,1178706,5000,90,20,107,10,0.0935,133.16,67.73,6.42,0.2231,6272.65,0,0,1,0,0.207,1
AUC_1386,1150893154,34,10,180,0.2941,18.0,1028420,1152129,2000,180,5,86,5,0.0581,1035.91,58.21,55.38,0.4626,2610.67,0,0,0,0,0.0635,0
AUC_1266,2499934382,80,29,380,0.3625,13.1034,371414,409300,1000,120,12,65,10,0.1538,102.76,44.54,8.53,0.6887,1220.68,0,0,1,0,0.2186,0
AUC_1280,1186726059,52,19,421,0.3654,22.1579,520795,695586,1000,180,12,28,14,0.5,193.59,69.9,21.62,0.3161,1876.59,0,0,0,1,0.3139,0
AUC_1196,1749541995,27,10,105,0.3704,10.5,171282,189946,5000,120,17,44,3,0.0682,360.08,86.3,12.82,0.6518,9521.61,0,0,1,0,0.1376,0
AUC_1098,2449700211,44,0,560,0.0,560.0,1607598,2039373,20000,180,3,42,23,0.5476,5.7,29.35,1.56,0.9081,38951.27,1,0,1,1,0.99,1
AUC_1042,1316286787,151,4,3181,0.0265,795.25,1654778,1966523,10000,90,19,262,23,0.0878,73.53,22.29,7.73,0.682,17698.97,0,0,1,0,0.7033,1
AUC_1067,1952772894,49,2,1163,0.0408,581.5,52078,62976,1000,60,9,120,27,0.225,37.58,13.95,5.64,0.6709,2033.34,1,0,1,0,0.8269,1
AUC_1273,1331459528,59,26,523,0.4407,20.1154,479234,590378,2000,120,16,271,5,0.0185,184.75,67.11,4.3,0.6604,2699.5,0,0,1,1,0.0864,1
AUC_1225,1601960671,22,7,195,0.3182,27.8571,1209189,1346218,1000,90,19,179,1,0.0056,645.42,63.86,40.18,0.102,4169.01,0,0,0,0,0.1,0
AUC_1124,2913744544,76,18,318,0.2368,17.6667,1839084,2266559,1000,240,8,142,7,0.0493,101.44,82.99,72.91,0.3855,2675.27,0,0,0,0,0.1726,1
AUC_1171,2839018691,63,3,914,0.0476,304.6667,1958643,2369441,2000,30,16,242,43,0.1777,87.59,2.9,5.63,0.6626,3566.49,0,1,0,0,0.8113,1
AUC_1003,1545732827,88,34,709,0.3864,20.8529,1659624,1827039,2000,60,7,73,12,0.1644,380.9,32.44,6.02,0.4881,2201.2,0,0,1,0,0.1645,0
AUC_1052,2930361158,68,0,1394,0.0,1394.0,1206125,1235637,10000,180,17,276,13,0.0471,37.85,53.04,17.04,0.8797,18467.5,0,0,1,0,0.7458,0
AUC_1331,2767896280,50,2,963,0.04,481.5,1214746,1353362,10000,180,24,403,24,0.0596,82.91,3.5,4.15,0.6878,10419.87,0,1,1,0,0.5933,0
AUC_1000,1306720215,16,5,133,0.3125,26.6,184883,202954,10000,120,23,213,8,0.0376,255.72,14.18,30.07,0.4615,26503.23,0,1,0,0,0.1338,0
AUC_1288,1339545966,38,5,281,0.1316,56.2,1935304,2412895,10000,240,12,111,14,0.1261,152.55,42.99,56.49,0.401,28377.93,0,0,0,0,0.196,0
AUC_1398,1031507958,97,1,2533,0.0103,2533.0,1080457,1301624,20000,120,24,390,35,0.0897,36.06,40.7,15.27,0.8924,23485.06,1,0,0,0,0.9872,1
AUC_1254,2251770216,7,1,38,0.1429,38.0,1980011,2300166,10000,180,22,361,6,0.0166,419.17,165.28,22.14,0.2663,10794.58,0,0,0,0,0.1942,0
AUC_1334,1216848701,135,3,3944,0.0222,1314.6667,1383882,1695611,20000,120,17,297,25,0.0842,28.49,32.27,10.47,0.712,32141.57,1,0,1,0,0.898,1
AUC_1375,1745942972,26,12,98,0.4615,8.1667,1586093,1898437,20000,120,20,62,10,0.1613,78.42,39.32,5.12,0.3766,64838.91,0,0,1,0,0.029,0
AUC_1094,1424870459,124,8,3235,0.0645,404.375,1621421,1841512,5000,120,4,65,17,0.2615,46.67,7.07,3.54,0.9166,7740.43,0,1,1,0,0.7154,1
AUC_1088,2229215244,91,24,942,0.2637,39.25,1132640,1395921,2000,90,21,183,15,0.082,309.32,21.75,32.32,0.2654,4817.16,0,0,0,1,0.1196,0
AUC_1341,1919887651,25,4,173,0.16,43.25,796294,872170,2000,120,6,74,6,0.0811,598.44,80.95,54.77,0.5213,3142.28,0,0,0,0,0.189,0
AUC_1121,1172858869,81,0,1428,0.0,1428.0,123876,139426,20000,180,20,340,36,0.1059,31.23,4.91,14.78,0.6543,33353.96,1,1,1,0,0.8889,1
AUC_1258,2506650400,44,3,610,0.0682,203.3333,940560,1206534,20000,180,10,125,29,0.232,7.36,52.32,17.5,0.7943,29412.92,1,0,1,0,0.9688,1
AUC_1383,2815752430,44,6,345,0.1364,57.5,1418004,1682719,10000,60,14,206,4,0.0194,164.11,38.9,30.18,0.5337,31377.67,0,0,0,0,0.1795,1
AUC_1384,2864506464,2,0,5,0.0,5.0,440999,515058,5000,180,7,124,2,0.0161,844.13,134.06,110.59,0.1923,19733.6,0,0,0,0,0.088,0
AUC_1222,2302349497,6,1,53,0.1667,53.0,1795318,1885539,20000,90,21,74,6,0.0811,1018.11,75.87,44.34,0.4506,59829.3,0,0,0,0,0.3312,1
AUC_1315,2253786010,9,2,22,0.2222,11.0,540823,586218,5000,90,16,144,4,0.0278,266.49,78.5,12.52,0.5355,6394.65,0,0,0,1,0.0853,0
AUC_1307,1087454393,38,18,452,0.4737,25.1111,1254514,1457375,1000,120,11,193,7,0.0363,420.42,0.93,39.2,0.2609,1725.62,0,1,0,1,0.0655,0
AUC_1224,1457860698,147,3,3863,0.0204,1287.6667,770603,849029,2000,30,13,208,38,0.1827,75.95,7.56,3.91,0.7005,2951.9,0,0,0,0,0.7584,1
AUC_1057,2139868887,47,0,274,0.0,274.0,1087414,1223976,5000,120,12,27,9,0.3333,327.43,77.57,13.34,0.6336,12403.28,0,0,1,0,0.4268,0
AUC_1080,2681488568,22,6,146,0.2727,24.3333,189293,233652,20000,180,10,136,2,0.0147,248.93,24.64,79.78,0.5369,47577.54,0,0,0,1,0.1603,0
AUC_1047,1053994830,144,2,4790,0.0139,2395.0,730569,774959,10000,240,7,64,16,0.25,52.62,25.54,12.19,0.6674,16693.97,0,1,1,0,0.5329,1
AUC_1319,2105448992,93,22,1147,0.2366,52.1364,821229,1032259,1000,60,18,79,16,0.2025,466.24,24.85,22.9,0.2416,1151.88,0,0,0,1,0.258,0
AUC_1201,2896104082,56,5,1281,0.0893,256.2,744453,901614,5000,240,15,257,27,0.1051,61.93,26.61,8.37,0.7591,7226.0,1,1,1,1,0.7734,1
AUC_1134,2656686597,40,7,203,0.175,29.0,361087,452594,5000,60,6,13,4,0.3077,698.52,30.39,24.58,0.225,21721.62,0,0,0,0,0.1978,0
AUC_1091,2947812589,69,4,736,0.058,184.0,1393532,1598944,20000,90,16,102,29,0.2843,39.5,9.94,3.16,0.805,43076.4,1,1,1,1,0.9308,1
AUC_1046,1176923237,59,7,353,0.1186,50.4286,655789,762893,20000,240,11,143,11,0.0769,428.51,182.86,31.63,0.6425,57455.12,0,0,0,0,0.2057,1
AUC_1285,1323671448,72,20,396,0.2778,19.8,447538,473186,20000,60,15,253,7,0.0277,180.48,25.96,4.54,0.5036,21785.07,0,0,1,1,0.1604,0
AUC_1285,2682127894,32,14,236,0.4375,16.8571,604838,755946,5000,120,13,193,11,0.057,421.37,90.06,8.94,0.5241,9013.13,0,0,1,0,0.1337,0
AUC_1280,1256997239,12,2,64,0.1667,32.0,125443,157396,5000,180,14,59,4,0.0678,666.37,19.01,75.75,0.2215,14102.28,0,1,0,1,0.2388,0
AUC_1025,1002865833,62,6,1557,0.0968,259.5,1783357,2299470,1000,60,7,74,34,0.4595,62.74,4.42,6.72,0.7717,1248.53,1,1,1,0,0.99,1
AUC_1012,2537816674,106,1,3242,0.0094,3242.0,1215120,1365154,10000,180,5,69,25,0.3623,16.25,50.28,28.09,0.8845,10783.4,1,0,0,1,0.886,1
AUC_1190,1466823876,122,5,1876,0.041,375.2,170931,188426,1000,60,14,223,14,0.0628,73.28,3.58,1.68,0.8681,1248.7,0,1,1,0,0.7075,1
AUC_1257,1554550547,18,4,181,0.2222,45.25,1636027,1968350,2000,60,24,143,17,0.1189,402.86,23.63,5.89,0.3158,6084.01,0,0,1,0,0.1817,0
AUC_1308,1785921286,9,2,72,0.2222,36.0,953991,1184346,20000,180,24,110,9,0.0818,449.8,9.89,36.02,0.1644,71020.36,0,1,0,0,0.1063,0
AUC_1140,2022546202,146,2,4952,0.0137,2476.0,928638,1093763,2000,180,23,389,14,0.036,85.32,56.03,24.28,0.9397,2869.7,0,0,0,0,0.5944,0
AUC_1112,2761152076,72,34,503,0.4722,14.7941,60015,67192,10000,180,16,163,5,0.0307,327.72,83.09,1.01,0.6256,17926.61,0,0,1,0,0.239,0
AUC_1371,2197946395,147,7,3139,0.0476,448.4286,1878745,2207026,10000,120,16,267,30,0.1124,30.42,32.46,9.76,0.7762,14165.38,1,0,1,0,0.8189,1
AUC_1208,2173225555,19,2,79,0.1053,39.5,1211065,1351365,1000,120,19,332,3,0.009,554.5,2.61,49.45,0.299,3697.6,0,1,0,0,0.277,0
AUC_1397,2392673951,13,3,43,0.2308,14.3333,1918298,2237169,20000,240,11,100,5,0.05,940.76,170.88,48.51,0.3533,74275.4,0,0,0,1,0.048,0
AUC_1059,1373131878,24,8,228,0.3333,28.5,1374982,1520293,10000,120,5,74,9,0.1216,252.22,58.13,32.25,0.1651,22705.62,0,0,0,0,0.1626,0
AUC_1323,1667156270,38,11,288,0.2895,26.1818,1257893,1362959,2000,240,21,354,6,0.0169,343.27,80.96,149.51,0.1277,3842.27,0,0,0,1,0.0956,0
AUC_1252,1047210317,2,1,17,0.5,17.0,1618684,1939202,20000,60,11,171,7,0.0409,448.64,16.83,25.72,0.2592,66715.62,0,0,0,0,0.0225,0
AUC_1197,1650085101,19,2,206,0.1053,103.0,920735,1043593,2000,90,4,12,9,0.75,491.06,18.1,27.7,0.4512,3142.54,0,0,0,0,0.4018,1
AUC_1318,2640387218,18,1,114,0.0556,114.0,1908561,2243153,2000,180,14,32,6,0.1875,168.96,114.18,3.5,0.2195,3852.95,0,0,1,1,0.3021,0
AUC_1143,2005649732,5,0,17,0.0,17.0,1521904,1913759,5000,90,6,31,8,0.2581,594.14,22.34,21.19,0.4026,6425.48,0,0,0,0,0.209,1
AUC_1286,2505775521,99,3,2112,0.0303,704.0,1013468,1110250,10000,90,12,46,24,0.5217,48.39,12.05,0.34,0.8608,14871.92,1,0,1,0,0.985,1
AUC_1047,1169723919,37,9,441,0.2432,49.0,1889470,2415629,20000,180,5,40,17,0.425,280.37,116.87,39.08,0.6339,20818.09,0,0,0,1,0.4874,0
AUC_1084,1992176832,91,13,545,0.1429,41.9231,1101823,1374078,1000,60,7,45,8,0.1778,162.41,25.56,11.89,0.4063,2921.08,0,0,0,0,0.2378,0
AUC_1116,2021104428,136,5,3917,0.0368,783.4,775085,919754,2000,60,12,73,16,0.2192,83.43,3.49,3.37,0.9638,3758.4,0,1,1,0,0.7277,0
AUC_1145,2047133608,143,5,3662,0.035,732.4,1102925,1161923,10000,180,12,100,14,0.14,14.37,59.71,0.59,0.9384,11353.1,0,0,1,0,0.8836,1
AUC_1324,2665664433,93,7,918,0.0753,131.1429,1288813,1350317,2000,90,11,96,21,0.2188,39.82,3.99,5.33,0.9043,3649.32,1,1,1,1,0.9346,1
AUC_1258,1816512593,43,0,141,0.0,141.0,165735,202345,1000,240,21,219,6,0.0274,548.19,13.67,136.13,0.3015,3532.87,0,1,0,0,0.264,1
AUC_1225,2784680799,51,2,818,0.0392,409.0,526454,664012,5000,90,12,66,42,0.6364,19.21,12.42,15.03,0.7979,6047.51,1,0,0,1,0.99,1
AUC_1052,2656839086,18,0,140,0.0,140.0,364347,378083,5000,90,10,94,7,0.0745,715.9,8.02,27.78,0.5426,15785.45,0,1,0,0,0.4096,1
AUC_1285,2772434734,105,3,2939,0.0286,979.6667,418092,550100,5000,240,5,41,36,0.878,42.45,54.57,6.74,0.6371,8170.45,1,0,1,0,0.99,1
AUC_1168,1712225666,29,2,156,0.069,78.0,266272,294428,10000,240,18,223,9,0.0404,579.41,123.04,111.63,0.3587,20442.7,0,0,0,0,0.1528,0
AUC_1244,2653319134,69,2,946,0.029,473.0,141418,159689,5000,90,21,376,25,0.0665,8.46,4.69,6.12,0.5567,10300.91,1,1,1,0,0.7486,0
AUC_1292,2725273189,71,3,2406,0.0423,802.0,1363207,1674471,1000,180,15,204,44,0.2157,54.29,44.77,20.86,0.8996,1049.6,1,0,1,0,0.99,1
AUC_1335,2174446696,29,1,212,0.0345,212.0,1573831,1872140,1000,30,4,28,7,0.25,937.97,24.6,18.82,0.1981,1371.32,0,0,0,1,0.3201,0
AUC_1141,1301235783,116,55,416,0.4741,7.5636,1584159,2019859,2000,240,7,93,13,0.1398,257.14,48.61,92.62,0.2627,2218.77,0,0,0,0,0.01,0
AUC_1371,2051800950,29,8,281,0.2759,35.125,1284543,1349281,20000,30,21,208,5,0.024,697.68,10.6,10.07,0.1447,87142.34,0,0,0,1,0.1036,0
AUC_1026,1471256972,107,5,2823,0.0467,564.6,92446,116875,1000,120,12,85,23,0.2706,66.36,24.8,13.34,0.7566,1740.52,1,0,1,0,0.781,1
AUC_1373,2650406340,10,1,164,0.1,164.0,1704866,1918898,1000,180,22,281,21,0.0747,16.28,3.37,3.02,0.7143,1617.86,1,1,1,0,0.8258,0
AUC_1228,1657811063,40,3,370,0.075,123.3333,314278,364599,20000,120,8,118,3,0.0254,506.17,70.41,49.12,0.2481,41499.13,0,0,0,1,0.3122,0
AUC_1293,2529356235,68,2,772,0.0294,386.0,651766,775294,10000,120,17,79,41,0.519,38.17,35.23,11.53,0.875,16352.66,1,0,1,0,0.99,1
AUC_1278,1919601234,7,1,35,0.1429,35.0,1484793,1725212,2000,240,17,45,2,0.0444,918.31,36.07,142.28,0.4806,6613.67,0,0,0,1,0.1564,0
AUC_1174,1986782915,49,23,426,0.4694,18.5217,1721982,2033895,1000,240,24,236,9,0.0381,470.77,50.34,49.85,0.2577,3324.5,0,0,0,0,0.0472,1
AUC_1173,1647176419,74,24,558,0.3243,23.25,290899,329539,5000,90,12,121,3,0.0248,434.27,74.21,2.36,0.5562,11656.48,0,0,1,1,0.1131,1
AUC_1255,2358959174,105,8,1600,0.0762,200.0,1129603,1303132,10000,120,11,176,22,0.125,41.73,7.31,4.45,0.7484,13082.62,1,1,1,0,0.7263,0
AUC_1387,2901268431,38,11,82,0.2895,7.4545,1420397,1685192,10000,60,14,208,8,0.0385,608.72,16.28,18.35,0.4874,25914.58,0,0,0,0,0.0484,0
AUC_1157,2801944570,29,0,476,0.0,476.0,83971,103043,10000,180,11,53,31,0.5849,22.8,8.82,19.61,0.9538,10518.97,1,1,1,0,0.99,1
AUC_1259,1474456865,16,4,90,0.25,22.5,307261,342817,1000,90,6,76,14,0.1842,490.86,4.33,9.21,0.5405,2351.5,0,1,1,0,0.2303,0
AUC_1221,2526880170,5,1,43,0.2,43.0,503746,582362,5000,120,16,134,3,0.0224,1079.02,64.55,65.69,0.3689,16609.79,0,0,0,0,0.1046,0
AUC_1313,2263647746,41,13,361,0.3171,27.7692,584119,693360,20000,120,15,189,4,0.0212,157.28,44.05,18.94,0.4843,52600.74,0,0,0,0,0.2018,0
AUC_1114,1150548656,19,1,381,0.0526,381.0,1477296,1858860,2000,30,7,35,19,0.5429,62.86,0.83,1.87,0.749,2903.7,1,1,1,1,0.8412,1
AUC_1185,1106721311,17,2,47,0.1176,23.5,1849271,2280100,2000,90,23,155,5,0.0323,557.78,34.98,48.23,0.3359,4922.16,0,0,0,0,0.0147,0
AUC_1102,2670878430,2,1,15,0.5,15.0,54430,63532,5000,60,22,369,4,0.0108,843.04,7.22,33.28,0.3905,22025.49,0,0,0,1,0.0343,0
AUC_1176,1142676199,80,37,335,0.4625,9.0541,404398,437266,1000,240,21,124,6,0.0484,348.79,122.49,68.58,0.5549,2437.77,0,0,0,1,0.0672,0
AUC_1089,2238451876,11,0,86,0.0,86.0,1681178,2047850,1000,30,7,37,8,0.2162,1060.92,9.26,10.5,0.2391,3004.91,0,0,0,0,0.2793,0
AUC_1265,2212313354,16,0,399,0.0,399.0,1481910,1898183,5000,120,5,56,30,0.5357,83.32,10.79,13.49,0.7746,9821.76,0,1,1,0,0.8747,0
AUC_1093,1554879584,38,3,806,0.0789,268.6667,1187165,1502457,2000,120,22,125,35,0.28,41.11,5.98,12.61,0.8679,2050.72,1,1,1,0,0.99,1
AUC_1088,1653039970,93,9,992,0.0968,110.2222,747418,937614,1000,90,20,172,17,0.0988,68.87,19.79,4.59,0.7572,1304.21,0,0,1,1,0.6766,1
AUC_1042,1310818551,50,21,318,0.42,15.1429,535126,669928,20000,240,17,137,10,0.073,79.49,122.0,39.54,0.2431,48402.33,0,0,0,0,0.0871,0
AUC_1148,2016555698,23,3,123,0.1304,41.0,1178145,1254978,5000,60,4,38,3,0.0789,704.22,43.4,35.65,0.4145,15973.66,0,0,0,0,0.2453,0
AUC_1168,2957756303,83,4,1294,0.0482,323.5,96935,115564,20000,120,15,51,31,0.6078,33.02,5.21,17.58,0.7793,34800.71,1,1,0,0,0.99,1
AUC_1212,1897611388,53,24,610,0.4528,25.4167,1088174,1258469,10000,90,13,216,7,0.0324,174.94,32.13,22.99,0.3235,30670.04,0,0,0,0,0.1573,0
AUC_1083,1925240262,92,3,981,0.0326,327.0,766097,844470,1000,120,15,241,38,0.1577,50.71,19.86,21.49,0.6579,1447.36,1,0,0,0,0.8314,1
AUC_1137,1845045916,98,41,399,0.4184,9.7317,1555874,1887176,10000,180,7,82,11,0.1341,145.06,48.87,41.73,0.2567,24697.75,0,0,0,0,0.1282,0
AUC_1196,1587905258,115,2,2490,0.0174,1245.0,54509,62389,1000,240,10,114,23,0.2018,91.35,3.9,40.22,0.9669,1237.94,0,1,0,0,0.7987,1
AUC_1116,1852189348,16,3,70,0.1875,23.3333,1172481,1251121,10000,60,20,94,6,0.0638,423.57,1.91,14.81,0.4894,25059.18,0,1,0,1,0.2378,1
AUC_1323,2035136817,23,4,86,0.1739,21.5,885677,991440,20000,90,20,73,9,0.1233,261.4,48.72,47.1,0.3953,53503.82,0,0,0,0,0.2064,1
AUC_1323,1064284928,9,1,101,0.1111,101.0,92125,116506,5000,90,11,64,28,0.4375,14.51,7.99,4.57,0.6036,7312.29,1,1,1,0,0.8618,1
AUC_1244,1253703680,105,1,2286,0.0095,2286.0,685091,746485,10000,60,6,74,17,0.2297,59.1,1.16,0.32,0.6406,10002.41,0,1,1,0,0.8968,1
AUC_1360,1233975130,4,1,11,0.25,11.0,1839495,1890649,5000,120,18,193,5,0.0259,1009.24,99.98,66.3,0.4318,9596.58,0,0,0,0,0.1435,0
AUC_1177,1453792412,25,2,61,0.08,30.5,535341,641819,5000,90,23,304,7,0.023,686.99,60.15,40.25,0.2467,11587.25,0,0,0,1,0.0832,0
AUC_1012,2748172684,5,1,17,0.2,17.0,836270,965130,20000,240,22,76,11,0.1447,318.0,202.18,5.02,0.2566,33764.34,0,0,1,0,0.1211,0
AUC_1252,1417864753,111,0,2378,0.0,2378.0,1242907,1404837,2000,90,21,263,37,0.1407,32.06,13.13,8.33,0.7923,2741.43,1,0,1,0,0.9698,1
AUC_1284,1020613373,29,4,144,0.1379,36.0,719716,780027,1000,90,5,39,4,0.1026,253.18,19.71,60.23,0.4707,3780.03,0,0,0,1,0.1986,0
AUC_1399,1018861431,57,2,640,0.0351,320.0,1345316,1746964,1000,240,10,75,19,0.2533,27.31,1.26,7.62,0.9258,1161.13,1,1,1,0,0.8736,1
AUC_1153,2525170508,108,4,2200,0.037,550.0,266965,326085,2000,60,11,182,35,0.1923,27.18,4.29,4.27,0.7872,3683.27,1,1,1,0,0.9492,1
AUC_1141,2730820899,55,21,217,0.3818,10.3333,1897899,2354333,2000,60,23,148,8,0.0541,65.55,39.7,1.79,0.6835,3023.34,0,0,1,0,0.2017,0
AUC_1268,2400198285,47,2,312,0.0426,156.0,711798,782375,2000,240,8,108,12,0.1111,25.25,27.97,18.58,0.6017,3049.32,0,1,1,0,0.7276,1
AUC_1379,1889445755,26,1,188,0.0385,188.0,1688127,1958562,2000,240,22,87,3,0.0345,959.98,173.98,75.79,0.3298,8059.54,0,0,0,1,0.3472,1
AUC_1335,2749786566,32,6,223,0.1875,37.1667,1528490,1574681,1000,120,24,205,1,0.0049,958.99,68.5,71.03,0.155,3961.5,0,0,0,0,0.0899,0
AUC_1392,1298226196,37,3,167,0.0811,55.6667,577481,657719,1000,180,15,141,3,0.0213,830.61,137.27,104.45,0.3079,4347.93,0,0,0,1,0.1358,1
AUC_1277,2246933640,34,5,319,0.1471,63.8,141964,176691,2000,240,12,32,2,0.0625,1005.48,141.78,39.22,0.1595,3285.93,0,0,0,0,0.1213,0
AUC_1378,1565392343,28,8,387,0.2857,48.375,911626,976442,20000,90,21,185,9,0.0486,344.31,2.62,31.18,0.6365,68015.56,0,1,0,0,0.2599,0
AUC_1238,2278137405,34,7,220,0.2059,31.4286,1781360,1896193,5000,30,13,85,7,0.0824,533.12,16.6,16.67,0.247,14335.2,0,0,0,1,0.187,0
AUC_1272,1984578729,39,1,237,0.0256,237.0,1924571,2267720,1000,120,15,199,4,0.0201,585.15,89.02,73.23,0.5236,2215.72,0,0,0,0,0.2743,1
AUC_1261,2280277379,54,19,296,0.3519,15.5789,1047890,1253415,10000,180,3,40,7,0.175,436.15,80.29,17.54,0.3265,20549.73,0,0,1,0,0.1513,0
AUC_1337,1305949818,36,4,191,0.1111,47.75,1515551,1925448,20000,180,11,61,8,0.1311,870.44,92.01,67.48,0.5061,43516.8,0,0,0,0,0.1501,0
AUC_1270,1662753999,2,1,6,0.5,6.0,174018,179672,1000,180,17,180,5,0.0278,1030.23,149.67,47.36,0.3597,1217.64,0,0,0,0,0.0655,0
AUC_1045,2540262076,16,4,130,0.25,32.5,424244,527738,10000,60,12,108,4,0.037,495.73,50.05,39.58,0.5374,16695.87,0,0,0,1,0.0738,0
AUC_1023,1600114861,18,1,103,0.0556,103.0,1096408,1179700,1000,60,10,39,3,0.0769,245.34,36.76,0.3,0.2413,1118.38,0,0,1,1,0.2389,0
AUC_1330,1898602495,111,45,421,0.4054,9.3556,1039656,1242065,5000,90,8,86,13,0.1512,375.11,5.97,26.75,0.4372,10465.68,0,1,0,1,0.1169,1
AUC_1187,1570882077,10,0,47,0.0,47.0,674959,791061,2000,30,8,21,4,0.1905,1004.49,18.89,19.64,0.4889,8964.44,0,0,0,0,0.12,0
AUC_1114,2722289253,3,0,21,0.0,21.0,375515,431079,5000,180,4,57,4,0.0702,927.69,46.17,48.09,0.1843,11921.4,0,0,0,0,0.1282,0
AUC_1111,2300773391,12,1,30,0.0833,30.0,1338399,1604254,20000,90,8,80,4,0.05,309.92,33.26,39.88,0.1048,78972.95,0,0,0,0,0.1787,0
AUC_1002,2960813728,97,4,2332,0.0412,583.0,1842427,2257339,5000,90,12,93,19,0.2043,14.92,9.13,2.65,0.8189,8496.07,1,1,1,0,0.8059,1
AUC_1130,1861448103,46,13,592,0.2826,45.5385,218602,261501,1000,90,4,50,17,0.34,196.61,7.27,33.72,0.4872,1067.44,0,1,0,1,0.2107,0
AUC_1151,1269565817,84,21,654,0.25,31.1429,1496509,1751759,1000,90,17,210,13,0.0619,111.09,30.89,23.01,0.3817,1721.67,0,0,0,1,0.2189,0
AUC_1333,2209855981,111,38,1235,0.3423,32.5,1584322,1694079,1000,120,14,68,7,0.1029,218.21,56.48,24.98,0.2897,2049.72,0,0,0,0,0.01,0
AUC_1325,1683854107,97,6,1427,0.0619,237.8333,276125,323904,1000,90,24,258,30,0.1163,33.96,13.61,3.46,0.6145,1984.83,1,0,1,0,0.699,0
AUC_1314,2358197138,86,36,635,0.4186,17.6389,407828,449143,20000,180,13,155,15,0.0968,404.57,15.52,21.76,0.2118,39306.7,0,1,0,0,0.0427,0
AUC_1132,2484214994,111,47,543,0.4234,11.5532,1595601,1856985,1000,90,18,283,8,0.0283,415.35,45.29,11.99,0.2335,1441.26,0,0,0,0,0.0746,0
AUC_1350,2751358159,108,4,3024,0.037,756.0,624317,839673,5000,180,16,115,42,0.3652,107.97,50.06,25.01,0.851,5482.44,0,0,0,0,0.8096,1
AUC_1092,2051765386,2,1,15,0.5,15.0,1789904,1901884,20000,180,23,367,5,0.0136,720.34,34.61,89.99,0.5218,75889.11,0,0,0,0,0.0448,0
AUC_1394,2069759362,53,1,1066,0.0189,1066.0,308453,359617,1000,120,20,251,17,0.0677,11.72,3.83,3.72,0.771,2185.59,0,1,1,0,0.7551,1
AUC_1041,1555320119,77,20,423,0.2597,21.15,1129861,1192684,1000,180,16,112,9,0.0804,286.87,123.25,7.22,0.4817,2594.59,0,0,1,1,0.193,0
AUC_1358,1054478697,102,49,1065,0.4804,21.7347,393707,413349,2000,120,20,94,14,0.1489,332.52,16.63,44.85,0.4375,5599.73,0,0,0,1,0.0606,0
AUC_1235,1395929560,109,54,1339,0.4954,24.7963,1440761,1581268,10000,120,16,68,15,0.2206,331.81,18.26,36.78,0.3011,24794.73,0,0,0,1,0.1169,0
AUC_1003,1299196409,26,5,96,0.1923,19.2,717578,895335,1000,240,21,364,8,0.022,611.58,152.44,156.98,0.2517,2666.66,0,0,0,1,0.0361,0
AUC_1218,2167058649,46,1,1372,0.0217,1372.0,684438,786734,1000,90,20,228,25,0.1096,66.53,15.19,0.11,0.7084,1189.09,1,0,1,0,0.7206,0
AUC_1387,1053235411,27,6,109,0.2222,18.1667,1953915,2394925,5000,30,8,101,7,0.0693,400.0,21.46,20.23,0.3246,18548.77,0,0,0,0,0.1636,0
AUC_1184,1263073567,76,9,578,0.1184,64.2222,1348044,1410439,1000,60,11,149,2,0.0134,406.19,41.68,0.22,0.6958,1984.38,0,0,1,0,0.1885,0
AUC_1129,1298869486,43,1,375,0.0233,375.0,1090825,1253522,1000,180,19,85,27,0.3176,17.11,27.32,3.35,0.8229,1066.88,1,0,1,0,0.9653,1
AUC_1016,2338360617,11,0,106,0.0,106.0,795735,952040,10000,240,5,49,5,0.102,350.8,149.21,51.21,0.392,37064.0,0,0,0,1,0.3662,0
AUC_1020,2033889073,39,9,218,0.2308,24.2222,486894,544719,20000,90,20,98,2,0.0204,322.7,0.86,33.89,0.5047,83596.66,0,1,0,0,0.151,0
AUC_1280,1258632199,48,19,147,0.3958,7.7368,429225,441987,2000,60,18,99,10,0.101,246.55,41.03,9.51,0.6368,4111.66,0,0,0,0,0.0437,0
AUC_1254,1094205238,31,3,106,0.0968,35.3333,672347,731651,2000,90,8,63,12,0.1905,318.96,36.9,7.23,0.3286,3048.39,0,0,1,0,0.1782,0
AUC_1025,2822323501,53,21,359,0.3962,17.0952,98741,108638,1000,240,15,115,10,0.087,117.11,226.45,19.56,0.2192,1429.58,0,0,1,0,0.2176,0
AUC_1052,2974806432,20,8,87,0.4,10.875,791892,953548,1000,180,4,26,14,0.5385,107.55,4.59,60.73,0.4203,2407.18,0,1,0,0,0.1093,0
AUC_1341,2313168188,81,10,629,0.1235,62.9,319551,398475,5000,180,7,64,8,0.125,214.01,65.91,22.52,0.5812,5180.24,0,0,0,0,0.3232,1
AUC_1210,2046946497,94,4,2461,0.0426,615.25,308522,360919,10000,120,3,43,32,0.7442,54.35,6.31,7.86,0.9036,17589.48,1,1,1,0,0.99,1
AUC_1367,1764833736,7,2,54,0.2857,27.0,468777,549438,2000,90,19,105,9,0.0857,162.83,46.85,0.3,0.5308,5103.79,0,0,1,0,0.1585,0
AUC_1097,1789200231,13,1,47,0.0769,47.0,1610475,2008570,20000,240,17,130,4,0.0308,481.63,15.09,166.36,0.3612,56164.68,0,1,0,1,0.1604,0
AUC_1281,2577998876,2,0,16,0.0,16.0,1024771,1136785,2000,90,9,111,5,0.045,440.91,11.48,27.91,0.361,7851.4,0,0,0,0,0.1756,0
AUC_1049,2692975316,117,9,1220,0.0769,135.5556,648857,713321,2000,90,15,132,30,0.2273,84.93,6.98,3.74,0.8257,3176.22,0,1,1,0,0.7368,1
AUC_1178,1257037517,21,1,224,0.0476,224.0,157915,190780,1000,120,3,53,21,0.3962,11.11,2.44,2.36,0.8917,1956.45,1,1,1,0,0.99,1
AUC_1136,1748793303,30,4,165,0.1333,41.25,941487,1168414,20000,60,7,58,8,0.1379,957.99,13.75,10.98,0.2826,33548.43,0,0,0,0,0.1057,0
AUC_1173,1907682718,66,0,210,0.0,210.0,810454,845138,20000,240,12,123,7,0.0569,116.7,106.51,2.11,0.3765,52352.96,0,0,1,0,0.3128,0
AUC_1085,2651676334,17,3,186,0.1765,62.0,828689,1066541,5000,180,7,22,15,0.6818,416.46,97.24,7.32,0.5204,5787.1,0,0,1,1,0.5015,1
AUC_1136,1627509472,30,8,408,0.2667,51.0,195286,250551,2000,180,6,16,12,0.75,345.95,117.0,44.32,0.4828,2557.6,0,0,0,0,0.3621,0
AUC_1199,1441832123,38,2,344,0.0526,172.0,983124,1175132,20000,60,17,108,6,0.0556,706.35,41.1,18.11,0.5038,39593.19,0,0,0,0,0.2815,1
AUC_1142,1527331550,47,5,225,0.1064,45.0,1890690,2077846,5000,60,10,80,10,0.125,119.06,32.64,18.29,0.3721,15356.08,0,0,0,0,0.1137,0
AUC_1099,2048623965,10,3,38,0.3,12.6667,1873570,2197294,1000,60,22,109,7,0.0642,1037.67,40.73,25.62,0.239,2537.95,0,0,0,1,0.1451,0
AUC_1225,2477168787,87,3,1494,0.0345,498.0,1834070,2550918,10000,120,12,63,37,0.5873,54.56,20.59,0.86,0.8109,14311.64,1,0,1,0,0.9181,1
AUC_1042,2384883118,30,1,777,0.0333,777.0,665604,724756,20000,180,17,99,26,0.2626,14.56,34.61,14.81,0.9044,25336.3,1,0,1,0,0.9835,1
AUC_1029,1691185644,98,1,2473,0.0102,2473.0,1830758,2081731,1000,120,10,120,41,0.3417,54.57,6.84,2.81,0.8456,1240.38,1,1,1,1,0.7664,1
AUC_1261,1917767221,45,1,1120,0.0222,1120.0,1873462,2488376,1000,30,5,54,31,0.5741,58.48,5.54,2.61,0.9014,1234.29,1,0,1,0,0.9348,1
AUC_1301,2837860457,9,3,48,0.3333,16.0,191308,223532,1000,90,15,58,4,0.069,758.97,29.4,43.62,0.1719,2062.79,0,0,0,0,0.0416,0
AUC_1097,2914363676,12,4,82,0.3333,20.5,263268,315947,1000,60,3,25,8,0.32,1059.62,42.98,33.0,0.2917,1205.14,0,0,0,1,0.1373,0
AUC_1154,1469280749,48,10,228,0.2083,22.8,1544505,1807675,1000,240,3,13,5,0.3846,157.28,130.25,23.66,0.5756,1791.4,0,0,1,1,0.2187,0
AUC_1374,2339898466,78,2,1751,0.0256,875.5,1163998,1391071,1000,60,18,87,27,0.3103,20.39,13.49,3.84,0.7164,1814.35,1,0,1,0,0.9853,0
AUC_1052,1800178606,78,15,509,0.1923,33.9333,1061548,1194990,20000,120,9,116,10,0.0862,183.67,60.94,18.11,0.2572,41284.98,0,0,0,0,0.1409,0
AUC_1085,2003753558,7,2,24,0.2857,12.0,188030,212311,1000,120,8,97,1,0.0103,710.67,89.35,60.24,0.4687,1306.96,0,0,0,0,0.0304,0
AUC_1095,1028635521,26,1,402,0.0385,402.0,1465540,1569094,5000,180,21,326,25,0.0767,7.73,3.76,10.67,0.7912,10436.63,1,1,1,0,0.8973,1
AUC_1227,1475346741,16,2,48,0.125,24.0,1546070,1941223,20000,240,5,87,4,0.046,438.68,86.0,31.57,0.6392,27032.46,0,0,0,0,0.213,0
AUC_1292,1879190387,29,9,241,0.3103,26.7778,647797,721538,2000,240,14,213,11,0.0516,188.31,145.56,31.39,0.2664,3875.04,0,0,0,1,0.0611,0
AUC_1077,2011409715,65,1,2140,0.0154,2140.0,1419035,1615521,10000,180,12,150,26,0.1733,38.65,28.24,26.88,0.8439,14873.43,1,0,0,0,0.8784,1
AUC_1099,1396528519,10,2,24,0.2,12.0,1132368,1405332,10000,240,4,54,5,0.0926,169.6,114.46,41.15,0.3754,27532.11,0,0,0,1,0.0313,0
AUC_1212,2886339622,118,4,2795,0.0339,698.75,1923223,2246854,2000,120,8,114,24,0.2105,34.6,9.72,4.71,0.8997,3422.23,1,1,1,0,0.8797,1
AUC_1364,2682625205,24,7,87,0.2917,12.4286,983359,1203503,20000,90,19,287,4,0.0139,1188.91,15.61,61.05,0.2419,51188.98,0,0,0,0,0.0533,0
AUC_1024,2883831921,44,5,255,0.1136,51.0,1125715,1364092,2000,180,24,155,14,0.0903,152.91,46.66,12.5,0.2341,5023.37,0,0,1,0,0.2167,0
AUC_1221,1566078673,94,25,1308,0.266,52.32,102540,106745,20000,90,21,262,13,0.0496,140.9,20.61,6.11,0.4435,34628.53,0,0,1,1,0.1296,0
AUC_1098,1507918623,120,5,1263,0.0417,252.6,115353,131177,5000,180,11,189,31,0.164,38.18,28.15,10.03,0.831,8566.64,1,0,1,0,0.8385,1
AUC_1381,1371415880,26,2,92,0.0769,46.0,1731641,1777172,20000,180,19,166,3,0.0181,1162.06,4.24,97.89,0.1997,70291.92,0,1,0,1,0.1794,0
AUC_1182,2333541859,111,2,2789,0.018,1394.5,726182,944125,2000,120,3,51,28,0.549,44.31,7.73,13.49,0.605,2782.41,1,1,1,0,0.99,1
AUC_1381,2119381707,129,7,1803,0.0543,257.5714,1914992,2244084,20000,120,23,212,36,0.1698,49.07,27.37,10.52,0.8364,20632.04,1,0,1,0,0.8318,1
AUC_1197,2241321523,48,3,395,0.0625,131.6667,1953651,2318228,10000,90,23,311,11,0.0354,69.9,38.38,1.89,0.1983,23226.85,0,0,1,0,0.4516,1
AUC_1029,1956087424,79,7,425,0.0886,60.7143,115553,118592,2000,60,15,185,4,0.0216,141.45,44.21,1.41,0.6234,4659.34,0,0,1,1,0.1905,0
AUC_1391,1968277874,37,0,779,0.0,779.0,537849,622782,1000,180,24,277,16,0.0578,117.72,33.5,18.54,0.7499,1797.69,0,0,1,0,0.7863,1
AUC_1207,1663271494,104,1,1299,0.0096,1299.0,1011758,1105135,1000,120,6,59,31,0.5254,88.07,6.45,13.46,0.678,1931.3,0,1,1,0,0.8779,1
AUC_1035,2601969064,70,30,434,0.4286,14.4667,1010426,1187468,10000,30,16,223,10,0.0448,328.13,16.95,0.88,0.4352,24471.35,0,0,1,0,0.0602,0
AUC_1260,1223415571,91,6,1718,0.0659,286.3333,1136422,1300081,20000,60,22,303,31,0.1023,20.43,14.23,1.78,0.7906,23312.4,1,0,1,0,0.8446,1
AUC_1109,2450272023,79,0,2290,0.0,2290.0,1269404,1517342,2000,30,6,89,18,0.2022,86.23,4.31,2.71,0.7948,2572.41,0,0,1,0,0.6968,1
AUC_1371,1855494676,11,2,23,0.1818,11.5,1827167,2252254,5000,90,8,84,3,0.0357,469.16,31.59,57.82,0.2618,10742.09,0,0,0,0,0.0533,0
AUC_1067,1624108376,21,3,145,0.1429,48.3333,516656,591196,20000,90,18,202,6,0.0297,183.03,42.69,2.27,0.622,42258.85,0,0,1,0,0.2492,1
AUC_1189,1832531434,22,1,169,0.0455,169.0,1382549,1603612,20000,90,22,107,29,0.271,34.73,26.78,3.14,0.6017,23465.01,1,0,1,0,0.8838,1
AUC_1106,1529715185,70,3,1281,0.0429,427.0,95915,114587,10000,120,6,79,25,0.3165,63.33,11.35,2.88,0.9313,19221.55,1,1,1,0,0.9547,1
AUC_1074,2864613617,67,15,856,0.2239,57.0667,1568282,1646592,5000,240,12,187,17,0.0909,275.74,147.6,40.27,0.4879,10346.38,0,0,0,0,0.2376,1
AUC_1306,2598509576,55,24,522,0.4364,21.75,1181626,1243545,20000,180,10,171,7,0.0409,349.52,45.03,71.97,0.3824,47311.81,0,0,0,0,0.0358,0
AUC_1053,1890957058,62,25,308,0.4032,12.32,899728,1129566,1000,120,4,70,6,0.0857,132.98,79.14,10.0,0.6939,2178.95,0,0,1,0,0.1411,0
AUC_1236,2468428900,138,1,1826,0.0072,1826.0,1335051,1593755,1000,180,13,58,36,0.6207,119.4,21.57,12.4,0.697,1539.47,0,1,1,0,0.9179,1
AUC_1007,2215045765,58,3,928,0.0517,309.3333,591463,689566,20000,180,10,145,28,0.1931,32.12,21.52,17.85,0.641,26344.25,1,1,1,0,0.9135,1
AUC_1323,1364167915,105,7,2457,0.0667,351.0,1000949,1410415,10000,120,3,36,31,0.8611,67.35,6.77,7.16,0.7741,10399.03,1,1,1,0,0.99,1
AUC_1138,2259978783,17,8,141,0.4706,17.625,136123,148222,5000,180,13,203,8,0.0394,429.99,12.25,68.57,0.2821,10179.49,0,1,0,0,0.0727,0
AUC_1134,1178960397,52,0,1203,0.0,1203.0,1716580,1960575,2000,180,15,122,34,0.2787,40.66,17.2,5.21,0.6826,2604.76,1,1,1,1,0.9128,1
AUC_1091,1950653767,35,1,579,0.0286,579.0,1689377,2072636,2000,180,5,88,38,0.4318,87.97,24.32,11.76,0.6943,2362.41,0,0,1,0,0.8664,1
AUC_1239,1487209736,31,10,267,0.3226,26.7,1860496,2171931,20000,180,19,121,6,0.0496,1077.84,74.42,122.89,0.2147,89497.01,0,0,0,0,0.0352,0
AUC_1229,2939792625,4,0,14,0.0,14.0,733575,780219,1000,60,9,104,9,0.0865,820.32,17.53,34.4,0.1583,3084.75,0,0,0,0,0.2241,0
AUC_1253,1714747567,18,5,45,0.2778,9.0,596121,736915,2000,120,7,96,2,0.0208,388.92,101.51,19.6,0.2145,2580.86,0,0,0,0,0.01,1
AUC_1106,2525876676,47,14,401,0.2979,28.6429,91543,115753,10000,180,5,17,10,0.5882,434.64,11.85,18.41,0.391,31056.85,0,1,1,0,0.3347,1
AUC_1326,1054773059,76,0,1766,0.0,1766.0,975636,1220442,20000,180,23,206,21,0.1019,18.15,30.71,12.66,0.9,42655.06,1,0,1,0,0.8293,1
AUC_1226,1318608510,15,1,162,0.0667,162.0,957877,1024457,1000,60,12,56,18,0.3214,20.26,7.73,4.07,0.857,1570.67,1,0,1,0,0.9254,1
AUC_1081,1516993098,35,3,168,0.0857,56.0,1376889,1425350,2000,120,13,202,8,0.0396,938.36,69.2,39.76,0.3838,5744.8,0,0,0,0,0.086,0
AUC_1285,2664523526,18,8,64,0.4444,8.0,844035,1047288,2000,60,11,183,11,0.0601,178.64,41.2,2.81,0.3706,3330.42,0,0,1,1,0.0737,0
AUC_1146,2994388714,77,0,996,0.0,996.0,323859,337762,1000,30,9,114,18,0.1579,63.86,6.48,2.9,0.9906,1233.05,1,0,1,0,0.8201,0
AUC_1187,1709743777,37,3,94,0.0811,31.3333,1296955,1615341,5000,120,5,88,7,0.0795,67.98,109.63,6.65,0.6547,7726.14,0,0,1,1,0.2572,0
AUC_1390,2031985323,128,5,1464,0.0391,292.8,1520840,1902243,1000,180,7,82,28,0.3415,46.89,10.82,17.87,0.9642,1055.02,1,1,1,0,0.99,1
AUC_1065,2272433172,75,2,1010,0.0267,505.0,733758,816718,5000,120,11,119,14,0.1176,9.01,22.43,4.78,0.5739,7133.41,0,0,1,0,0.734,1
AUC_1076,2790760836,60,29,247,0.4833,8.5172,1560605,1672133,1000,120,22,130,2,0.0154,65.68,49.1,2.17,0.2942,1491.73,0,0,1,1,0.2043,0
AUC_1388,2092097776,57,5,419,0.0877,83.8,91108,110901,2000,120,9,148,8,0.0541,52.53,76.74,11.23,0.4831,5880.4,0,0,1,1,0.371,0
AUC_1025,1286503410,36,10,206,0.2778,20.6,1719385,1969443,2000,90,24,325,3,0.0092,416.11,19.91,29.07,0.3081,2522.32,0,0,0,0,0.2071,0
AUC_1213,1684464930,89,3,2172,0.0337,724.0,211480,236997,1000,90,16,69,30,0.4348,53.41,1.1,6.37,0.6343,1282.12,1,1,1,0,0.8869,1
AUC_1231,1919200950,28,6,308,0.2143,51.3333,385813,466121,5000,60,16,193,11,0.057,472.21,25.74,1.36,0.3195,16322.16,0,0,1,1,0.0598,1
AUC_1006,2758121520,97,17,560,0.1753,32.9412,1152602,1313191,20000,240,14,210,6,0.0286,289.74,82.68,67.49,0.301,52942.14,0,0,0,1,0.161,0
AUC_1247,2533836514,30,0,189,0.0,189.0,1691840,2047649,10000,90,12,104,1,0.0096,392.6,73.1,37.8,0.104,15064.95,0,0,0,0,0.1804,0
AUC_1255,1758298379,25,0,456,0.0,456.0,284601,348916,1000,120,11,150,16,0.1067,7.96,7.69,2.77,0.7901,1691.96,0,1,1,0,0.7565,1
AUC_1107,1202149498,35,0,482,0.0,482.0,1425946,1736990,5000,180,3,45,31,0.6889,89.4,15.68,19.35,0.7254,5590.19,0,1,1,0,0.8431,1
AUC_1013,2741821994,125,6,3572,0.048,595.3333,1359096,1433480,20000,90,24,160,14,0.0875,115.45,11.64,1.03,0.9232,31287.3,0,0,1,0,0.5688,0
AUC_1221,1956560582,23,4,214,0.1739,53.5,524127,609303,10000,30,6,56,4,0.0714,890.48,17.26,4.77,0.1551,17365.49,0,0,0,1,0.1765,0
AUC_1359,1390465263,74,35,804,0.473,22.9714,1492019,1529417,10000,90,20,99,9,0.0909,185.6,12.19,21.67,0.504,25853.55,0,0,0,0,0.1188,0
AUC_1305,1969672457,84,13,949,0.1548,73.0,1355211,1588739,5000,30,21,329,9,0.0274,376.02,15.63,7.26,0.4986,9848.25,0,0,0,1,0.3239,1
AUC_1176,1551176190,21,5,195,0.2381,39.0,587657,611617,10000,90,18,265,1,0.0038,759.99,39.73,33.84,0.5074,36732.11,0,0,0,0,0.1705,0
AUC_1142,1399086608,37,3,330,0.0811,110.0,439755,464563,10000,120,10,58,9,0.1552,710.36,100.92,50.75,0.4889,18134.7,0,0,0,0,0.2415,1
AUC_1279,1507021577,89,21,1101,0.236,52.4286,1847746,2344616,10000,180,23,86,17,0.1977,334.92,37.37,5.0,0.2863,24610.76,0,0,1,0,0.1262,1
AUC_1348,2973767029,139,11,2989,0.0791,271.7273,731304,841837,2000,120,6,60,36,0.6,57.9,19.4,3.14,0.6862,2861.28,1,0,1,0,0.99,1
AUC_1201,2850604899,109,40,527,0.367,13.175,906718,1116800,1000,60,8,77,17,0.2208,72.4,14.91,6.82,0.473,3462.92,0,0,1,0,0.273,0
AUC_1187,1863730929,123,3,1843,0.0244,614.3333,898849,1120488,5000,180,4,70,23,0.3286,88.17,41.37,3.52,0.8123,7777.59,0,0,1,0,0.7512,1
AUC_1097,2091623331,2,0,6,0.0,6.0,1040315,1224253,10000,120,19,332,6,0.0181,936.49,17.1,45.46,0.2127,29991.08,0,0,0,1,0.1938,0
AUC_1161,2133708535,98,3,1715,0.0306,571.6667,1393772,1484097,5000,60,24,142,26,0.1831,27.0,4.4,0.12,0.6799,7391.49,1,1,1,0,0.7266,1
AUC_1002,2062597565,148,4,2996,0.027,749.0,1097253,1378718,10000,120,21,334,33,0.0988,119.51,4.34,3.77,0.9623,10953.44,0,1,1,0,0.8615,1
AUC_1115,2019412840,10,0,31,0.0,31.0,1935266,2058654,1000,180,3,10,1,0.1,308.71,58.21,113.0,0.4283,1383.44,0,0,0,0,0.1112,0
AUC_1300,2847989920,104,6,2895,0.0577,482.5,1387060,1722888,1000,60,20,102,25,0.2451,88.1,0.39,5.2,0.6941,1811.25,0,1,1,0,0.7215,1
AUC_1341,1606787272,8,2,73,0.25,36.5,1613669,1689045,5000,90,12,120,8,0.0667,700.21,12.56,25.29,0.1301,7093.68,0,0,0,0,0.0784,0
AUC_1335,1549387407,36,10,269,0.2778,26.9,1467887,1749051,5000,90,9,160,9,0.0563,668.86,8.7,24.46,0.5494,19299.47,0,1,0,0,0.1575,0
AUC_1234,2501331815,62,14,306,0.2258,21.8571,1682035,1831333,10000,120,8,103,4,0.0388,332.34,69.59,6.92,0.6954,21808.0,0,0,1,1,0.1838,0
AUC_1348,2167842075,83,5,684,0.0602,136.8,1641482,1918765,2000,30,7,27,23,0.8519,20.22,4.67,2.98,0.7041,2582.61,1,0,1,0,0.8289,1
AUC_1080,2282849788,114,55,1287,0.4825,23.4,1786192,2133037,2000,60,17,172,9,0.0523,365.71,32.64,14.5,0.2838,6822.68,0,0,0,0,0.0417,0
AUC_1354,2965078046,75,7,1155,0.0933,165.0,1784807,2252423,2000,120,10,144,30,0.2083,21.46,7.45,8.73,0.6442,3783.73,1,1,1,0,0.8596,1
AUC_1339,1487799287,4,1,29,0.25,29.0,1408191,1731658,5000,120,19,266,5,0.0188,695.98,100.53,53.08,0.4248,7863.15,0,0,0,0,0.1718,0
AUC_1138,2798690189,21,9,125,0.4286,13.8889,491934,585851,1000,60,5,32,5,0.1562,94.28,34.89,0.84,0.3059,2330.59,0,0,1,1,0.1393,0
AUC_1237,2337484726,12,3,90,0.25,30.0,1464027,1705718,1000,120,17,220,2,0.0091,416.43,83.42,2.92,0.4511,1361.95,0,0,1,1,0.1257,0
AUC_1122,1816199148,62,29,517,0.4677,17.8276,1875322,2322953,10000,30,3,37,4,0.1081,387.32,16.8,1.24,0.4416,12713.21,0,0,1,1,0.0754,0
AUC_1022,2134416713,77,1,1731,0.013,1731.0,404339,516385,20000,90,5,22,18,0.8182,29.39,11.13,7.78,0.6753,26598.93,1,0,1,0,0.9501,1
AUC_1225,2663160110,19,6,153,0.3158,25.5,1885675,2051100,5000,240,18,175,1,0.0057,419.51,169.73,123.45,0.1152,12189.97,0,0,0,0,0.01,0
AUC_1215,1389999898,116,27,579,0.2328,21.4444,456009,546648,10000,120,18,142,12,0.0845,123.8,29.61,2.83,0.4712,30539.21,0,0,1,1,0.1608,0
AUC_1037,2342816096,85,0,294,0.0,294.0,742356,923353,2000,120,3,23,4,0.1739,205.91,81.77,16.36,0.5025,3309.29,0,0,0,0,0.2974,0
AUC_1353,1866197074,32,1,988,0.0312,988.0,543073,613394,20000,120,12,207,15,0.0725,111.82,33.98,16.64,0.6619,28454.9,0,0,0,0,0.4558,1
AUC_1382,2194991557,39,8,321,0.2051,40.125,1352950,1651489,2000,60,3,24,7,0.2917,1025.23,50.98,19.64,0.479,8161.71,0,0,0,1,0.2642,0
AUC_1034,2061978150,30,0,541,0.0,541.0,265762,318046,2000,60,11,89,24,0.2697,6.54,13.74,4.87,0.57,2582.84,1,0,1,0,0.8728,1
AUC_1129,1882149623,14,1,135,0.0714,135.0,565690,701428,2000,90,14,220,2,0.0091,922.68,61.41,40.43,0.1673,7593.29,0,0,0,0,0.3051,0
AUC_1278,2926573806,74,0,801,0.0,801.0,552969,639135,2000,180,3,39,30,0.7692,36.7,57.46,19.25,0.755,3241.76,1,0,1,0,0.99,1
AUC_1059,2071245632,90,4,633,0.0444,158.25,481403,587180,10000,30,13,202,20,0.099,9.54,3.58,2.95,0.9456,17229.13,1,1,1,0,0.908,1
AUC_1279,2896315357,52,24,620,0.4615,25.8333,1388027,1740505,5000,180,23,71,14,0.1972,256.76,95.71,6.95,0.2389,5271.11,0,0,1,1,0.2227,1
AUC_1397,2887210842,106,15,954,0.1415,63.6,975805,1218636,20000,120,7,87,6,0.069,233.26,10.73,25.18,0.6007,43436.14,0,1,0,0,0.2024,0
AUC_1043,2098387712,19,1,446,0.0526,446.0,251309,267053,10000,90,21,154,18,0.1169,23.03,7.52,7.41,0.6937,14398.45,1,1,1,1,0.8287,1
AUC_1206,2134887356,9,1,79,0.1111,79.0,1310643,1356872,2000,60,19,224,4,0.0179,1154.34,18.46,10.53,0.5366,7645.94,0,0,0,0,0.2843,0
AUC_1380,1452535530,51,14,643,0.2745,45.9286,1195633,1458343,10000,180,9,144,17,0.1181,212.05,63.18,17.03,0.6286,32428.39,0,0,1,0,0.2498,0
AUC_1060,1567376749,19,3,180,0.1579,60.0,1885027,2000377,1000,240,18,181,4,0.0221,177.06,59.76,96.84,0.22,1361.61,0,0,0,0,0.1741,0
AUC_1253,2182084610,46,0,558,0.0,558.0,1237103,1501142,1000,90,23,208,23,0.1106,36.18,13.56,7.02,0.6248,1657.17,1,0,1,0,0.6951,1
AUC_1126,1559649226,76,7,1264,0.0921,180.5714,827312,1129891,1000,180,12,28,19,0.6786,26.38,1.3,10.17,0.6783,1452.74,1,1,1,0,0.9202,1
AUC_1088,2139294644,58,21,372,0.3621,17.7143,1888889,2331405,10000,240,8,27,7,0.2593,376.86,85.84,24.3,0.4082,15191.92,0,0,1,0,0.0653,0
AUC_1082,2574696593,4,0,29,0.0,29.0,1585885,1648153,10000,90,13,125,6,0.048,978.49,15.21,25.84,0.2009,13707.09,0,0,0,0,0.142,0
AUC_1021,2391348488,137,0,2127,0.0,2127.0,534315,563464,2000,30,16,230,16,0.0696,79.06,2.37,2.7,0.8507,3123.57,0,1,1,0,0.6685,0
AUC_1322,1285336518,25,3,194,0.12,64.6667,1437488,1552168,1000,90,6,24,3,0.125,533.96,32.14,28.58,0.1421,1577.29,0,0,0,0,0.1738,0
AUC_1364,2497526246,28,0,925,0.0,925.0,1503905,1679141,1000,180,22,71,14,0.1972,30.51,53.47,15.06,0.6979,1678.71,0,0,1,1,0.8288,0
AUC_1397,1330263170,20,2,173,0.1,86.5,597473,725950,1000,60,7,105,9,0.0857,972.49,8.8,29.73,0.1805,4323.95,0,0,0,0,0.0931,0
AUC_1146,1358404487,92,3,1974,0.0326,658.0,662641,815344,20000,90,16,33,20,0.6061,16.46,4.23,9.92,0.8392,26286.17,1,1,1,0,0.99,1
AUC_1248,2882377176,25,0,193,0.0,193.0,770417,871891,5000,180,7,58,24,0.4138,23.07,37.07,3.03,0.6594,8912.22,1,0,1,0,0.9445,1
AUC_1322,1188080934,8,0,70,0.0,70.0,724628,816069,20000,120,23,304,7,0.023,1104.52,31.74,22.61,0.1048,42649.44,0,0,0,0,0.1552,0
AUC_1318,1040114935,77,33,609,0.4286,18.4545,1943180,2154160,5000,30,11,76,11,0.1447,336.26,3.94,6.85,0.4498,5941.83,0,0,0,0,0.0241,0
AUC_1047,1857479023,21,2,483,0.0952,241.5,1208703,1413780,2000,120,16,78,17,0.2179,41.05,0.92,6.43,0.6687,2285.47,0,1,1,0,0.8448,1
AUC_1159,2341637090,37,5,177,0.1351,35.4,1833359,1994629,5000,180,19,156,8,0.0513,1138.85,144.45,31.25,0.2814,7002.89,0,0,0,0,0.1806,0
AUC_1307,1436529064,22,3,103,0.1364,34.3333,1070931,1340637,2000,180,8,138,9,0.0652,402.04,159.18,14.73,0.6226,2405.83,0,0,1,0,0.1537,0
AUC_1059,2906329627,39,0,787,0.0,787.0,353666,392234,10000,180,22,332,15,0.0452,25.66,33.98,6.17,0.7215,16697.16,0,0,1,0,0.7676,1
AUC_1337,1228618755,16,3,66,0.1875,22.0,1473708,1763658,20000,120,4,69,7,0.1014,804.2,84.79,77.62,0.2766,79709.6,0,0,0,0,0.0588,0
AUC_1221,1304972933,137,5,4576,0.0365,915.2,298185,374310,20000,120,11,123,28,0.2276,110.18,35.31,12.27,0.8882,26618.65,0,0,1,0,0.8655,1
AUC_1167,2036825725,49,17,194,0.3469,11.4118,1418388,1682856,5000,240,8,133,16,0.1203,245.87,100.05,22.15,0.5479,9132.0,0,0,1,1,0.1955,0
AUC_1095,2583458581,50,1,420,0.02,420.0,1640947,1838410,5000,120,5,89,39,0.4382,56.54,14.18,4.27,0.9277,7034.11,1,1,1,0,0.99,1
AUC_1198,1831392117,53,12,394,0.2264,32.8333,1853949,2077117,2000,30,14,77,12,0.1558,304.95,9.12,8.39,0.4714,2621.61,0,0,0,1,0.1911,0
AUC_1150,2306038466,119,1,4059,0.0084,4059.0,1573004,1921556,20000,60,21,144,44,0.3056,56.97,11.02,11.43,0.8249,24050.87,1,0,0,0,0.8367,1
AUC_1257,2493383331,68,29,299,0.4265,10.3103,663053,806266,10000,120,15,263,6,0.0228,288.82,71.34,8.44,0.6012,10593.7,0,0,1,0,0.2087,1
AUC_1388,2438040598,30,2,153,0.0667,76.5,718124,824502,2000,90,20,96,7,0.0729,805.87,66.82,54.57,0.4447,2658.88,0,0,0,0,0.1651,0
AUC_1242,2337078606,61,10,263,0.1639,26.3,438608,535130,2000,90,7,65,17,0.2615,360.3,18.87,17.98,0.3338,5654.58,0,0,0,1,0.314,1
AUC_1260,2392863886,89,8,1736,0.0899,217.0,1585160,1789230,5000,180,9,110,35,0.3182,35.84,32.98,10.51,0.7594,6742.58,1,0,1,0,0.9203,0
AUC_1314,1014306807,7,1,34,0.1429,34.0,306928,363291,2000,240,15,54,5,0.0926,131.08,187.06,126.56,0.4103,6177.38,0,0,0,0,0.1679,0
AUC_1185,2730359556,84,38,483,0.4524,12.7105,1744399,2399453,2000,180,3,9,5,0.5556,81.21,154.4,19.38,0.6284,5470.54,0,0,1,0,0.2868,0
AUC_1204,1971659332,39,1,1239,0.0256,1239.0,904834,1005365,5000,240,8,44,15,0.3409,92.1,12.52,17.85,0.9546,8776.89,0,1,1,0,0.8563,1
AUC_1367,1900135351,98,41,864,0.4184,21.0732,1791215,2165880,5000,90,5,69,17,0.2464,346.64,52.06,33.03,0.2753,13507.02,0,0,0,0,0.128,0
AUC_1028,1115574490,47,0,791,0.0,791.0,698116,836494,1000,180,18,150,28,0.1867,26.03,37.32,10.1,0.8629,2170.97,1,0,1,0,0.8583,1
AUC_1055,2365851286,99,29,323,0.2929,11.1379,699938,789507,5000,60,7,103,17,0.165,340.33,23.03,15.39,0.2759,8465.54,0,0,0,0,0.2219,0
AUC_1230,2486252578,108,39,1201,0.3611,30.7949,1824514,1886206,10000,60,16,234,10,0.0427,80.14,4.12,11.24,0.4143,30402.97,0,1,0,1,0.1724,0
AUC_1071,2339421187,10,0,49,0.0,49.0,1767444,2163826,20000,120,11,132,9,0.0682,666.18,7.42,33.76,0.4499,82823.15,0,1,0,0,0.2831,0
AUC_1284,2187349531,9,2,53,0.2222,26.5,1495766,1676917,10000,240,19,293,6,0.0205,891.16,128.15,121.97,0.4568,32828.22,0,0,0,0,0.1537,0
AUC_1399,2374372130,30,3,83,0.1,27.6667,1038028,1261905,20000,30,23,152,8,0.0526,1153.9,23.67,15.76,0.1446,37717.04,0,0,0,0,0.01,0
AUC_1325,2333508114,21,6,99,0.2857,16.5,286106,302457,10000,240,14,83,2,0.0241,422.31,51.66,45.51,0.5375,13979.14,0,0,0,1,0.1686,0
AUC_1240,1370149910,86,7,1848,0.0814,264.0,1994443,2166190,5000,30,15,160,28,0.175,12.53,1.78,2.67,0.9371,9185.79,1,1,1,0,0.9672,1
AUC_1399,2376787751,145,2,4539,0.0138,2269.5,1053219,1212582,2000,60,22,49,26,0.5306,15.55,5.63,7.15,0.7634,3392.84,1,1,1,1,0.99,1
AUC_1095,1669947902,32,15,254,0.4688,16.9333,1762714,2063590,5000,120,3,32,11,0.3438,179.43,52.71,14.35,0.2849,9563.16,0,0,1,0,0.083,0
AUC_1203,2704063778,15,0,89,0.0,89.0,443254,509928,20000,120,17,168,4,0.0238,664.44,73.96,72.57,0.1917,38402.34,0,0,0,1,0.3072,0
AUC_1220,2153843728,63,17,786,0.2698,46.2353,948733,1117354,5000,120,14,32,6,0.1875,412.67,16.05,20.24,0.6175,6546.24,0,0,0,0,0.1826,0
AUC_1192,1319431071,54,21,193,0.3889,9.1905,1359569,1785763,10000,60,7,16,5,0.3125,67.99,28.59,5.47,0.2401,27787.67,0,0,1,1,0.2233,0
AUC_1130,1073143063,33,8,176,0.2424,22.0,1772592,2160370,5000,90,10,83,7,0.0843,283.87,74.91,58.1,0.5021,19015.54,0,0,0,0,0.1658,0
AUC_1075,2555764919,10,2,40,0.2,20.0,1364734,1552326,5000,90,12,195,9,0.0462,423.9,59.28,23.86,0.2043,6821.91,0,0,0,0,0.118,0
AUC_1224,2392497044,48,18,669,0.375,37.1667,775433,953154,5000,90,7,24,11,0.4583,185.57,8.01,7.14,0.636,13415.32,0,1,1,0,0.3004,1
AUC_1393,1747516986,15,1,281,0.0667,281.0,1401299,1780731,10000,240,18,51,28,0.549,29.75,23.28,0.89,0.642,12856.16,1,1,1,0,0.9869,1
AUC_1348,2337921838,42,17,533,0.4048,31.3529,739318,912223,1000,240,5,45,7,0.1556,142.34,102.06,85.23,0.2628,1317.7,0,0,0,0,0.01,0
AUC_1206,2546880623,10,0,36,0.0,36.0,1561773,1625560,1000,90,12,213,3,0.0141,500.28,45.86,37.23,0.1959,3379.36,0,0,0,0,0.1145,0
AUC_1097,2561974721,55,5,1313,0.0909,262.6,375548,439971,10000,30,23,270,16,0.0593,28.94,5.41,1.18,0.6517,14816.54,0,0,1,0,0.8344,1
AUC_1085,1094639492,72,0,983,0.0,983.0,1319793,1649484,5000,180,7,63,23,0.3651,58.75,0.84,15.64,0.8938,8614.25,1,1,1,0,0.9448,1
AUC_1354,2856576902,60,2,641,0.0333,320.5,1922675,2329765,20000,120,5,29,26,0.8966,66.72,11.19,4.25,0.9277,28449.09,1,1,1,0,0.99,1
AUC_1132,2097314576,14,1,66,0.0714,66.0,1887794,2158640,2000,90,21,109,9,0.0826,608.77,47.9,43.64,0.2868,6458.32,0,0,0,0,0.1982,0
AUC_1251,1335895566,14,3,84,0.2143,28.0,1003982,1251828,10000,90,3,35,8,0.2286,731.76,10.0,24.33,0.2081,13275.77,0,1,0,0,0.1092,0
AUC_1034,1761646961,37,17,112,0.4595,6.5882,348643,385475,5000,120,21,338,7,0.0207,498.11,51.05,41.38,0.4911,15953.58,0,0,0,0,0.1344,0
AUC_1162,2708437823,5,0,33,0.0,33.0,533501,659404,1000,60,14,75,1,0.0133,404.64,6.08,24.51,0.2625,4417.04,0,1,0,0,0.113,0
AUC_1073,2691653358,57,20,787,0.3509,39.35,1870938,2117508,20000,60,24,85,15,0.1765,322.74,3.48,18.66,0.6137,66593.56,0,1,0,0,0.158,0
AUC_1107,1410896259,122,11,3203,0.0902,291.1818,256225,313728,5000,90,17,303,31,0.1023,64.26,12.35,6.45,0.6003,6291.29,1,0,1,1,0.8613,1
AUC_1005,2815881876,77,5,186,0.0649,37.2,1670985,1947407,5000,120,10,177,2,0.0113,425.11,99.71,0.5,0.6018,10905.98,0,0,1,0,0.2738,0
AUC_1369,1289627919,43,9,337,0.2093,37.4444,320779,333871,5000,240,9,160,1,0.0063,943.53,67.56,135.26,0.2673,22314.49,0,0,0,0,0.0817,0
AUC_1209,2386257777,121,2,1664,0.0165,832.0,1171802,1347785,1000,180,24,117,28,0.2393,36.67,33.7,9.47,0.6653,1090.56,1,0,1,0,0.8106,1
AUC_1097,2704102298,100,21,1285,0.21,61.1905,636477,710367,2000,180,4,70,8,0.1143,210.25,100.32,71.22,0.3545,5525.3,0,0,0,1,0.1,1
AUC_1264,1238807901,11,1,101,0.0909,101.0,1141994,1334377,5000,60,23,287,6,0.0209,856.1,44.81,10.0,0.4923,17512.27,0,0,0,0,0.3039,0
AUC_1290,2510793131,43,12,301,0.2791,25.0833,1241110,1297623,20000,30,7,87,7,0.0805,469.74,24.92,5.8,0.4262,67597.37,0,0,0,0,0.1442,0
AUC_1149,1924539956,49,8,467,0.1633,58.375,1185542,1496845,2000,120,17,44,6,0.1364,246.42,25.67,39.57,0.2496,5413.99,0,0,0,0,0.1123,0
AUC_1082,1181879642,4,1,36,0.25,36.0,97191,109059,5000,30,20,98,7,0.0714,727.59,25.41,6.22,0.4625,10509.66,0,0,0,0,0.0909,1
AUC_1249,2055711026,47,3,1028,0.0638,342.6667,1890438,2497061,5000,240,10,43,27,0.6279,10.64,18.59,17.29,0.9259,8747.21,1,1,1,0,0.99,1
AUC_1021,1805324979,25,0,660,0.0,660.0,350230,468266,20000,90,8,93,38,0.4086,17.64,18.23,17.99,0.9248,21931.32,1,0,0,0,0.99,1
AUC_1105,2295994739,28,1,319,0.0357,319.0,1817365,2280739,5000,180,21,98,16,0.1633,105.35,15.59,30.17,0.7092,5792.43,0,1,0,0,0.6072,1
AUC_1236,2736289866,105,14,827,0.1333,59.0714,1307279,1480013,5000,180,10,28,16,0.5714,92.82,37.19,32.58,0.409,10496.35,0,0,0,0,0.3736,0
AUC_1377,2558937323,33,8,214,0.2424,26.75,1418286,1566284,5000,240,13,34,12,0.3529,468.06,32.95,12.54,0.4437,14207.89,0,0,1,1,0.3425,0
AUC_1101,2878811813,82,41,511,0.5,12.4634,1173023,1281826,5000,180,14,214,6,0.028,152.32,77.17,22.96,0.1715,14048.65,0,0,0,0,0.0525,0
AUC_1370,2988892086,58,23,267,0.3966,11.6087,1985079,2416468,10000,60,11,182,2,0.011,161.89,38.77,3.53,0.4288,16933.12,0,0,1,1,0.0217,0
AUC_1286,1196820335,17,2,169,0.1176,84.5,137304,149819,20000,30,23,268,3,0.0112,402.61,6.24,16.62,0.5086,75879.72,0,0,0,0,0.0902,0
AUC_1200,1636949401,25,2,211,0.08,105.5,1696970,2136546,2000,90,12,58,7,0.1207,1038.73,17.75,37.24,0.3913,5340.92,0,0,0,0,0.2537,0
AUC_1010,2740273859,16,6,44,0.375,7.3333,54844,64623,1000,90,23,245,11,0.0449,379.55,74.85,5.51,0.5174,2014.5,0,0,1,1,0.1306,0
AUC_1297,2823220958,16,1,131,0.0625,131.0,1950667,2218677,1000,120,14,127,20,0.1575,52.47,15.0,4.55,0.7626,1766.24,1,0,1,0,0.7622,1
AUC_1175,2276034239,9,2,46,0.2222,23.0,1299686,1573094,5000,60,12,119,2,0.0168,783.41,27.01,41.68,0.4562,18468.14,0,0,0,0,0.01,0
AUC_1032,2291508469,40,19,102,0.475,5.3684,1054508,1238282,20000,120,11,193,9,0.0466,418.12,99.68,16.49,0.584,39727.24,0,0,0,0,0.0929,0
AUC_1164,2840313682,50,17,609,0.34,35.8235,1392709,1711405,20000,90,22,48,9,0.1875,284.13,42.99,12.33,0.4074,54018.51,0,0,0,1,0.0938,0
AUC_1081,2406138791,11,3,57,0.2727,19.0,130483,133959,2000,240,6,50,8,0.16,549.23,115.17,119.96,0.1318,4658.69,0,0,0,0,0.1691,0
AUC_1258,1239183929,70,29,481,0.4143,16.5862,517944,584765,20000,60,15,144,6,0.0417,153.47,21.12,2.44,0.5844,24291.25,0,0,1,0,0.1731,0
AUC_1367,1538616972,87,41,281,0.4713,6.8537,185195,225179,20000,180,4,12,8,0.6667,424.14,111.43,32.23,0.1756,25103.23,0,0,0,0,0.1549,0
AUC_1205,2600656778,89,44,1020,0.4944,23.1818,1864392,2178937,20000,60,9,134,11,0.0821,436.35,5.39,10.0,0.2714,25317.87,0,1,0,1,0.01,0
AUC_1165,1924716060,96,39,815,0.4062,20.8974,1493947,1920465,5000,30,6,25,11,0.44,259.34,4.52,11.08,0.3755,11793.66,0,0,0,1,0.2059,1
AUC_1340,2988616816,72,16,949,0.2222,59.3125,862309,1018314,10000,60,21,353,8,0.0227,89.63,1.69,17.05,0.6252,29343.1,0,1,0,1,0.2366,0
AUC_1122,1562890636,90,1,3074,0.0111,3074.0,836028,950941,10000,120,3,46,38,0.8261,97.15,12.14,22.7,0.8313,15862.1,0,1,0,0,0.9465,1
AUC_1247,2025501960,155,4,1977,0.0258,494.25,395877,467362,2000,120,3,39,32,0.8205,48.29,26.23,9.28,0.8993,3579.17,1,0,1,0,0.99,1
AUC_1369,2745759263,107,13,990,0.1215,76.1538,1363045,1536995,1000,120,18,44,13,0.2955,472.2,45.03,6.62,0.2993,2813.98,0,0,1,0,0.2471,0
AUC_1236,1883993630,74,14,245,0.1892,17.5,1299688,1505211,1000,90,15,139,5,0.036,264.7,72.52,13.24,0.3355,2603.12,0,0,0,1,0.2344,0
AUC_1280,2852626744,18,5,133,0.2778,26.6,836299,915042,10000,90,5,76,5,0.0658,372.98,40.59,12.52,0.2317,18334.78,0,0,0,1,0.1319,0
AUC_1342,2007825256,61,25,344,0.4098,13.76,294932,364614,10000,120,15,166,8,0.0482,496.86,66.6,45.88,0.3474,13733.4,0,0,0,1,0.0565,0
AUC_1217,1326010349,24,8,93,0.3333,11.625,360095,414149,10000,120,13,159,17,0.1069,369.88,42.42,19.41,0.6012,29812.99,0,0,0,0,0.1625,0
AUC_1378,1399269051,82,5,1696,0.061,339.2,1007842,1107371,20000,180,10,117,25,0.2137,9.12,18.31,5.05,0.732,30135.09,1,1,1,0,0.9049,1
AUC_1137,1137864085,84,3,1243,0.0357,414.3333,1580377,1934517,20000,180,12,72,39,0.5417,24.14,34.9,12.6,0.9344,34330.99,1,0,1,0,0.99,0
AUC_1252,1318333497,50,1,1316,0.02,1316.0,415265,470279,5000,180,3,36,19,0.5278,75.8,36.06,4.02,0.7201,6010.56,0,0,1,0,0.7875,1
AUC_1263,1083682492,64,10,798,0.1562,79.8,381455,475531,10000,240,4,70,10,0.1429,100.68,43.71,16.85,0.6199,20665.88,0,0,1,1,0.4115,1
AUC_1140,1881240348,14,2,97,0.1429,48.5,1769131,2189380,2000,30,15,96,4,0.0417,199.84,20.45,13.73,0.4067,7545.63,0,0,0,0,0.1591,0
AUC_1129,1008439482,40,3,471,0.075,157.0,1256007,1413965,5000,90,20,282,15,0.0532,22.36,3.55,8.78,0.602,7668.84,0,1,1,0,0.6779,0
AUC_1168,1398748805,28,5,381,0.1786,76.2,103017,106824,1000,90,8,123,10,0.0813,119.99,47.51,33.54,0.3183,1358.13,0,0,0,0,0.2583,0
AUC_1033,1998690392,32,5,137,0.1562,27.4,159240,194937,2000,180,23,277,2,0.0072,416.82,107.92,89.95,0.3328,6376.01,0,0,0,0,0.2366,0
AUC_1180,2896496709,88,4,952,0.0455,238.0,1423188,1805039,1000,120,22,135,31,0.2296,23.55,8.26,10.12,0.6944,1397.53,1,1,1,1,0.85,1
AUC_1303,1764466116,38,17,308,0.4474,18.1176,483656,588750,5000,120,19,176,7,0.0398,243.61,75.09,14.94,0.1515,10867.6,0,0,0,0,0.01,0
AUC_1377,1658206859,12,0,42,0.0,42.0,1775576,1922852,2000,180,10,165,10,0.0606,198.42,141.0,8.4,0.1814,2221.77,0,0,1,0,0.1561,0
AUC_1106,1327648691,32,7,67,0.2188,9.5714,665171,703992,1000,240,9,87,7,0.0805,165.5,95.1,114.1,0.2457,3562.82,0,0,0,0,0.0375,0
AUC_1111,2650110243,31,5,136,0.1613,27.2,953720,1018980,20000,90,10,54,4,0.0741,932.52,56.4,14.6,0.1271,84876.85,0,0,0,1,0.0824,0
AUC_1029,1493696323,36,1,463,0.0278,463.0,805283,976536,5000,90,17,191,37,0.1937,72.26,3.62,0.49,0.8879,7727.4,0,1,1,0,0.8409,1
AUC_1121,2764646339,97,1,1183,0.0103,1183.0,1284233,1534350,1000,120,3,25,13,0.52,27.83,11.01,2.99,0.5727,1158.34,0,1,1,1,0.6456,1
AUC_1185,2992513718,32,9,293,0.2812,32.5556,1711583,2130646,5000,120,10,47,1,0.0213,985.38,33.95,32.19,0.3573,17377.88,0,0,0,0,0.0704,0
AUC_1150,2647146890,8,2,49,0.25,24.5,839248,1021212,10000,90,5,11,4,0.3636,334.06,22.37,37.99,0.4625,35858.47,0,0,0,1,0.2509,0
AUC_1028,1799543521,20,0,579,0.0,579.0,238698,308910,5000,180,19,81,21,0.2593,47.01,15.11,6.11,0.8582,9796.52,1,1,1,0,0.8497,1
AUC_1352,2272172713,119,44,1310,0.3697,29.7727,327809,413270,1000,180,19,99,15,0.1515,346.89,90.74,9.87,0.3353,1422.72,0,0,1,0,0.0844,0
AUC_1013,2928464178,22,0,372,0.0,372.0,142179,166093,20000,180,4,36,21,0.5833,43.47,36.5,20.6,0.7244,29500.56,1,0,1,0,0.9878,1
AUC_1080,2423359667,26,10,122,0.3846,12.2,676089,804343,10000,60,14,195,10,0.0513,382.58,20.24,8.69,0.4728,23704.98,0,0,0,0,0.1953,0
AUC_1167,1602938564,86,3,1915,0.0349,638.3333,293176,330034,20000,90,9,157,30,0.1911,26.29,5.69,7.65,0.7696,37604.04,1,1,1,0,0.8795,1
AUC_1119,1101099229,4,1,12,0.25,12.0,452540,549542,20000,90,9,99,8,0.0808,797.56,63.38,40.27,0.3387,83236.2,0,0,0,0,0.0489,0
AUC_1073,2336089238,33,4,92,0.1212,23.0,928971,982072,5000,120,22,197,9,0.0457,594.39,82.41,63.58,0.1502,14064.51,0,0,0,0,0.1031,0
AUC_1196,1882753336,12,2,99,0.1667,49.5,227748,268675,1000,120,23,223,8,0.0359,244.85,57.97,40.4,0.3123,2192.09,0,0,0,0,0.1777,0
AUC_1131,1319111793,99,3,2510,0.0303,836.6667,1737802,2198885,20000,180,12,77,24,0.3117,27.61,19.8,6.32,0.6825,27982.02,1,1,1,0,0.8193,1
AUC_1153,2356374210,50,5,199,0.1,39.8,773051,854533,5000,60,20,246,6,0.0244,246.88,30.72,1.14,0.6225,6526.63,0,0,1,0,0.1934,0
AUC_1222,1146701682,76,23,664,0.3026,28.8696,582019,670728,2000,60,21,317,9,0.0284,61.27,23.87,22.92,0.3156,6080.97,0,0,0,0,0.1124,0
AUC_1260,2947024259,26,0,864,0.0,864.0,982853,1258643,2000,120,5,55,44,0.8,21.52,11.64,7.6,0.7344,3186.6,1,1,1,1,0.99,1
AUC_1350,1020166255,68,31,171,0.4559,5.5161,1518151,1737662,5000,180,15,136,10,0.0735,399.59,169.53,26.46,0.5514,10886.24,0,0,0,1,0.1408,0
AUC_1001,1789043482,25,0,182,0.0,182.0,486851,585748,20000,30,21,174,24,0.1379,38.28,7.85,2.6,0.6893,30343.99,1,0,1,0,0.7984,1
AUC_1383,1038559665,34,1,436,0.0294,436.0,1265895,1415690,10000,60,14,105,23,0.219,91.07,6.31,11.62,0.9528,12318.89,0,1,0,0,0.8301,1
AUC_1340,2637555329,20,3,43,0.15,14.3333,1376877,1717568,2000,60,20,298,11,0.0369,403.64,31.78,1.48,0.2429,5738.32,0,0,1,0,0.1654,1
AUC_1247,1596512737,19,3,264,0.1579,88.0,373962,421987,1000,60,3,51,15,0.2941,494.79,7.63,13.44,0.5019,2209.19,0,0,0,0,0.3663,0
AUC_1075,1180857278,80,20,884,0.25,44.2,1893439,2265264,5000,120,24,238,6,0.0252,217.0,29.39,25.58,0.219,17447.1,0,0,0,0,0.1349,0
AUC_1332,2836741744,122,0,3507,0.0,3507.0,997677,1064211,20000,120,21,227,34,0.1498,35.65,4.36,8.69,0.8425,29070.08,1,1,1,0,0.8737,0
AUC_1351,1145366669,25,1,196,0.04,196.0,1742001,1990715,1000,180,11,144,7,0.0486,248.66,41.76,91.06,0.2576,4371.78,0,0,0,0,0.2134,0
AUC_1384,2351731079,60,25,312,0.4167,12.48,584975,628658,5000,30,9,115,2,0.0174,338.47,25.07,2.83,0.295,6415.72,0,0,1,0,0.01,0
AUC_1321,1163405970,58,11,692,0.1897,62.9091,1429416,1670226,1000,120,16,208,15,0.0721,444.2,43.17,30.14,0.3652,1150.78,0,0,0,0,0.1961,1
AUC_1338,2595937575,42,13,314,0.3095,24.1538,1096477,1137480,2000,60,21,225,7,0.0311,426.89,37.54,36.61,0.4221,6623.93,0,0,0,0,0.146,0
AUC_1214,1653886674,29,6,207,0.2069,34.5,783638,879324,2000,240,8,90,7,0.0778,51.14,190.42,26.57,0.697,2359.73,0,0,1,1,0.2104,1
AUC_1342,2072069278,31,5,101,0.1613,20.2,695559,835485,10000,180,19,332,14,0.0422,161.37,68.77,8.96,0.2541,26358.48,0,0,1,0,0.2009,0
AUC_1244,1831267420,35,6,295,0.1714,49.1667,1878096,1927751,10000,120,15,131,2,0.0153,818.46,53.94,42.1,0.1876,33669.71,0,0,0,0,0.133,0
AUC_1064,1490583998,47,2,735,0.0426,367.5,1966281,2165338,10000,30,23,208,10,0.0481,6.61,4.22,1.74,0.7998,18773.65,0,0,1,0,0.7308,1
AUC_1192,1669080618,128,2,1526,0.0156,763.0,350149,396318,2000,120,6,94,32,0.3404,47.56,9.63,3.48,0.7506,2787.94,1,1,1,0,0.9288,1
AUC_1151,2483659541,66,3,1486,0.0455,495.3333,50275,62547,2000,120,10,117,35,0.2991,38.64,21.99,0.23,0.6056,2058.63,1,0,1,0,0.8743,0
AUC_1254,2601307366,71,4,1165,0.0563,291.25,772509,897410,5000,120,11,152,12,0.0789,39.77,0.96,0.6,0.6799,9989.75,0,1,1,0,0.7001,0
AUC_1071,1853567259,72,5,639,0.0694,127.8,59614,69686,10000,60,9,121,3,0.0248,298.66,34.92,2.34,0.6591,20296.6,0,0,1,0,0.3313,0
AUC_1380,1364517935,15,5,134,0.3333,26.8,370727,390829,20000,240,15,254,9,0.0354,787.97,113.64,161.88,0.173,67304.77,0,0,0,0,0.0555,0
AUC_1296,2374985830,42,13,151,0.3095,11.6154,271094,305854,10000,60,15,96,2,0.0208,413.84,45.98,4.12,0.2812,11421.23,0,0,1,0,0.01,0
AUC_1373,2019305089,53,1,1042,0.0189,1042.0,1583813,1823283,20000,60,19,245,30,0.1224,72.71,14.22,6.61,0.6904,33440.15,0,0,1,0,0.8125,1
AUC_1148,2731423265,36,3,682,0.0833,227.3333,1613245,1914908,20000,90,17,192,25,0.1302,89.34,14.67,10.62,0.796,23061.07,0,0,1,0,0.7037,1
AUC_1017,1196956590,36,10,88,0.2778,8.8,1212305,1267093,1000,240,12,114,2,0.0175,203.74,203.37,71.59,0.1635,3508.32,0,0,0,1,0.168,0
AUC_1258,2988778898,40,10,204,0.25,20.4,1856542,1913980,1000,120,24,108,2,0.0185,197.92,99.53,0.68,0.2777,1691.17,0,0,1,1,0.2352,0
AUC_1186,1246231898,40,5,383,0.125,76.6,1240927,1546449,5000,90,4,61,2,0.0328,692.13,57.4,27.25,0.1229,14071.18,0,0,0,1,0.1678,0
AUC_1125,1443266062,86,3,904,0.0349,301.3333,441477,546407,5000,90,8,102,12,0.1176,35.06,21.91,7.1,0.8584,7756.62,0,0,1,0,0.7208,1
AUC_1229,2921916452,8,3,60,0.375,20.0,248378,272238,2000,60,23,350,9,0.0257,250.76,51.16,3.07,0.2368,3088.51,0,0,1,0,0.01,0
AUC_1373,2675070819,31,10,242,0.3226,24.2,1759293,2065771,5000,120,23,332,16,0.0482,465.47,22.33,23.98,0.536,8219.25,0,0,0,0,0.1758,0
AUC_1297,1739049956,40,6,231,0.15,38.5,679220,820444,1000,60,22,106,3,0.0283,368.86,36.14,1.98,0.666,2926.51,0,0,1,0,0.3199,1
AUC_1215,1722789370,31,1,85,0.0323,85.0,1382297,1645844,10000,90,12,98,5,0.051,764.86,27.27,34.96,0.2902,32869.51,0,0,0,0,0.2436,0
AUC_1062,2572494762,25,10,178,0.4,17.8,1421207,1565367,1000,180,12,71,9,0.1268,301.99,169.8,8.55,0.2417,2092.67,0,0,1,0,0.0428,0
AUC_1079,2073402110,58,2,956,0.0345,478.0,1848688,2474476,1000,90,5,23,18,0.7826,15.27,21.91,2.89,0.6243,1475.01,1,0,1,0,0.8765,1
AUC_1218,2272405120,46,15,513,0.3261,34.2,1285177,1627557,5000,120,7,21,14,0.6667,401.05,42.15,37.54,0.4139,8886.36,0,0,0,0,0.3556,0
AUC_1321,1119760878,102,27,1329,0.2647,49.2222,1942159,2272611,5000,60,7,81,11,0.1358,156.01,23.86,6.09,0.2524,11819.69,0,0,1,1,0.2712,0
AUC_1116,2026045068,107,16,1166,0.1495,72.875,386190,450811,5000,120,6,90,10,0.1111,356.06,65.22,35.71,0.3439,10635.0,0,0,0,0,0.1991,0
AUC_1295,2686601409,77,32,339,0.4156,10.5938,1743036,2055588,20000,90,23,175,5,0.0286,137.99,59.46,9.39,0.2506,24946.22,0,0,1,1,0.1071,0
AUC_1059,2668208074,56,11,348,0.1964,31.6364,1335409,1417552,20000,120,11,110,6,0.0545,265.67,1.34,27.17,0.4813,69060.37,0,1,0,0,0.1024,0
AUC_1082,2043783232,12,0,118,0.0,118.0,1450647,1654140,10000,60,20,158,3,0.019,244.73,7.79,27.76,0.1462,18667.52,0,0,0,0,0.2519,0
AUC_1264,1316118192,50,2,494,0.04,247.0,1418936,1564800,2000,90,5,81,14,0.1728,28.63,3.2,6.23,0.6455,3373.93,0,1,1,0,0.7233,1
AUC_1237,2722885939,15,6,55,0.4,9.1667,198704,235778,10000,60,11,30,2,0.0667,426.62,53.0,9.86,0.1584,29555.85,0,0,0,0,0.01,0
AUC_1141,1540390437,41,12,106,0.2927,8.8333,1005917,1241248,20000,120,10,42,6,0.1429,405.43,37.21,43.84,0.1929,81708.38,0,0,0,0,0.0976,0
AUC_1057,1337459187,91,21,352,0.2308,16.7619,978399,1073379,2000,120,7,72,7,0.0972,122.78,45.6,38.14,0.3231,6220.41,0,0,0,1,0.1508,0
AUC_1056,1583969955,95,4,1584,0.0421,396.0,1189353,1369546,2000,180,22,328,38,0.1159,54.08,53.15,1.33,0.778,2116.77,1,0,1,0,0.99,1
AUC_1349,2419361954,118,36,1349,0.3051,37.4722,1971385,2284512,10000,90,17,40,10,0.25,412.53,14.97,1.94,0.3905,27178.44,0,0,1,1,0.21,0
AUC_1202,1781167419,2,0,6,0.0,6.0,247432,278414,5000,90,15,58,1,0.0172,204.82,27.98,33.41,0.2216,9555.51,0,0,0,0,0.1019,0
AUC_1013,2545414026,108,7,1522,0.0648,217.4286,1622230,1842256,2000,120,5,86,36,0.4186,84.75,2.73,1.26,0.8593,2355.94,0,1,1,1,0.9455,1
AUC_1131,1997105174,18,5,132,0.2778,26.4,974132,1052784,1000,180,14,77,9,0.1169,329.3,64.75,75.55,0.3253,2904.36,0,0,0,0,0.1332,0
AUC_1250,2860736120,38,5,263,0.1316,52.6,1658817,1755655,5000,30,7,54,3,0.0556,609.61,13.37,15.97,0.4656,16880.95,0,0,0,1,0.1014,0
AUC_1200,1428026645,62,11,293,0.1774,26.6364,574441,736958,2000,90,6,31,15,0.4839,418.47,33.22,28.49,0.6135,2692.12,0,0,0,0,0.4498,1
AUC_1292,1634745957,94,7,1440,0.0745,205.7143,294096,389608,1000,240,23,69,22,0.3188,12.31,9.4,14.28,0.8912,1777.86,1,1,1,0,0.9869,1
AUC_1199,2076453889,2,1,8,0.5,8.0,1906283,2290047,20000,120,18,285,9,0.0316,1020.82,81.13,31.95,0.1827,71370.29,0,0,0,0,0.1222,0
AUC_1194,1508124227,99,45,1298,0.4545,28.8444,1011036,1195514,1000,120,15,177,16,0.0904,136.96,68.85,7.94,0.2761,2194.37,0,0,1,1,0.1298,0
AUC_1349,2074537880,41,0,1080,0.0,1080.0,1122732,1420535,2000,120,6,68,15,0.2206,36.25,6.96,2.05,0.7849,3668.88,0,1,1,1,0.784,1
AUC_1256,1851183591,14,4,96,0.2857,24.0,463982,555434,5000,180,20,265,8,0.0302,894.49,47.93,43.16,0.3598,9545.92,0,0,0,0,0.1202,0
AUC_1326,2585407442,72,3,1215,0.0417,405.0,557824,690723,1000,30,4,35,29,0.8286,22.52,0.82,2.14,0.8809,1056.84,1,1,1,0,0.99,1
AUC_1233,1637224529,35,6,280,0.1714,46.6667,1644345,1707608,5000,180,23,138,2,0.0145,723.08,118.79,48.13,0.2334,6849.49,0,0,0,1,0.1312,0
AUC_1061,1609060887,49,12,455,0.2449,37.9167,1771107,2424718,2000,240,6,17,14,0.8235,330.66,116.23,76.66,0.4974,6781.08,0,0,0,1,0.2768,0
AUC_1390,2968638829,40,5,269,0.125,53.8,1519265,1953655,10000,240,3,28,8,0.2857,922.15,114.03,64.29,0.3426,28589.26,0,0,0,0,0.1998,0
AUC_1017,1717934017,21,7,197,0.3333,28.1429,1967841,2139277,2000,30,5,48,4,0.0833,684.85,23.71,7.09,0.1537,4524.28,0,0,0,1,0.0236,0
AUC_1139,1428052021,23,1,195,0.0435,195.0,553223,686581,2000,120,14,200,7,0.035,427.19,93.75,26.38,0.2944,7462.09,0,0,0,0,0.1742,0
AUC_1286,1605753775,29,2,619,0.069,309.5,1721123,1783006,5000,120,24,341,14,0.0411,7.03,15.29,11.28,0.8201,8956.72,0,0,1,0,0.7327,1
AUC_1382,1950384035,137,1,3813,0.0073,3813.0,1219780,1321807,10000,240,10,149,26,0.1745,88.88,36.59,19.7,0.8351,13106.81,0,0,1,0,0.7709,1
AUC_1208,2166212787,90,35,1132,0.3889,32.3429,1952012,2275146,20000,120,14,156,11,0.0705,76.54,31.25,43.21,0.5398,42832.99,0,0,0,1,0.1494,0
AUC_1139,1080716255,57,12,501,0.2105,41.75,1808251,1992642,5000,90,14,195,7,0.0359,154.67,45.64,14.29,0.4719,12892.82,0,0,0,0,0.0631,0
AUC_1127,2748551684,115,9,1334,0.0783,148.2222,270890,319181,2000,180,15,50,17,0.34,10.89,8.55,1.33,0.7906,2056.41,0,1,1,0,0.844,1
AUC_1135,2453552357,19,2,61,0.1053,30.5,1160790,1322907,20000,90,16,162,6,0.037,747.58,17.78,59.75,0.44,42037.24,0,0,0,0,0.179,0
AUC_1159,1475287837,30,0,142,0.0,142.0,1138285,1296917,1000,120,23,147,4,0.0272,165.87,85.47,22.96,0.1517,1984.45,0,0,0,0,0.3837,0
AUC_1138,2917757167,44,2,379,0.0455,189.5,66714,83362,2000,240,11,166,4,0.0241,568.57,179.71,121.61,0.5002,6325.22,0,0,0,0,0.3319,0
AUC_1085,2626840477,91,1,1406,0.011,1406.0,1120919,1375487,20000,90,14,235,18,0.0766,26.56,26.7,1.21,0.6925,27469.12,1,0,1,1,0.7819,1
AUC_1165,2370231155,37,17,91,0.4595,5.3529,1985266,2310520,2000,240,14,231,9,0.039,333.24,182.8,14.78,0.3213,3713.87,0,0,1,1,0.0522,0
AUC_1373,2398275120,76,15,790,0.1974,52.6667,990637,1171525,2000,240,17,300,16,0.0533,451.5,102.82,29.88,0.4963,4684.62,0,0,0,0,0.1875,0
AUC_1268,2279433432,96,18,1213,0.1875,67.3889,1892156,2020015,5000,240,17,114,10,0.0877,131.75,122.34,92.01,0.5454,17040.06,0,0,0,1,0.2836,0
AUC_1341,2347467551,53,7,516,0.1321,73.7143,1769236,2287101,2000,240,12,24,15,0.625,326.68,73.7,40.12,0.2757,4209.3,0,0,0,0,0.3868,1
AUC_1224,2365759595,106,37,680,0.3491,18.3784,1727222,1905334,20000,120,11,170,11,0.0647,307.75,71.44,43.07,0.4867,32869.4,0,0,0,1,0.1131,0
AUC_1065,2506638244,31,4,110,0.129,27.5,1700783,1985424,5000,240,12,67,4,0.0597,88.45,197.02,36.82,0.5578,10392.29,0,0,0,1,0.1235,0
AUC_1050,2433888441,29,4,77,0.1379,19.25,479516,535144,1000,120,12,198,5,0.0253,368.75,74.04,56.92,0.1231,4168.63,0,0,0,1,0.082,0
AUC_1006,2238447620,33,0,329,0.0,329.0,481649,560018,1000,180,15,167,8,0.0479,906.26,41.15,98.34,0.1353,1884.4,0,0,0,0,0.2956,0
AUC_1286,2181430982,81,8,486,0.0988,60.75,985731,1125773,1000,90,10,32,3,0.0938,152.14,82.72,10.03,0.2766,1768.1,0,0,1,1,0.1992,0
AUC_1166,1983906950,45,4,991,0.0889,247.75,1416473,1928313,2000,120,10,38,32,0.8421,26.86,9.3,6.33,0.6813,3215.14,1,1,1,1,0.9379,1
AUC_1366,1087090115,77,34,397,0.4416,11.6765,228076,245713,10000,180,9,95,6,0.0632,55.67,163.35,26.87,0.6658,25871.76,0,0,0,1,0.1903,0
AUC_1148,1275265477,11,3,45,0.2727,15.0,473787,570895,20000,240,15,58,7,0.1207,251.18,199.66,86.26,0.4716,35655.96,0,0,0,0,0.2669,0
AUC_1137,2544745248,101,3,1276,0.0297,425.3333,914679,1192697,5000,180,18,108,38,0.3519,39.41,16.73,20.86,0.851,8910.92,1,1,1,0,0.9574,0
AUC_1155,1161862548,16,0,365,0.0,365.0,709651,804704,2000,240,20,119,22,0.1849,9.12,7.02,7.76,0.8041,3705.79,1,1,1,1,0.9732,1
AUC_1284,2886346497,106,44,504,0.4151,11.4545,1110452,1371022,5000,60,7,86,17,0.1977,443.67,11.23,17.32,0.3953,8776.06,0,0,0,1,0.1699,0
AUC_1211,2086379179,50,5,691,0.1,138.2,1850749,2407555,2000,30,4,67,36,0.5373,22.19,5.43,1.8,0.8907,3727.12,1,0,1,0,0.99,1
AUC_1063,2200710123,38,0,315,0.0,315.0,1179108,1401052,2000,30,14,176,6,0.0341,509.71,20.35,11.33,0.3638,3479.62,0,0,0,0,0.2496,0
AUC_1323,2858391893,35,11,190,0.3143,17.2727,700518,746153,1000,90,4,50,6,0.12,274.45,48.89,23.59,0.4059,1409.83,0,0,0,1,0.0138,0
AUC_1084,2529334519,62,2,1965,0.0323,982.5,1351702,1548554,5000,90,22,325,27,0.0831,105.11,20.59,2.85,0.7,7229.95,0,0,1,0,0.7534,1
AUC_1080,1736788456,100,17,385,0.17,22.6471,996175,1156099,2000,180,11,97,11,0.1134,94.19,100.21,23.62,0.2223,6326.35,0,0,0,0,0.1588,0
AUC_1139,1034664044,19,7,208,0.3684,29.7143,1587454,1920938,5000,90,24,281,17,0.0605,296.92,0.93,18.0,0.2011,14221.35,0,1,0,0,0.1672,0
AUC_1230,2171091160,6,0,59,0.0,59.0,781003,847613,1000,180,7,75,7,0.0933,788.41,80.91,63.27,0.455,4213.1,0,0,0,1,0.2103,1
AUC_1309,1615734725,85,31,385,0.3647,12.4194,292399,329384,5000,240,22,243,8,0.0329,371.36,97.02,26.34,0.4769,8348.24,0,0,1,0,0.0354,0
AUC_1254,1885955300,60,19,751,0.3167,39.5263,587846,688834,2000,180,17,56,16,0.2857,340.44,68.3,23.64,0.6263,3959.85,0,0,0,0,0.2635,0
AUC_1349,2879353049,118,3,2575,0.0254,858.3333,1691664,1929472,10000,120,5,67,33,0.4925,87.68,29.7,5.91,0.6565,19106.1,0,0,1,0,0.7799,1
AUC_1077,2696763649,23,0,89,0.0,89.0,169158,186115,5000,90,9,138,4,0.029,1062.51,52.99,34.85,0.4951,20940.05,0,0,0,0,0.3391,1
AUC_1284,1649363931,73,0,923,0.0,923.0,1231498,1345014,2000,120,6,90,12,0.1333,37.6,34.41,9.79,0.9451,3273.83,0,0,1,0,0.7744,1
AUC_1169,2250028152,27,9,242,0.3333,26.8889,102266,108435,5000,90,13,233,8,0.0343,306.13,16.22,14.44,0.4068,14682.51,0,0,0,0,0.113,0
AUC_1004,2464608580,108,32,1344,0.2963,42.0,875501,1090814,2000,120,22,88,12,0.1364,103.29,41.85,34.82,0.4759,4119.75,0,0,0,0,0.0413,0
AUC_1215,2602422078,31,11,383,0.3548,34.8182,1830016,2308152,10000,240,3,19,8,0.4211,317.53,109.09,69.55,0.5435,11679.73,0,0,0,0,0.187,0
AUC_1342,1773960349,88,18,378,0.2045,21.0,1177990,1226389,5000,180,14,109,7,0.0642,152.28,111.39,31.96,0.4653,13310.98,0,0,0,0,0.0905,0
AUC_1272,2442103914,37,9,133,0.2432,14.7778,50073,59058,2000,180,18,79,11,0.1392,382.6,148.53,4.3,0.3344,5539.18,0,0,1,0,0.035,0
AUC_1129,2276649200,42,9,388,0.2143,43.1111,1918883,2223650,10000,90,18,118,6,0.0508,589.35,16.9,34.55,0.2041,33975.61,0,0,0,0,0.0789,0
AUC_1112,1224902315,113,5,2498,0.0442,499.6,1202960,1284390,20000,90,18,115,29,0.2522,89.29,13.35,1.1,0.6246,33332.14,0,0,1,0,0.7451,1
AUC_1030,2610725675,126,7,3357,0.0556,479.5714,1349870,1535219,5000,60,21,107,22,0.2056,76.61,12.69,4.57,0.95,9064.91,0,0,1,0,0.729,1
AUC_1081,2371372710,102,29,440,0.2843,15.1724,1677879,2083234,2000,120,8,141,17,0.1206,252.99,42.35,34.42,0.4573,4286.67,0,0,0,1,0.088,0
AUC_1067,1134190667,54,0,1876,0.0,1876.0,1014679,1157141,20000,240,19,281,40,0.1423,110.47,38.23,38.58,0.7395,31097.67,0,0,0,0,0.7337,0
AUC_1121,1404766103,109,18,734,0.1651,40.7778,1580705,1790740,1000,180,19,242,17,0.0702,84.99,64.36,21.51,0.6308,2436.92,0,0,1,1,0.305,0
AUC_1075,2040873074,32,8,121,0.25,15.125,1629646,1828829,2000,30,20,49,8,0.1633,507.44,3.36,9.25,0.5389,4689.72,0,1,0,0,0.1722,1
AUC_1099,1224950399,44,2,496,0.0455,248.0,1739695,2145987,5000,30,18,107,28,0.2617,11.34,5.52,1.97,0.5604,8242.2,1,0,1,0,0.7989,1
AUC_1010,2948522629,92,38,299,0.413,7.8684,595714,637009,10000,120,11,108,16,0.1481,142.7,37.88,25.92,0.48,31715.84,0,0,0,0,0.1259,0
AUC_1284,1014044611,17,0,340,0.0,340.0,1413466,1510413,1000,120,24,420,38,0.0905,75.46,12.43,4.05,0.7756,1237.99,0,1,1,0,0.9234,1
AUC_1003,2757618551,113,39,1561,0.3451,40.0256,1756237,2131724,5000,120,8,69,16,0.2319,239.86,3.51,29.07,0.4176,13333.84,0,1,0,0,0.2367,1
AUC_1286,2731377416,23,5,93,0.2174,18.6,1861132,1911726,10000,90,11,163,6,0.0368,171.32,9.96,26.49,0.3343,15560.9,0,1,0,0,0.055,0
AUC_1019,1210275174,17,3,157,0.1765,52.3333,695072,796836,1000,180,16,277,9,0.0325,1027.98,76.34,33.59,0.1594,2631.85,0,0,0,0,0.0952,0
AUC_1138,1210561144,135,1,2728,0.0074,2728.0,1219198,1669839,5000,90,21,43,39,0.907,83.81,0.56,1.14,0.7692,6314.63,0,1,1,0,0.9486,1
AUC_1371,1643342816,2,0,16,0.0,16.0,1743335,1941248,5000,120,9,149,9,0.0604,159.2,49.82,61.61,0.4762,14929.08,0,0,0,1,0.0773,0
AUC_1231,1773689383,19,7,75,0.3684,10.7143,156517,197803,5000,120,4,66,10,0.1515,100.79,50.04,20.44,0.5749,9142.29,0,0,0,0,0.01,0
AUC_1137,2421572580,88,32,1194,0.3636,37.3125,1586475,1768693,1000,120,4,26,15,0.5769,358.61,39.7,12.54,0.433,1172.48,0,0,1,0,0.2618,0
AUC_1295,2236891851,23,6,104,0.2609,17.3333,384279,407924,10000,60,15,37,7,0.1892,880.26,43.89,19.13,0.5071,35329.41,0,0,0,0,0.0972,0
AUC_1028,1407080393,110,16,1344,0.1455,84.0,1262041,1433129,5000,90,3,42,14,0.3333,391.16,26.12,15.67,0.2656,6966.48,0,0,0,1,0.3051,0
AUC_1078,1909945638,56,27,541,0.4821,20.037,1660781,2094242,2000,180,4,66,13,0.197,172.87,42.73,64.46,0.4252,5001.26,0,0,0,0,0.1951,1
AUC_1275,2026671635,37,4,356,0.1081,89.0,1602384,1806402,10000,60,16,84,8,0.0952,1130.54,32.19,33.67,0.399,33136.02,0,0,0,1,0.2045,0
AUC_1384,2925352614,76,1,1351,0.0132,1351.0,286818,350288,5000,240,7,96,38,0.3958,87.43,11.13,15.65,0.7707,9594.28,0,1,1,0,0.8013,1
AUC_1033,2670047025,13,4,57,0.3077,14.25,653195,817200,5000,120,5,75,6,0.08,141.04,102.38,2.27,0.3483,11954.92,0,0,1,1,0.1693,0
AUC_1110,2487544404,24,8,67,0.3333,8.375,1297886,1434560,2000,180,14,131,5,0.0382,1191.52,129.97,54.85,0.5288,8877.65,0,0,0,0,0.2467,0
AUC_1302,2750664582,28,1,261,0.0357,261.0,1052796,1212912,20000,60,17,195,9,0.0462,312.55,22.53,37.15,0.1362,84906.1,0,0,0,1,0.1671,0
AUC_1244,1106694952,16,1,231,0.0625,231.0,1019868,1072843,5000,240,12,136,22,0.1618,46.17,54.41,12.79,0.9431,8884.85,1,0,1,0,0.8578,1
AUC_1288,1917741242,23,11,92,0.4783,8.3636,1149325,1297435,10000,240,24,85,12,0.1412,342.94,78.21,76.06,0.4712,27749.71,0,0,0,1,0.118,0
AUC_1278,1391937146,96,31,406,0.3229,13.0968,1162703,1259299,20000,60,15,118,17,0.1441,118.25,16.38,18.8,0.2197,57267.03,0,0,0,1,0.2528,0
AUC_1382,1209752750,52,4,759,0.0769,189.75,95100,99706,2000,60,16,83,23,0.2771,9.14,5.62,0.45,0.6149,3338.76,1,1,1,1,0.99,1
AUC_1348,2432690571,52,11,304,0.2115,27.6364,1180460,1254215,20000,120,3,34,12,0.3529,347.11,12.33,22.06,0.6339,64209.46,0,1,0,0,0.2875,0
AUC_1042,2326977391,17,8,42,0.4706,5.25,1262887,1438161,2000,30,21,287,10,0.0348,446.8,17.98,5.01,0.2396,2816.24,0,0,0,0,0.1044,0
AUC_1223,2143983704,38,10,161,0.2632,16.1,148911,174388,1000,60,13,30,4,0.1333,1016.96,26.24,17.25,0.4125,4246.48,0,0,0,1,0.0441,0
AUC_1273,2254016803,12,3,34,0.25,11.3333,1683167,2026152,10000,240,17,34,5,0.1471,933.55,138.07,42.22,0.3969,27783.72,0,0,0,1,0.1604,0
AUC_1216,1333045372,67,19,263,0.2836,13.8421,1676838,1799614,1000,180,15,222,9,0.0405,258.52,76.09,22.02,0.4237,2506.89,0,0,0,0,0.0854,0
AUC_1347,1312846172,31,3,542,0.0968,180.6667,1869674,2460414,1000,60,13,50,37,0.74,44.39,2.68,2.65,0.8565,1350.96,1,1,1,0,0.9672,1
AUC_1154,1120195107,24,2,234,0.0833,117.0,875696,1000207,20000,60,21,298,33,0.1107,86.37,7.57,3.73,0.974,22228.64,0,0,1,1,0.7914,1
AUC_1233,1350243787,38,13,254,0.3421,19.5385,1817437,2239077,5000,180,11,113,6,0.0531,410.11,52.06,36.11,0.2292,10475.13,0,0,0,0,0.0381,0
AUC_1216,1744759903,72,9,880,0.125,97.7778,63683,78046,10000,240,16,125,13,0.104,268.56,6.27,37.14,0.5289,15926.74,0,1,0,0,0.2038,1
AUC_1013,1028404536,15,1,82,0.0667,82.0,1970485,2367170,5000,120,23,264,7,0.0265,1016.91,81.2,48.11,0.1537,16896.58,0,0,0,0,0.286,0
AUC_1153,2552417746,27,11,121,0.4074,11.0,527521,621530,10000,240,6,86,5,0.0581,89.69,167.34,34.8,0.294,18393.06,0,0,0,0,0.0518,0
AUC_1237,2887099124,2,1,5,0.5,5.0,1711305,2053578,5000,60,15,126,9,0.0714,776.53,41.63,41.87,0.1202,18198.71,0,0,0,1,0.01,0
AUC_1263,2166785242,21,1,331,0.0476,331.0,1854486,2242425,5000,60,11,161,34,0.2112,83.52,4.39,0.41,0.9482,6085.34,0,1,1,0,0.8906,1
AUC_1216,2951931884,106,3,2439,0.0283,813.0,1618844,1959456,5000,180,19,160,17,0.1062,67.17,22.98,20.41,0.937,5542.13,0,0,1,0,0.5952,0
AUC_1380,1221886003,7,1,54,0.1429,54.0,450846,601208,10000,90,5,14,9,0.6429,877.41,19.23,52.32,0.4814,31746.88,0,0,0,1,0.1948,1
AUC_1344,2825485134,26,0,148,0.0,148.0,1174828,1436544,2000,120,11,51,4,0.0784,690.29,12.96,21.92,0.1972,2816.45,0,1,0,0,0.3051,0
AUC_1306,1518868390,34,3,214,0.0882,71.3333,324685,379618,5000,180,12,200,4,0.02,192.4,9.59,70.37,0.3635,16040.79,0,1,0,0,0.2172,0
AUC_1255,2505082001,23,0,409,0.0,409.0,884230,1140192,1000,180,3,49,24,0.4898,22.82,58.62,3.87,0.9544,1631.42,1,0,1,0,0.9442,1
AUC_1161,2697306068,108,29,1009,0.2685,34.7931,1007953,1135346,5000,30,17,131,8,0.0611,316.62,4.09,11.51,0.6111,8497.63,0,0,0,1,0.01,0
AUC_1378,2547384078,2,0,15,0.0,15.0,1807733,2149413,2000,120,7,119,3,0.0252,1157.23,76.21,50.46,0.2085,4241.64,0,0,0,1,0.0939,0
AUC_1276,1442767379,123,6,4055,0.0488,675.8333,1170612,1238222,20000,240,22,157,19,0.121,81.98,11.03,46.69,0.7463,32571.02,0,1,0,0,0.6316,1
AUC_1001,2742487963,138,3,3142,0.0217,1047.3333,480197,606760,2000,240,21,229,32,0.1397,36.31,61.33,35.78,0.8153,3515.07,1,0,0,0,0.8429,1
AUC_1154,1987720163,52,18,544,0.3462,30.2222,567130,601410,5000,120,23,114,14,0.1228,329.14,72.56,36.1,0.5254,8849.99,0,0,0,1,0.122,0
AUC_1136,1749686294,68,30,242,0.4412,8.0667,1738008,2200449,5000,180,18,83,16,0.1928,466.71,77.96,33.14,0.2111,14103.74,0,0,0,1,0.0586,0
AUC_1310,2582093756,119,3,3607,0.0252,1202.3333,322497,358753,20000,180,11,174,42,0.2414,21.01,11.25,21.5,0.8572,20693.24,1,1,1,0,0.8734,1
AUC_1315,1140614003,34,5,415,0.1471,83.0,103932,120632,20000,90,14,67,17,0.2537,287.96,43.09,33.16,0.3901,21320.1,0,0,0,0,0.2571,1
AUC_1394,2387636077,83,0,603,0.0,603.0,1808496,1959801,1000,60,18,138,6,0.0435,234.86,48.57,0.24,0.2119,2440.37,0,0,1,0,0.2541,0
AUC_1095,2519688885,21,0,431,0.0,431.0,1499309,1851827,5000,90,18,297,15,0.0505,26.99,6.48,0.35,0.6062,7568.1,0,1,1,0,0.7095,1
AUC_1115,1457254686,88,7,1733,0.0795,247.5714,1533039,1801450,20000,180,11,66,15,0.2273,14.22,15.9,12.48,0.5822,41775.75,0,1,1,0,0.7227,1
AUC_1222,2979240083,54,7,477,0.1296,68.1429,274616,286705,5000,240,13,215,6,0.0279,92.04,125.1,67.85,0.3587,13089.2,0,0,0,0,0.2231,1
AUC_1322,1232226807,77,5,1165,0.0649,233.0,958264,1019503,5000,240,19,299,37,0.1237,27.63,32.42,28.56,0.9739,6578.99,1,0,1,0,0.8936,1
AUC_1370,2340761684,26,13,202,0.5,15.5385,1620959,1839317,2000,120,8,72,6,0.0833,397.4,101.45,10.82,0.5939,3067.48,0,0,1,0,0.1223,0
AUC_1075,2047961356,43,1,478,0.0233,478.0,1211179,1293549,5000,180,21,296,13,0.0439,32.81,35.08,5.12,0.8305,6735.01,0,0,1,0,0.6084,0
AUC_1040,2288013616,73,31,454,0.4247,14.6452,1910834,2401064,2000,240,5,11,6,0.5455,290.15,168.03,27.25,0.6145,5546.87,0,0,1,1,0.3034,0
AUC_1216,1304689885,73,9,524,0.1233,58.2222,1494155,1708086,1000,90,21,268,2,0.0075,80.47,75.73,2.3,0.3539,2414.51,0,0,1,1,0.3293,0
AUC_1133,2823836838,20,4,98,0.2,24.5,1958115,2179364,1000,90,9,135,6,0.0444,411.64,16.28,23.65,0.4666,2857.53,0,0,0,1,0.237,1
AUC_1084,2078035902,89,14,524,0.1573,37.4286,1224736,1426247,2000,60,10,106,10,0.0943,333.12,42.5,6.63,0.4821,3440.41,0,0,1,1,0.2197,0
AUC_1057,1901483528,35,7,248,0.2,35.4286,907550,1131580,1000,30,17,126,4,0.0317,313.76,1.19,16.79,0.1562,1284.87,0,1,0,0,0.1959,0
AUC_1133,2613132112,85,3,954,0.0353,318.0,821894,1067067,2000,120,6,34,22,0.6471,65.34,0.14,1.05,0.8588,2580.4,1,1,1,0,0.8922,1
AUC_1259,1718507953,75,4,847,0.0533,211.75,443547,462410,10000,30,19,325,33,0.1015,85.6,5.98,0.63,0.8108,17965.6,0,0,1,0,0.8409,1
AUC_1300,2540105245,119,3,1569,0.0252,523.0,1003297,1083857,5000,90,20,255,32,0.1255,47.96,23.62,11.73,0.9714,7352.08,1,0,0,0,0.9449,1
AUC_1106,1281128924,95,1,2575,0.0105,2575.0,1750133,1974671,20000,240,12,114,32,0.2807,54.65,52.68,4.56,0.6219,26081.13,1,0,1,0,0.9231,1
AUC_1100,2275433754,39,0,306,0.0,306.0,585882,640374,10000,120,15,212,6,0.0283,578.85,84.65,79.48,0.1093,14054.26,0,0,0,0,0.3411,1
AUC_1051,1417016610,46,3,930,0.0652,310.0,1934157,2578253,5000,30,3,49,31,0.6327,29.65,3.3,0.69,0.7535,6600.05,1,1,1,0,0.99,1
AUC_1341,2949888288,88,16,316,0.1818,19.75,1053638,1236827,2000,60,8,23,6,0.2609,167.79,32.48,15.19,0.3063,5260.2,0,0,0,0,0.1848,0
AUC_1181,2821240930,72,22,910,0.3056,41.3636,1927729,2251574,2000,180,21,167,14,0.0838,403.6,4.28,68.08,0.2507,5264.71,0,1,0,0,0.1905,1
AUC_1378,2073955073,79,19,409,0.2405,21.5263,100710,108297,5000,240,17,163,2,0.0123,272.43,223.05,4.33,0.4475,6324.57,0,0,1,1,0.1362,0
AUC_1026,1704242381,43,4,688,0.093,172.0,960571,1051132,5000,120,19,309,24,0.0777,29.59,17.56,2.14,0.6462,8929.28,1,0,1,0,0.8315,1
AUC_1146,1701469823,41,7,117,0.1707,16.7143,1750640,1999180,5000,240,14,198,8,0.0404,878.21,54.37,58.4,0.2234,21952.47,0,0,0,1,0.1764,0
AUC_1086,1606018788,84,34,253,0.4048,7.4412,396900,442640,5000,180,17,239,13,0.0544,224.7,55.59,32.41,0.5848,6553.33,0,0,0,1,0.1655,0
AUC_1039,2167105576,67,25,433,0.3731,17.32,1420045,1564669,2000,120,12,144,10,0.0694,381.12,41.31,26.16,0.2482,4172.07,0,0,0,0,0.0837,0
AUC_1291,2659650326,20,6,123,0.3,20.5,627659,766423,5000,60,14,45,10,0.2222,178.64,47.76,4.13,0.4044,11086.26,0,0,1,1,0.2365,1
AUC_1120,1816104726,71,1,2469,0.0141,2469.0,1879371,2222926,20000,180,3,47,23,0.4894,83.62,15.19,18.1,0.7402,35217.34,0,1,1,0,0.8851,1
AUC_1364,2501526022,28,10,101,0.3571,10.1,712270,973938,1000,60,3,15,6,0.4,149.96,48.51,1.95,0.6606,1300.63,0,0,1,1,0.1826,0
AUC_1234,2567343056,60,0,1019,0.0,1019.0,755681,927118,1000,120,16,65,13,0.2,17.76,1.53,3.11,0.5793,1093.89,0,1,1,0,0.8075,1
AUC_1018,2156928263,39,12,168,0.3077,14.0,860786,1000511,1000,120,11,87,6,0.069,214.15,74.46,18.03,0.6237,2824.65,0,0,0,1,0.2247,0
AUC_1349,2204598106,13,0,118,0.0,118.0,446994,459673,1000,60,20,234,6,0.0256,1082.02,45.79,24.38,0.4916,3402.61,0,0,0,0,0.2834,0
AUC_1342,1564791483,107,19,646,0.1776,34.0,1496253,1656120,10000,60,24,287,16,0.0557,133.01,36.58,23.55,0.6156,31791.4,0,0,0,0,0.3129,0
AUC_1232,2624212988,116,34,1217,0.2931,35.7941,877608,955259,10000,30,3,35,13,0.3714,84.36,12.14,5.33,0.4367,19345.74,0,0,0,0,0.2543,0
AUC_1076,1551574816,52,9,549,0.1731,61.0,1628650,1733162,1000,240,17,275,14,0.0509,440.2,14.49,20.71,0.3878,2690.47,0,1,1,0,0.2441,0
AUC_1395,2412303329,48,4,290,0.0833,72.5,1718354,1797489,5000,240,11,188,18,0.0957,26.05,37.35,14.37,0.5504,5765.02,1,0,1,0,0.6087,0
AUC_1139,1669320680,117,42,1165,0.359,27.7381,628313,860721,2000,240,6,13,9,0.6923,230.92,27.34,61.67,0.6301,5502.52,0,1,0,0,0.3534,1
AUC_1034,2438022364,43,19,412,0.4419,21.6842,925589,1131151,10000,120,16,111,16,0.1441,246.87,72.3,44.51,0.3674,21229.45,0,0,0,0,0.0263,0
AUC_1333,1711149866,47,2,1376,0.0426,688.0,775970,879987,10000,240,18,244,36,0.1475,37.44,77.39,42.73,0.7607,17975.15,1,0,0,0,0.8492,1
AUC_1232,1096746778,90,4,1310,0.0444,327.5,1425776,1576086,10000,120,24,367,16,0.0436,36.09,32.82,8.2,0.5948,11146.3,0,0,1,0,0.667,1
AUC_1091,2498621827,63,0,1518,0.0,1518.0,1320036,1647147,2000,30,6,59,35,0.5932,39.16,2.69,1.82,0.8555,2026.52,1,1,1,0,0.99,1
AUC_1348,1155637290,37,4,425,0.1081,106.25,586081,725473,1000,60,21,245,9,0.0367,475.56,22.98,13.12,0.2321,1373.36,0,0,0,1,0.2709,0
AUC_1334,1740261185,83,6,428,0.0723,71.3333,1976889,2177596,5000,90,17,40,9,0.225,105.04,66.46,0.76,0.3557,5828.43,0,0,1,0,0.3749,0
AUC_1078,1977237406,92,8,1913,0.087,239.125,1079193,1356436,5000,60,14,36,29,0.8056,67.37,12.04,0.84,0.6712,8402.35,1,0,1,0,0.99,1
AUC_1231,2504916931,75,34,466,0.4533,13.7059,1957591,2435734,2000,120,15,176,11,0.0625,109.61,32.15,29.49,0.2146,4837.17,0,0,0,0,0.076,0
AUC_1034,2717036059,19,3,148,0.1579,49.3333,1220790,1427854,5000,120,15,78,1,0.0128,467.71,91.89,47.82,0.3312,21655.33,0,0,0,1,0.137,0
AUC_1368,1152585052,115,55,1363,0.4783,24.7818,1401352,1623873,20000,180,22,316,9,0.0285,103.4,112.94,70.98,0.5551,42706.05,0,0,0,0,0.1639,0
AUC_1151,2510505916,35,2,763,0.0571,381.5,724433,847293,10000,90,4,65,12,0.1846,28.79,24.12,1.71,0.6687,11254.24,0,0,1,0,0.7506,1
AUC_1396,1831315568,40,11,366,0.275,33.2727,1302735,1557597,20000,120,22,288,7,0.0243,949.66,2.89,76.43,0.2984,57279.09,0,1,0,0,0.0434,0
AUC_1246,2233614398,105,3,2221,0.0286,740.3333,214445,269337,5000,240,15,193,27,0.1399,81.81,34.06,22.5,0.9457,6218.0,0,0,1,0,0.8834,1
AUC_1246,2089900206,10,0,44,0.0,44.0,1809254,2149194,20000,180,4,16,1,0.0625,1029.69,49.68,75.64,0.3871,28745.2,0,0,0,1,0.1611,0
AUC_1126,1278655546,9,3,42,0.3333,14.0,1930426,2355258,20000,90,21,42,2,0.0476,909.75,22.33,33.02,0.5432,74142.32,0,0,0,0,0.2042,0
AUC_1381,2908980341,50,25,440,0.5,17.6,1708856,2146166,10000,60,18,270,9,0.0333,383.85,56.09,8.14,0.3906,28932.33,0,0,0,0,0.0271,0
AUC_1183,1078910536,35,0,88,0.0,88.0,541239,577322,10000,180,16,270,9,0.0333,632.25,105.31,105.68,0.36,28953.69,0,0,0,0,0.1794,0
AUC_1328,2422509858,7,2,36,0.2857,18.0,1240162,1310195,2000,240,15,184,4,0.0217,582.3,112.69,85.45,0.1706,3076.7,0,0,0,1,0.0955,0
AUC_1386,1065221046,18,0,410,0.0,410.0,1250782,1541813,10000,30,13,129,25,0.1938,38.24,1.54,1.25,0.7802,15404.99,1,1,1,0,0.8965,1
AUC_1118,2352953974,25,4,100,0.16,25.0,1275443,1461854,5000,180,11,187,2,0.0107,240.26,71.47,0.94,0.6411,13584.0,0,0,1,0,0.1819,0
AUC_1340,1976116993,14,0,117,0.0,117.0,1776446,2034156,1000,180,22,331,2,0.006,383.76,103.41,36.6,0.2621,2174.91,0,0,0,1,0.264,1
AUC_1003,1912595637,57,2,779,0.0351,389.5,1868034,2441042,2000,90,5,75,33,0.44,59.51,29.84,16.03,0.8808,3474.9,1,0,0,0,0.7521,1
AUC_1389,2607810315,41,11,175,0.2683,15.9091,317303,398886,2000,60,11,23,13,0.5652,137.57,13.32,5.05,0.6079,3351.8,0,0,1,0,0.2703,1
AUC_1265,1948275718,13,2,72,0.1538,36.0,826755,1008338,1000,30,5,73,2,0.0274,740.17,24.85,6.14,0.4695,2868.79,0,0,0,0,0.1507,0
AUC_1266,1208813301,43,14,171,0.3256,12.2143,1372565,1481723,2000,30,10,169,8,0.0473,651.26,3.79,12.82,0.2797,4542.51,0,0,0,1,0.1531,0
AUC_1051,1907410033,75,5,579,0.0667,115.8,1030905,1232635,10000,30,3,40,22,0.55,6.7,8.45,0.99,0.7408,19758.75,1,0,1,0,0.9317,0
AUC_1261,2850522618,13,1,71,0.0769,71.0,1204106,1481889,5000,240,18,95,5,0.0526,210.45,65.73,159.05,0.3025,10453.32,0,0,0,0,0.1541,0
AUC_1215,2499432226,32,1,245,0.0312,245.0,713217,843455,5000,90,10,76,3,0.0395,617.42,13.9,28.31,0.2351,22367.52,0,0,0,0,0.3215,0
AUC_1105,1589713495,45,0,105,0.0,105.0,1038867,1123015,20000,120,13,54,6,0.1111,419.16,55.51,4.41,0.48,42678.14,0,0,1,0,0.3386,0
AUC_1230,2279982672,7,2,14,0.2857,7.0,168886,189373,5000,60,16,119,2,0.0168,222.59,26.46,30.34,0.4757,21761.0,0,0,0,1,0.0672,0
AUC_1041,2135994374,9,3,81,0.3333,27.0,427902,503657,20000,30,6,104,1,0.0096,1094.87,12.04,11.4,0.3878,48802.75,0,0,0,0,0.1148,0
AUC_1311,1870469509,31,5,150,0.1613,30.0,1315282,1463623,5000,120,6,18,6,0.3333,149.65,72.13,3.5,0.3258,12778.8,0,0,1,0,0.2711,0
AUC_1185,2662197877,44,7,392,0.1591,56.0,1502405,1652780,1000,180,22,260,6,0.0231,224.43,46.89,93.76,0.4963,1511.27,0,0,0,0,0.2533,0
AUC_1388,1510020894,7,0,20,0.0,20.0,594474,634534,2000,30,19,236,6,0.0254,245.97,15.26,2.76,0.5717,5624.73,0,0,1,1,0.3032,0
AUC_1148,2841345505,39,13,203,0.3333,15.6154,799839,843432,20000,120,3,20,8,0.4,323.75,45.77,77.21,0.4537,87826.54,0,0,0,0,0.2331,0
AUC_1376,2896264879,138,2,4090,0.0145,2045.0,878281,1062897,5000,180,7,45,25,0.5556,41.65,1.91,0.5,0.9638,8216.22,1,1,1,0,0.99,1
AUC_1210,2726921951,46,2,377,0.0435,188.5,310388,344549,20000,90,23,356,19,0.0534,82.1,11.63,5.89,0.6052,22001.32,0,0,1,0,0.5641,1
AUC_1328,2632332879,42,6,328,0.1429,54.6667,879377,958898,10000,90,14,70,1,0.0143,1055.85,24.33,15.7,0.2254,17921.9,0,0,0,0,0.1499,0
AUC_1042,2563481849,62,5,837,0.0806,167.4,155874,177640,5000,120,7,84,17,0.2024,10.49,28.45,3.28,0.8239,5584.56,0,0,1,0,0.8518,1
AUC_1002,2723585253,28,4,126,0.1429,31.5,470226,524885,1000,120,23,268,9,0.0336,387.16,93.62,49.12,0.1564,4186.77,0,0,0,0,0.2131,1
AUC_1254,1505194910,44,10,419,0.2273,41.9,1551395,1852637,1000,240,15,210,9,0.0429,672.4,159.94,133.0,0.2128,2068.34,0,0,0,1,0.1474,0
AUC_1112,2527948814,66,18,797,0.2727,44.2778,1156818,1510539,2000,180,12,32,8,0.25,292.26,32.99,15.93,0.489,3027.98,0,0,1,1,0.258,0
AUC_1246,2838056800,44,1,572,0.0227,572.0,1092218,1420768,1000,60,21,65,24,0.3692,67.02,10.03,4.9,0.8454,1156.31,1,0,1,1,0.8363,1
AUC_1165,1921159548,90,2,1236,0.0222,618.0,1732793,2193951,1000,180,3,43,28,0.6512,55.31,12.85,7.95,0.954,1847.2,1,1,1,0,0.99,1
AUC_1335,1007141381,26,4,63,0.1538,15.75,569385,622102,20000,120,23,74,5,0.0676,197.86,23.94,50.41,0.2862,88627.99,0,0,0,1,0.1994,0
AUC_1222,2010968683,26,1,91,0.0385,91.0,158879,190550,10000,120,12,199,2,0.0101,1102.7,98.67,56.39,0.1465,30920.41,0,0,0,0,0.2057,0
AUC_1289,2507048096,33,8,118,0.2424,14.75,1847780,2021855,10000,90,15,124,9,0.0726,1177.48,57.97,23.91,0.4562,22628.29,0,0,0,1,0.0439,0
AUC_1294,2100768137,23,0,63,0.0,63.0,1277929,1419869,5000,90,18,99,3,0.0303,164.47,12.91,22.37,0.3012,6683.41,0,0,0,0,0.1517,0
AUC_1137,2282772992,78,26,462,0.3333,17.7692,995780,1019140,20000,180,22,341,10,0.0293,86.64,81.93,27.54,0.6006,32217.35,0,0,0,0,0.1121,0
AUC_1380,2065908460,125,4,3456,0.032,864.0,413118,457671,10000,30,10,116,35,0.3017,98.86,1.04,1.65,0.7806,10831.19,0,1,1,0,0.9523,1
AUC_1377,2784139718,29,0,659,0.0,659.0,612749,675057,20000,240,15,79,37,0.4684,70.78,5.74,7.45,0.9231,34988.94,0,1,1,1,0.99,1
AUC_1154,2153389728,69,4,1001,0.058,250.25,575038,611496,1000,90,17,255,27,0.1059,24.28,19.16,7.9,0.7373,1280.03,1,0,1,0,0.8547,1
AUC_1297,1096972819,34,4,168,0.1176,42.0,1340836,1630446,10000,180,11,90,4,0.0444,763.1,140.78,100.47,0.2359,15898.39,0,0,0,1,0.1441,0
AUC_1039,1748591534,19,7,136,0.3684,19.4286,603369,659335,10000,180,7,45,10,0.2222,403.39,104.98,9.03,0.3,17508.1,0,0,1,0,0.1575,1
AUC_1152,1033923801,31,3,152,0.0968,50.6667,399884,466396,5000,120,19,141,7,0.0496,266.87,23.48,22.1,0.498,6864.39,0,0,0,0,0.1818,0
AUC_1221,2162008279,21,3,51,0.1429,17.0,860737,950763,1000,90,4,43,7,0.1628,485.2,0.86,62.36,0.3207,3792.74,0,1,0,1,0.1024,0
AUC_1216,2455884305,54,8,242,0.1481,30.25,964989,1098392,20000,120,17,48,12,0.25,161.46,20.61,14.15,0.4276,39552.76,0,0,1,1,0.1996,0
AUC_1055,2658545935,84,0,2126,0.0,2126.0,454764,539327,10000,30,17,293,41,0.1399,83.53,6.66,5.49,0.8296,13206.22,0,0,0,0,0.7042,1
AUC_1045,2057000946,37,12,94,0.3243,7.8333,1914137,2104935,20000,120,3,35,9,0.2571,1134.57,96.75,41.45,0.1045,60467.46,0,0,0,1,0.0321,0
AUC_1161,1594619347,17,3,74,0.1765,24.6667,1337961,1633516,1000,180,23,284,2,0.007,723.21,10.12,85.24,0.1293,2598.16,0,1,0,0,0.154,0
AUC_1132,1840010717,35,4,129,0.1143,32.25,1015059,1051264,2000,60,19,95,10,0.1053,121.52,21.97,6.73,0.4569,3846.9,0,0,1,0,0.2241,0
AUC_1127,2317097183,19,3,127,0.1579,42.3333,1350747,1615163,5000,90,21,164,8,0.0488,835.27,24.7,36.78,0.3463,12739.59,0,0,0,1,0.0381,0
AUC_1147,2596979824,35,6,147,0.1714,24.5,1845330,2166879,20000,240,17,158,3,0.019,183.08,24.38,77.86,0.4746,55167.35,0,1,0,0,0.0901,0
AUC_1278,1051797670,106,14,1114,0.1321,79.5714,1541234,2109646,1000,90,3,27,16,0.5926,304.02,21.63,12.46,0.3684,2987.86,0,0,0,0,0.4301,1
AUC_1136,2172255543,22,0,395,0.0,395.0,1353299,1490714,10000,120,13,197,20,0.1015,6.84,4.42,9.91,0.9284,13692.06,1,1,1,0,0.7944,1
AUC_1085,2414929139,71,33,230,0.4648,6.9697,1002057,1172026,20000,180,18,321,7,0.0218,78.91,123.66,16.11,0.3756,21422.92,0,0,1,1,0.1916,0
AUC_1343,2499144179,146,0,5003,0.0,5003.0,1793692,2143988,1000,180,19,96,26,0.2708,34.06,41.11,35.28,0.8244,1485.1,1,0,0,0,0.8384,1
AUC_1397,1899500626,23,3,122,0.1304,40.6667,1083528,1331634,10000,180,15,40,15,0.375,247.16,7.86,54.19,0.5692,11035.51,0,1,0,0,0.4153,1
AUC_1123,2752745273,65,21,715,0.3231,34.0476,1506632,1819623,20000,120,19,216,17,0.0787,221.07,55.61,46.17,0.6132,69013.49,0,0,0,0,0.1288,0
AUC_1153,2697468743,13,1,70,0.0769,70.0,1766563,2081969,10000,30,24,166,5,0.0301,356.48,22.67,6.64,0.3774,34841.56,0,0,0,0,0.1498,1
AUC_1377,1136358425,61,9,480,0.1475,53.3333,1615801,1711461,2000,120,4,42,6,0.1429,299.5,72.2,17.04,0.3005,3531.39,0,0,0,0,0.3287,1
AUC_1011,1843327902,32,13,144,0.4062,11.0769,1358751,1682443,1000,180,14,215,4,0.0186,269.39,160.07,22.3,0.2247,1232.18,0,0,0,1,0.046,0
AUC_1301,2285552531,33,6,289,0.1818,48.1667,1791871,1957036,5000,60,6,97,5,0.0515,550.76,28.08,32.32,0.1262,11789.8,0,0,0,1,0.2574,0
AUC_1063,2096722675,39,8,340,0.2051,42.5,181101,185263,20000,240,14,131,1,0.0076,1166.78,55.7,79.38,0.258,80558.95,0,0,0,0,0.01,0
AUC_1352,2976716318,20,2,104,0.1,52.0,1607705,1939214,5000,180,6,76,2,0.0263,212.81,4.1,62.9,0.461,6679.0,0,1,0,0,0.2246,0
AUC_1251,1287212328,21,2,84,0.0952,42.0,226841,271552,5000,240,15,141,11,0.078,405.51,15.37,7.05,0.2615,9022.8,0,1,1,0,0.1528,0
AUC_1037,1100034405,20,1,136,0.05,136.0,1509796,1606492,10000,240,18,67,2,0.0299,783.04,41.31,50.56,0.487,19744.68,0,0,0,0,0.3294,0
AUC_1263,2087393351,120,10,2369,0.0833,236.9,1842174,2071298,2000,30,20,188,39,0.2074,65.11,7.41,2.48,0.6224,2954.47,1,0,1,0,0.8574,1
AUC_1310,1278255545,158,7,3969,0.0443,567.0,819948,1107536,5000,120,8,77,41,0.5325,110.74,8.42,19.71,0.9822,6494.44,0,1,0,0,0.99,1
AUC_1112,2636375997,109,53,835,0.4862,15.7547,721434,798927,5000,180,11,56,14,0.25,358.83,114.66,71.59,0.2325,11918.74,0,0,0,1,0.07,0
AUC_1194,2368770554,98,4,1555,0.0408,388.75,1974747,2373337,5000,60,5,45,31,0.6889,82.56,0.59,1.06,0.9038,8051.37,0,1,1,0,0.8538,1
AUC_1212,1658279380,8,1,160,0.125,160.0,1566452,1723159,10000,180,6,43,21,0.4884,11.04,19.87,2.91,0.7049,16753.61,1,1,1,0,0.8705,1
AUC_1122,2121521874,78,19,660,0.2436,34.7368,449988,486249,1000,180,7,91,9,0.0989,262.6,41.54,59.41,0.3936,3282.42,0,0,0,0,0.0464,0
AUC_1279,1088246762,35,7,155,0.2,22.1429,1889312,2147488,2000,30,9,154,7,0.0455,745.79,4.31,14.08,0.3047,5845.2,0,0,0,1,0.023,0
AUC_1149,2740358359,29,2,595,0.069,297.5,770760,986499,20000,240,7,59,17,0.2881,23.67,1.86,22.98,0.7781,40987.8,0,1,1,0,0.8511,0
AUC_1172,2494082049,82,1,2415,0.0122,2415.0,512506,600383,5000,240,9,149,32,0.2148,70.44,28.84,28.42,0.9476,5299.54,0,0,1,0,0.8244,0
AUC_1317,2894385308,35,2,160,0.0571,80.0,1169733,1468856,10000,120,5,71,9,0.1268,380.4,47.35,67.9,0.528,26125.4,0,0,0,1,0.28,1
AUC_1144,1554272472,59,8,194,0.1356,24.25,168288,204099,5000,90,8,110,11,0.1,329.3,69.67,7.34,0.5962,14082.84,0,0,1,1,0.3499,1
AUC_1216,1090726941,35,5,294,0.1429,58.8,1025050,1126111,1000,120,15,264,2,0.0076,746.73,38.68,53.89,0.3117,1358.89,0,0,0,0,0.1329,0
AUC_1318,2995596369,40,2,509,0.05,254.5,713030,877289,20000,90,16,287,17,0.0592,8.8,26.7,8.16,0.7708,36629.43,0,0,1,0,0.7807,1
AUC_1135,2989839625,58,27,187,0.4655,6.9259,167285,185180,5000,120,7,124,12,0.0968,459.22,12.15,39.91,0.5163,17190.15,0,1,0,0,0.01,0
AUC_1359,2082597469,18,7,163,0.3889,23.2857,1049946,1246746,20000,180,3,48,13,0.2708,277.32,43.4,65.52,0.2719,59444.25,0,0,0,0,0.0734,0
AUC_1194,2582347822,73,5,1272,0.0685,254.4,954688,1323521,2000,90,3,18,14,0.7778,16.94,21.73,8.6,0.9434,3533.83,0,0,1,0,0.7797,1
AUC_1087,2254395378,114,3,1411,0.0263,470.3333,1205923,1745845,5000,90,3,17,14,0.8235,47.93,19.22,13.0,0.7709,6408.83,0,0,0,0,0.7217,0
AUC_1041,2744819140,68,23,432,0.3382,18.7826,728327,757018,2000,30,23,248,10,0.0403,88.1,5.64,10.74,0.3065,6979.83,0,0,0,0,0.0337,0
AUC_1046,1132969997,30,0,112,0.0,112.0,1500283,1774434,1000,180,4,64,3,0.0469,1192.38,119.09,29.65,0.3172,2540.06,0,0,0,1,0.2655,0
AUC_1008,1242594126,36,11,311,0.3056,28.2727,1322244,1522082,10000,120,14,102,12,0.1176,429.58,38.24,39.34,0.3337,31545.8,0,0,0,1,0.0914,0
AUC_1155,2422202179,153,5,4161,0.0327,832.2,1679940,1969858,5000,180,24,125,33,0.264,20.47,31.87,19.34,0.7677,8903.38,1,0,1,0,0.987,1
AUC_1201,1309544106,62,28,831,0.4516,29.6786,1459453,1558054,5000,180,5,56,14,0.25,290.19,72.32,31.83,0.2673,17475.83,0,0,0,0,0.1701,0
AUC_1094,2888934095,1,1,6,1.0,6.0,1802622,2029617,5000,60,6,66,6,0.0909,665.58,24.04,20.35,0.1481,12902.25,0,0,0,1,0.01,0
AUC_1308,2827369972,41,11,408,0.2683,37.0909,91534,111946,5000,120,10,170,12,0.0706,345.89,18.6,29.21,0.5565,12211.64,0,0,0,0,0.1833,0
AUC_1070,2954896827,62,5,551,0.0806,110.2,1782771,2123256,1000,180,20,263,31,0.1179,28.33,28.97,14.49,0.6777,1395.64,1,0,1,0,0.8403,0
AUC_1020,2067566330,51,4,733,0.0784,183.25,1596814,1672901,10000,60,23,385,37,0.0961,69.43,8.6,6.93,0.9452,15636.43,1,0,1,0,0.8771,1
AUC_1242,2245342937,40,3,854,0.075,284.6667,944177,1004341,2000,120,22,384,14,0.0365,23.45,6.29,10.68,0.8837,2837.68,0,1,1,0,0.8333,0
AUC_1066,2323702979,46,19,516,0.413,27.1579,1242111,1395550,20000,120,21,151,15,0.0993,346.47,12.63,34.09,0.5288,60065.5,0,1,0,1,0.2143,0
AUC_1326,2191020773,21,0,273,0.0,273.0,1675393,2016120,20000,120,4,32,16,0.5,62.63,25.66,7.57,0.6899,31348.69,0,0,1,0,0.7159,0
AUC_1284,1818036376,34,3,391,0.0882,130.3333,425529,523253,5000,180,7,94,31,0.3298,60.69,20.25,12.64,0.7445,7327.91,1,1,1,0,0.7756,1
AUC_1154,2087106229,20,1,269,0.05,269.0,1454317,1718868,5000,240,4,43,35,0.814,20.09,31.36,2.54,0.8687,5760.7,1,0,1,0,0.99,1
AUC_1144,2644563646,15,0,84,0.0,84.0,1112593,1280318,5000,60,14,89,6,0.0674,1087.01,47.06,18.27,0.3489,14006.4,0,0,0,0,0.2377,1
AUC_1396,2554026199,22,0,87,0.0,87.0,372645,408125,1000,90,9,99,9,0.0909,145.72,29.23,47.55,0.2086,1671.37,0,0,0,0,0.2749,1
AUC_1043,2406004626,85,7,1565,0.0824,223.5714,190510,227499,20000,120,22,395,18,0.0456,6.21,13.06,11.03,0.75,37438.72,1,1,1,0,0.8606,1
AUC_1120,1469754099,77,2,1197,0.026,598.5,1188082,1409133,2000,180,24,423,20,0.0473,59.15,3.55,35.12,0.7988,3361.72,1,1,0,0,0.8235,0
AUC_1298,1130239249,65,16,183,0.2462,11.4375,1620826,2017143,2000,90,10,74,8,0.1081,90.37,75.96,15.09,0.5276,5985.68,0,0,0,0,0.0202,0
AUC_1297,1855686629,127,0,3906,0.0,3906.0,1612972,1744412,1000,90,24,208,42,0.2019,51.04,25.06,12.5,0.9554,1535.21,1,0,0,0,0.99,1
AUC_1068,2807501340,95,5,2736,0.0526,547.2,1071213,1388543,20000,240,6,71,39,0.5493,19.92,30.93,7.62,0.7941,26098.66,1,0,1,1,0.99,1
AUC_1105,2536115826,47,7,116,0.1489,16.5714,1400720,1509291,1000,30,5,70,2,0.0286,362.26,23.87,5.15,0.4288,2096.18,0,0,0,1,0.0359,0
AUC_1298,1786892019,34,2,178,0.0588,89.0,1995720,2402156,2000,90,20,234,9,0.0385,1012.61,27.06,23.19,0.5207,3813.62,0,0,0,1,0.2684,0
AUC_1278,2229710550,30,15,168,0.5,11.2,1430468,1731416,1000,240,12,170,3,0.0176,302.1,125.11,7.22,0.6603,2826.28,0,0,1,0,0.1356,0
AUC_1167,2543715954,73,20,794,0.274,39.7,1557414,1767341,10000,60,5,28,15,0.5357,461.74,5.93,11.13,0.2257,19333.65,0,1,0,1,0.32,1
AUC_1200,1364727585,117,6,2489,0.0513,414.8333,836406,1022046,5000,120,13,116,35,0.3017,28.2,29.86,9.62,0.6281,9006.48,1,0,1,0,0.8969,1
AUC_1059,2400775809,28,4,210,0.1429,52.5,101527,120256,1000,120,20,138,6,0.0435,109.11,57.84,8.38,0.2865,1316.06,0,0,1,0,0.1033,0
AUC_1132,2378960464,136,0,1595,0.0,1595.0,1103332,1456183,10000,180,7,22,19,0.8636,60.35,44.37,11.9,0.7177,14318.89,1,0,1,0,0.9691,1
AUC_1050,1561280702,1,1,5,1.0,5.0,117010,148070,5000,60,9,58,9,0.1552,176.64,25.38,25.73,0.1389,8244.37,0,0,0,0,0.01,0
AUC_1320,1858671130,35,17,170,0.4857,10.0,1312095,1643803,2000,90,14,152,10,0.0658,92.57,57.22,15.32,0.2985,2581.53,0,0,0,0,0.1447,0
AUC_1034,2024763337,28,0,737,0.0,737.0,1106150,1229813,5000,120,17,296,17,0.0574,55.89,16.33,14.05,0.7567,7107.62,0,0,1,0,0.7823,0
AUC_1080,2354796073,27,2,176,0.0741,88.0,1792945,2012420,10000,60,17,131,3,0.0229,883.0,14.17,15.12,0.4719,36393.08,0,0,0,1,0.1823,0
AUC_1029,2289605352,136,6,2646,0.0441,441.0,1019790,1120895,1000,90,9,97,24,0.2474,70.46,2.05,6.56,0.851,1452.05,0,1,1,0,0.6759,1
AUC_1375,2030276231,1,0,6,0.0,6.0,1983423,2203081,20000,120,20,259,1,0.0039,280.31,69.46,77.77,0.2346,78744.47,0,0,0,1,0.1283,0
AUC_1117,1717911867,32,2,559,0.0625,279.5,952677,1008514,10000,240,12,168,37,0.2202,22.04,51.91,7.3,0.6864,18946.34,1,0,1,0,0.9326,1
AUC_1150,1365539789,16,0,167,0.0,167.0,383043,467088,2000,60,4,37,34,0.9189,54.79,3.71,5.51,0.741,3498.69,1,1,1,0,0.99,1
AUC_1029,1009247718,152,7,4238,0.0461,605.4286,1491515,1622485,2000,120,18,233,37,0.1588,16.6,7.44,19.6,0.7708,3237.51,1,1,0,0,0.8938,0
AUC_1151,2541605250,28,3,187,0.1071,62.3333,618054,675063,10000,180,17,151,4,0.0265,230.16,31.67,107.7,0.3159,43773.48,0,0,0,1,0.1269,0
AUC_1277,1475657164,46,15,210,0.3261,14.0,1671470,1990460,20000,120,15,242,13,0.0537,319.08,37.24,7.84,0.3662,67735.72,0,0,1,1,0.0231,0
AUC_1207,1761001686,19,1,234,0.0526,234.0,1726443,2090535,20000,180,13,64,13,0.2031,38.76,44.52,1.97,0.8494,28473.79,0,0,1,0,0.7928,0
AUC_1394,1157030385,41,8,227,0.1951,28.375,1807490,2018545,1000,180,16,222,4,0.018,1075.31,120.33,56.01,0.1376,2809.8,0,0,0,0,0.0822,0
AUC_1063,1889760079,42,12,305,0.2857,25.4167,836142,912771,5000,60,14,229,3,0.0131,433.84,32.49,10.77,0.1769,21266.82,0,0,0,0,0.1334,0
AUC_1125,2565997421,50,21,227,0.42,10.8095,930126,1137306,2000,60,14,203,7,0.0345,101.87,10.0,11.5,0.2755,4231.21,0,0,0,0,0.0796,1
AUC_1315,2093314229,9,3,44,0.3333,14.6667,1547738,1782308,10000,180,21,324,7,0.0216,760.86,75.31,60.06,0.1466,41142.89,0,0,0,0,0.01,0
AUC_1006,1457129620,16,0,137,0.0,137.0,556328,574932,5000,60,18,169,7,0.0414,245.45,20.05,20.1,0.3093,20134.25,0,0,0,0,0.2757,0
AUC_1168,2972288442,148,5,4475,0.0338,895.0,397847,445310,20000,120,21,185,44,0.2378,75.47,30.76,17.06,0.6575,35972.63,0,0,0,0,0.7755,1
AUC_1279,2530446056,26,5,155,0.1923,31.0,1927256,2386431,2000,90,21,158,2,0.0127,582.44,12.27,38.17,0.523,3491.61,0,0,0,0,0.1689,0
AUC_1322,1148536946,45,3,472,0.0667,157.3333,378065,502562,1000,60,4,34,23,0.6765,33.27,12.31,0.41,0.929,1723.26,1,0,1,0,0.99,1
AUC_1393,1004235164,57,20,575,0.3509,28.75,1653291,1962158,20000,120,16,274,8,0.0292,376.8,38.14,14.03,0.5417,66312.31,0,0,1,0,0.1232,0
AUC_1244,2521063777,128,0,3119,0.0,3119.0,387831,433010,2000,60,23,402,20,0.0498,55.78,5.44,6.62,0.7884,2847.45,1,1,1,0,0.8296,1
AUC_1275,1576311770,57,27,646,0.4737,23.9259,679392,842100,2000,60,6,64,11,0.1719,222.8,35.31,12.86,0.644,4699.8,0,0,0,1,0.1263,0
AUC_1274,1514924213,15,1,122,0.0667,122.0,1275756,1423335,20000,90,15,108,3,0.0278,319.19,16.53,27.61,0.1561,71593.85,0,0,0,1,0.1788,0
AUC_1335,2072353784,25,1,427,0.04,427.0,1849596,1953230,5000,120,16,165,25,0.1515,15.45,30.34,9.96,0.7069,6975.6,1,0,1,0,0.8152,1
AUC_1274,2428852478,84,1,601,0.0119,601.0,616589,684314,5000,120,15,218,27,0.1239,25.51,26.41,11.01,0.5678,8416.06,1,0,1,0,0.7468,1
AUC_1279,1734584165,55,9,376,0.1636,41.7778,444290,525072,10000,90,16,37,5,0.1351,425.91,76.64,10.19,0.303,23088.61,0,0,1,1,0.2028,0
AUC_1070,2640430918,5,1,48,0.2,48.0,1762201,2049226,5000,240,3,49,2,0.0408,366.85,116.87,151.03,0.5444,15637.37,0,0,0,0,0.199,0
AUC_1016,1105390684,22,5,234,0.2273,46.8,1466115,1735352,20000,120,22,264,11,0.0417,89.61,3.69,12.5,0.6185,58450.73,0,1,1,1,0.3024,0
AUC_1142,1091550736,39,0,309,0.0,309.0,1482008,1776035,2000,30,17,230,7,0.0304,230.54,15.05,11.43,0.4428,5884.69,0,0,0,0,0.2962,0
AUC_1255,1466681710,99,0,2606,0.0,2606.0,1207649,1321222,2000,90,8,43,15,0.3488,22.47,13.87,0.54,0.6535,2874.54,0,0,1,0,0.8999,1
AUC_1221,1785157905,49,24,165,0.4898,6.875,884965,999563,10000,120,19,235,14,0.0596,424.13,5.27,15.6,0.4662,31400.66,0,1,0,0,0.01,0
AUC_1215,2653804090,22,1,127,0.0455,127.0,1394774,1564921,20000,120,13,151,9,0.0596,395.6,50.4,52.65,0.4148,45797.11,0,0,0,0,0.302,0
AUC_1318,1581034967,37,3,251,0.0811,83.6667,1573269,1647893,1000,90,3,53,9,0.1698,391.07,33.98,3.39,0.2617,2656.86,0,0,1,0,0.2492,0
AUC_1373,1601927875,22,0,185,0.0,185.0,396601,484094,5000,180,17,163,9,0.0552,722.33,133.47,33.88,0.1377,10514.53,0,0,0,0,0.092,1
AUC_1003,1944999410,87,6,897,0.069,149.5,677031,773010,5000,120,17,294,21,0.0714,16.41,1.3,1.48,0.812,6439.49,1,1,1,0,0.8089,1
AUC_1050,1997876900,71,33,971,0.4648,29.4242,1164317,1340258,1000,180,10,41,14,0.3415,354.42,77.71,40.68,0.5358,1089.69,0,0,0,1,0.1963,0
AUC_1140,2781990300,34,2,572,0.0588,286.0,769334,889337,2000,90,5,39,26,0.6667,35.91,0.33,6.96,0.8514,3354.17,1,1,1,0,0.9811,1
AUC_1180,2475404785,115,15,392,0.1304,26.1333,601906,679441,2000,90,12,85,6,0.0706,258.39,41.8,23.01,0.3545,4481.52,0,0,0,0,0.1121,0
AUC_1106,2771317669,63,16,263,0.254,16.4375,1250282,1525841,5000,120,21,54,9,0.1667,72.17,11.97,38.89,0.5871,17278.32,0,1,0,0,0.3015,0
AUC_1147,1708178978,37,10,236,0.2703,23.6,1751570,1899509,5000,90,4,71,3,0.0423,1017.52,56.99,27.19,0.1077,9915.71,0,0,0,0,0.1562,0
AUC_1137,1924815721,99,5,2136,0.0505,427.2,1583386,2021861,5000,180,3,24,17,0.7083,13.92,13.31,6.67,0.6468,9096.85,0,1,1,0,0.7684,1
AUC_1019,2727398190,87,18,1198,0.2069,66.5556,487103,572201,2000,90,14,199,14,0.0704,355.46,2.33,17.04,0.2349,3579.29,0,1,0,1,0.0672,0
AUC_1048,2577964572,66,2,868,0.0303,434.0,1943458,2313541,2000,60,21,103,31,0.301,76.54,15.63,3.92,0.8317,3271.8,0,0,1,0,0.8404,0
AUC_1282,2510999438,58,18,464,0.3103,25.7778,1624760,1794163,2000,180,18,215,8,0.0372,157.74,77.47,50.9,0.4904,4769.61,0,0,0,0,0.1309,0
AUC_1367,2498702429,13,1,93,0.0769,93.0,149933,175169,2000,90,19,118,6,0.0508,869.5,16.37,42.63,0.2415,8037.78,0,0,0,0,0.1429,0
AUC_1125,2456729040,43,13,420,0.3023,32.3077,498911,621212,10000,120,14,115,4,0.0348,450.21,28.49,74.74,0.4071,41059.57,0,0,0,0,0.0782,0
AUC_1074,2361906529,84,1,1644,0.0119,1644.0,112943,134940,10000,60,15,157,27,0.172,85.76,15.99,2.59,0.9694,13577.71,0,0,1,0,0.6415,1
AUC_1303,1756814212,65,2,770,0.0308,385.0,288161,375613,2000,30,4,56,35,0.625,42.83,5.44,1.3,0.6445,3436.9,1,0,1,0,0.99,1
AUC_1189,2536922651,52,3,1105,0.0577,368.3333,668264,715769,2000,180,21,171,23,0.1345,5.4,33.38,1.59,0.8881,2256.15,1,0,1,0,0.8904,1
AUC_1008,1490278321,31,8,74,0.2581,9.25,937002,1113872,10000,240,4,66,4,0.0606,301.69,97.33,32.74,0.4474,29134.64,0,0,0,0,0.1032,0
AUC_1072,1794524529,27,6,185,0.2222,30.8333,524083,654372,10000,180,9,21,14,0.6667,225.28,60.39,58.07,0.3425,10652.08,0,0,0,1,0.3372,1
AUC_1292,1007575596,36,0,192,0.0,192.0,1528623,1705023,10000,120,20,119,9,0.0756,939.49,68.21,39.5,0.1206,18020.64,0,0,0,0,0.3173,0
AUC_1154,2387681344,87,23,633,0.2644,27.5217,399464,411575,1000,90,17,40,2,0.05,372.5,77.85,3.08,0.343,1522.16,0,0,1,0,0.0673,0
AUC_1186,1166738922,2,0,7,0.0,7.0,880438,973102,5000,30,12,63,1,0.0159,650.03,22.96,20.67,0.5371,9789.98,0,0,0,0,0.1154,0
AUC_1294,2445644306,12,4,62,0.3333,15.5,83161,89064,20000,60,24,404,2,0.005,512.76,0.17,36.9,0.4759,67681.2,0,1,0,1,0.0424,0
AUC_1150,2697362879,36,3,846,0.0833,282.0,1363619,1766766,1000,180,4,48,15,0.3125,16.59,0.42,15.27,0.9375,1415.64,0,1,1,0,0.8181,0
AUC_1040,2417339760,40,4,393,0.1,98.25,1548802,1685011,2000,90,12,85,9,0.1059,997.09,44.35,47.72,0.4749,7502.66,0,0,0,0,0.1961,1
AUC_1103,1259265856,42,9,317,0.2143,35.2222,913076,1005198,2000,180,6,31,7,0.2258,1178.32,13.34,66.3,0.1672,4237.68,0,1,0,1,0.1449,0
AUC_1399,2663424943,36,7,476,0.1944,68.0,1199957,1517556,1000,120,4,21,11,0.5238,294.64,34.7,24.65,0.552,1045.76,0,0,0,1,0.2997,0
AUC_1059,1020468399,27,8,132,0.2963,16.5,1645792,1930583,2000,180,21,73,6,0.0822,347.66,48.96,40.33,0.4642,3856.46,0,0,0,0,0.1437,0
AUC_1044,2348203956,19,4,157,0.2105,39.25,644964,668274,20000,120,24,283,8,0.0283,970.4,56.36,65.54,0.1706,81555.16,0,0,0,1,0.0785,0
AUC_1146,1508600437,81,26,729,0.321,28.0385,1195918,1471929,20000,240,24,184,6,0.0326,381.32,133.86,54.55,0.6263,54711.88,0,0,0,0,0.1652,1
AUC_1319,2042679549,23,3,83,0.1304,27.6667,1523819,1568235,20000,90,19,217,9,0.0415,301.85,68.51,2.22,0.6026,42884.52,0,0,1,0,0.2419,0
AUC_1331,2543218923,84,19,425,0.2262,22.3684,1950377,2385942,2000,90,3,17,7,0.4118,245.84,66.61,3.23,0.3135,3937.14,0,0,1,1,0.2527,1
AUC_1117,1197701344,5,0,39,0.0,39.0,954598,1052908,1000,180,3,39,6,0.1538,969.28,123.16,74.81,0.2751,2012.33,0,0,0,1,0.2363,1
AUC_1153,2885788737,38,0,916,0.0,916.0,616466,777285,2000,120,18,82,28,0.3415,65.56,11.2,4.53,0.9848,2898.07,1,1,1,0,0.9842,1
AUC_1142,1606218122,72,16,845,0.2222,52.8125,319782,365303,5000,120,13,173,11,0.0636,160.43,43.18,36.77,0.5951,14921.4,0,0,0,0,0.1628,0
AUC_1198,1361797849,30,11,269,0.3667,24.4545,447017,513796,20000,90,12,129,13,0.1008,360.34,54.47,20.27,0.2841,46344.43,0,0,0,1,0.01,0
AUC_1045,2353918096,39,18,376,0.4615,20.8889,1792762,2195830,5000,30,21,338,17,0.0503,285.1,14.25,2.99,0.3142,9475.77,0,0,1,1,0.2089,0
AUC_1363,2822837314,27,12,211,0.4444,17.5833,468850,556156,20000,120,6,70,11,0.1571,140.23,46.51,3.33,0.6377,41816.1,0,0,1,1,0.2798,0
AUC_1231,2831347288,18,6,141,0.3333,23.5,261541,306845,5000,240,5,74,2,0.027,463.22,66.97,107.13,0.2254,7864.72,0,0,0,0,0.2203,0
AUC_1322,1901083648,8,0,86,0.0,86.0,1436532,1756709,20000,30,8,35,22,0.6286,13.63,7.57,0.43,0.7239,26075.12,1,0,1,0,0.99,1
AUC_1077,1770107059,34,2,261,0.0588,130.5,1003516,1265428,2000,60,10,24,5,0.2083,376.99,51.16,3.1,0.2992,4240.27,0,0,1,0,0.4144,0
AUC_1259,1706303671,70,25,931,0.3571,37.24,68909,72970,5000,90,7,83,9,0.1084,86.69,56.22,25.5,0.2683,17114.18,0,0,0,0,0.2332,0
AUC_1183,2377819690,110,49,1454,0.4455,29.6735,1611558,1929984,1000,120,22,228,8,0.0351,150.47,23.34,43.68,0.4876,3299.31,0,0,0,1,0.0252,0
AUC_1378,1070154156,120,8,2678,0.0667,334.75,680311,722648,5000,120,13,166,27,0.1627,29.71,28.41,13.84,0.9092,9407.19,1,0,1,0,0.9368,1
AUC_1123,2682594372,68,3,755,0.0441,251.6667,592418,610162,10000,60,22,279,18,0.0645,32.56,12.61,2.57,0.6069,18576.41,1,0,1,1,0.7061,0
AUC_1368,2209116589,27,2,83,0.0741,41.5,114048,140430,1000,180,21,201,5,0.0249,167.88,59.53,81.99,0.5388,3900.68,0,0,0,1,0.266,0
AUC_1360,1581667987,101,19,1395,0.1881,73.4211,1348480,1713940,1000,180,4,65,15,0.2308,273.7,98.25,56.12,0.4242,2282.93,0,0,0,0,0.2473,0
AUC_1226,1537336679,94,27,301,0.2872,11.1481,1502639,1785717,2000,180,15,47,8,0.1702,106.87,31.75,57.14,0.2232,5301.01,0,0,0,1,0.0412,0
AUC_1087,2605151169,28,0,716,0.0,716.0,438528,547851,2000,120,23,327,33,0.1009,107.12,36.89,9.47,0.982,3045.61,0,0,1,0,0.77,1
AUC_1318,2357728308,15,4,101,0.2667,25.25,1057676,1180142,5000,180,23,78,1,0.0128,303.92,125.39,75.55,0.1802,10721.67,0,0,0,1,0.0305,0
AUC_1283,2915129881,15,1,101,0.0667,101.0,1642402,1731791,1000,30,16,193,4,0.0207,162.48,20.58,2.23,0.677,2695.37,0,0,1,1,0.3103,0
AUC_1047,2995184631,22,8,81,0.3636,10.125,1311472,1374583,20000,240,23,314,10,0.0318,308.57,111.26,29.25,0.2967,47551.47,0,0,0,0,0.1949,0
AUC_1064,1334261050,7,2,51,0.2857,25.5,442030,545373,5000,180,4,28,2,0.0714,881.74,64.43,35.71,0.1052,12094.27,0,0,0,0,0.1134,0
AUC_1381,1958105589,157,3,4999,0.0191,1666.3333,1230363,1382558,5000,120,19,77,34,0.4416,18.36,30.3,20.37,0.7942,7195.66,1,0,0,0,0.8833,1
AUC_1296,1884359494,13,4,69,0.3077,17.25,609828,642379,10000,120,12,88,9,0.1023,638.31,91.82,60.9,0.4011,17203.22,0,0,0,0,0.1925,1
AUC_1244,1185416619,23,5,186,0.2174,37.2,1678215,1854802,10000,30,5,15,8,0.5333,186.96,1.2,10.35,0.1872,35712.35,0,1,0,1,0.3013,0
AUC_1341,1928238975,36,1,84,0.0278,84.0,1772723,1947324,2000,180,16,125,9,0.072,1086.29,27.23,56.18,0.3159,4190.37,0,0,0,0,0.1902,0
AUC_1060,1633282327,12,2,86,0.1667,43.0,163036,196304,10000,60,17,166,8,0.0482,889.31,31.28,26.47,0.2066,32359.71,0,0,0,0,0.0695,0
AUC_1310,1827730389,62,2,514,0.0323,257.0,668591,798990,2000,120,5,21,11,0.5238,51.8,105.43,3.57,0.2195,3230.71,0,0,1,0,0.5469,1
AUC_1016,1659993806,124,10,1458,0.0806,145.8,688942,790930,2000,90,8,78,25,0.3205,88.15,16.64,4.88,0.6241,2231.7,0,0,1,0,0.7211,1
AUC_1328,2087758715,81,29,476,0.358,16.4138,110716,139766,1000,90,16,76,10,0.1316,321.0,65.74,9.07,0.3038,1319.1,0,0,1,1,0.1531,0
AUC_1211,2666733873,42,19,179,0.4524,9.4211,740415,851077,1000,180,18,167,16,0.0958,301.45,59.83,68.03,0.4777,2784.45,0,0,0,0,0.0427,0
AUC_1265,1334012602,56,3,1220,0.0536,406.6667,1490899,1758535,10000,240,4,48,21,0.4375,18.66,29.25,6.28,0.6944,21796.98,1,0,1,0,0.8979,0
AUC_1047,2243883102,24,3,48,0.125,16.0,555581,585256,1000,240,24,171,4,0.0234,74.73,106.47,4.42,0.4758,1564.6,0,0,1,1,0.2017,0
AUC_1133,2787578551,121,9,3109,0.0744,345.4444,946505,1001587,2000,60,7,81,21,0.2593,13.29,0.18,0.94,0.6641,2395.75,1,1,1,0,0.8225,1
AUC_1121,2785318047,60,0,1153,0.0,1153.0,1431988,1880768,5000,120,6,47,36,0.766,56.46,17.1,0.31,0.6719,9228.72,1,0,1,0,0.9778,1
AUC_1117,2205125530,70,31,282,0.4429,9.0968,1093925,1186762,1000,120,20,266,7,0.0263,315.65,82.14,8.81,0.6602,2037.45,0,0,1,1,0.0542,0
AUC_1005,2633837903,37,13,453,0.3514,34.8462,89231,107661,1000,120,7,61,14,0.2295,184.4,34.67,34.11,0.2371,1289.18,0,0,0,1,0.1183,0
AUC_1216,2673657042,15,1,146,0.0667,146.0,206249,249083,20000,90,21,336,4,0.0119,391.26,50.37,60.31,0.1735,88931.37,0,0,0,0,0.1978,0
AUC_1166,2223950938,90,1,1057,0.0111,1057.0,944522,1082943,1000,180,8,128,36,0.2812,49.86,27.9,12.71,0.6199,1483.39,1,0,1,0,0.8692,1
AUC_1056,1623897557,91,29,296,0.3187,10.2069,556244,637005,1000,60,16,35,8,0.2286,212.13,34.05,20.92,0.5961,2429.78,0,0,0,1,0.1536,1
AUC_1002,2550394542,82,41,765,0.5,18.6585,1388211,1600655,2000,120,24,194,8,0.0412,453.67,40.18,39.82,0.4031,6957.69,0,0,0,1,0.0187,0
AUC_1118,2293715063,32,7,286,0.2188,40.8571,82804,92312,10000,180,23,354,5,0.0141,211.03,102.57,21.67,0.5,16280.52,0,0,0,0,0.1731,0
AUC_1363,2945795315,44,2,124,0.0455,62.0,723997,801803,20000,90,14,101,7,0.0693,96.04,61.38,0.63,0.5728,58216.86,0,0,1,0,0.2479,0
AUC_1332,2968889950,17,7,199,0.4118,28.4286,434501,493702,2000,240,16,240,9,0.0375,346.19,123.47,91.48,0.4233,3441.65,0,0,0,1,0.038,0
AUC_1000,1417154597,89,38,767,0.427,20.1842,84754,95356,10000,120,5,66,15,0.2273,417.72,72.94,30.31,0.4315,25479.55,0,0,0,1,0.1249,0
AUC_1011,2185447477,25,0,471,0.0,471.0,1554685,1689135,1000,90,11,115,21,0.1826,40.77,8.89,1.58,0.9067,1500.13,1,1,1,0,0.99,1
AUC_1272,1317857150,43,0,1106,0.0,1106.0,488326,543800,2000,60,17,52,22,0.4231,15.78,14.3,5.36,0.8341,2955.4,1,0,1,0,0.9367,1
AUC_1054,2349481124,55,2,540,0.0364,270.0,620873,735154,20000,240,12,129,22,0.1705,82.5,10.7,1.26,0.9027,31273.18,0,1,1,0,0.8549,1
AUC_1248,2240899603,69,19,258,0.2754,13.5789,526395,604543,1000,90,6,59,10,0.1695,158.09,76.57,9.71,0.2839,2799.52,0,0,1,0,0.3006,1
AUC_1214,1776414419,18,5,98,0.2778,19.6,1661372,1787170,2000,180,8,113,8,0.0708,889.71,41.14,105.41,0.2613,5049.18,0,0,0,0,0.01,0
AUC_1132,2152521734,30,0,437,0.0,437.0,806570,1002429,20000,120,3,49,16,0.3265,92.78,22.56,10.82,0.9775,31233.48,0,0,1,0,0.8288,1
AUC_1285,2376243397,37,13,163,0.3514,12.5385,996109,1075859,20000,90,15,228,5,0.0219,447.49,36.3,3.47,0.5516,45809.62,0,0,1,0,0.2893,0
AUC_1024,1284562625,34,5,108,0.1471,21.6,235995,267516,5000,60,7,55,9,0.1636,396.03,33.25,13.72,0.3862,16858.16,0,0,0,0,0.2349,1
AUC_1379,2539917495,39,3,284,0.0769,94.6667,407860,503104,5000,60,4,48,31,0.6458,28.67,6.85,4.72,0.8311,9125.32,1,1,1,0,0.99,1
AUC_1392,1529666352,64,11,560,0.1719,50.9091,1755170,1802562,10000,90,21,234,10,0.0427,76.08,36.86,7.42,0.4854,10092.68,0,0,1,0,0.2719,1
AUC_1024,1505924493,23,7,99,0.3043,14.1429,587188,714234,2000,30,10,56,10,0.1786,383.38,12.49,4.11,0.3031,2552.99,0,0,0,0,0.01,0
AUC_1034,2703125304,35,4,149,0.1143,37.25,1531075,1664913,5000,240,20,300,8,0.0267,380.54,162.67,134.92,0.1365,17505.81,0,0,0,0,0.1484,1
AUC_1294,1880026223,39,3,297,0.0769,99.0,720035,817339,20000,60,19,328,8,0.0244,460.16,39.35,36.73,0.104,24471.7,0,0,0,0,0.151,1
AUC_1376,1123680894,22,1,48,0.0455,48.0,905565,973663,10000,120,6,75,5,0.0667,1133.45,61.55,71.16,0.4047,38766.59,0,0,0,0,0.2007,0
AUC_1291,2261920010,70,0,787,0.0,787.0,1095938,1332601,5000,180,19,52,38,0.7308,89.79,8.36,16.31,0.8345,7655.97,0,1,1,1,0.9632,1
AUC_1264,1300070483,30,7,194,0.2333,27.7143,289756,344197,20000,60,23,156,7,0.0449,1032.29,40.14,18.71,0.1366,47600.55,0,0,0,1,0.0901,0
AUC_1040,1610159775,9,2,44,0.2222,22.0,1688447,2070487,5000,30,12,107,1,0.0093,1075.92,19.67,13.44,0.1012,9685.67,0,0,0,0,0.239,0
AUC_1094,2308046995,63,3,1086,0.0476,362.0,1168970,1352033,10000,180,10,77,37,0.4805,59.23,41.6,13.94,0.8374,17698.06,1,0,1,0,0.99,1
AUC_1267,1707161249,95,2,1548,0.0211,774.0,1084283,1334659,1000,180,14,74,26,0.3514,70.43,36.23,8.34,0.8594,1107.8,0,0,1,0,0.7703,1
AUC_1237,2360038402,60,1,1012,0.0167,1012.0,1328906,1654130,20000,90,5,51,30,0.5882,30.53,12.74,1.79,0.7749,42753.73,1,0,1,0,0.99,1
AUC_1302,2191066056,35,1,1199,0.0286,1199.0,1391989,1699943,10000,120,14,198,29,0.1465,66.85,13.29,18.81,0.6902,16382.39,1,1,0,0,0.7078,1
AUC_1061,1692126072,149,5,3668,0.0336,733.6,992005,1140822,2000,180,23,316,27,0.0854,36.02,24.94,31.91,0.9477,3251.36,1,0,0,1,0.8731,1
AUC_1015,2102327046,84,14,396,0.1667,28.2857,665352,796919,1000,120,3,17,7,0.4118,156.2,76.44,14.97,0.1557,1762.52,0,0,0,0,0.1413,0
AUC_1267,1232894221,60,1,1562,0.0167,1562.0,611430,758077,5000,240,18,320,36,0.1125,16.39,64.49,4.02,0.9748,6770.95,1,0,1,0,0.9235,1
AUC_1201,1328380408,26,8,67,0.3077,8.375,511097,616157,2000,60,14,189,3,0.0159,299.42,26.9,31.34,0.4043,4122.95,0,0,0,0,0.01,0
AUC_1279,2045958963,95,7,630,0.0737,90.0,1553578,1680631,10000,90,13,119,22,0.1849,29.33,9.2,8.46,0.5607,11211.14,1,1,1,1,0.7847,1
AUC_1371,1367362822,132,4,3711,0.0303,927.75,1449314,1594519,10000,240,20,63,19,0.3016,65.86,81.98,41.43,0.7171,11438.29,1,0,0,0,0.8098,0
AUC_1321,2382912844,60,28,367,0.4667,13.1071,868217,979065,2000,120,19,156,13,0.0833,308.28,2.62,42.75,0.5051,3284.23,0,1,0,0,0.127,0
AUC_1191,1235612643,15,3,47,0.2,15.6667,736777,798333,10000,180,11,99,12,0.1212,193.67,13.71,14.85,0.6334,29345.76,0,1,1,0,0.238,0
AUC_1176,1645733725,158,2,2382,0.0127,1191.0,651377,738370,10000,90,22,338,24,0.071,94.32,23.88,4.53,0.6856,16094.02,0,0,1,0,0.6355,1
AUC_1107,2292317779,52,6,549,0.1154,91.5,1956510,2308831,2000,120,23,176,8,0.0455,61.6,30.9,39.09,0.6248,3375.45,0,0,0,1,0.3089,0
AUC_1068,2722962877,85,4,651,0.0471,162.75,318038,393042,10000,30,22,322,10,0.0311,190.14,18.52,3.4,0.4417,25230.8,0,0,1,0,0.3512,0
AUC_1248,2975955565,18,0,189,0.0,189.0,272585,284112,1000,120,20,332,29,0.0873,16.42,10.87,10.84,0.597,2120.23,1,1,1,0,0.7501,1
AUC_1077,2856986874,100,34,573,0.34,16.8529,1251075,1385763,5000,90,19,301,10,0.0332,193.32,11.65,18.17,0.2705,8396.14,0,0,0,1,0.0355,1
AUC_1141,2192061202,23,0,532,0.0,532.0,707333,867559,20000,180,9,45,13,0.2889,34.8,30.31,4.41,0.5845,36124.04,0,0,1,0,0.7092,1
AUC_1146,1838020501,21,3,131,0.1429,43.6667,557349,686387,2000,240,3,48,8,0.1667,376.41,152.68,3.24,0.2542,2608.48,0,0,1,1,0.265,0
AUC_1378,1193004984,114,1,3261,0.0088,3261.0,200786,221732,5000,180,11,189,34,0.1799,26.44,43.33,7.24,0.702,7109.56,1,0,1,0,0.8676,1
AUC_1134,1565242521,21,1,151,0.0476,151.0,528744,636496,5000,60,6,86,9,0.1047,570.35,14.89,31.2,0.4631,6738.09,0,0,0,0,0.3002,0
AUC_1079,2657537090,29,5,153,0.1724,30.6,1894506,2375020,2000,120,7,74,2,0.027,91.6,76.89,4.44,0.3994,3415.06,0,0,1,1,0.2235,1
AUC_1017,1036345443,36,8,271,0.2222,33.875,1916367,2168445,2000,240,23,143,1,0.007,717.1,43.49,124.38,0.1208,3740.43,0,0,0,1,0.0606,0
AUC_1056,1927765665,97,8,673,0.0825,84.125,769237,821945,2000,60,23,320,25,0.0781,32.46,2.45,1.68,0.6203,2129.69,1,1,1,0,0.7543,1
AUC_1238,2927568772,15,5,92,0.3333,18.4,343465,366892,1000,60,19,192,6,0.0312,435.31,49.31,30.69,0.3197,2636.89,0,0,0,0,0.077,0
AUC_1216,1512974908,33,1,719,0.0303,719.0,780603,905300,20000,120,18,188,20,0.1064,30.67,6.22,0.39,0.7319,22386.87,1,1,1,0,0.7754,1
AUC_1343,1651288616,34,0,187,0.0,187.0,1473885,1840207,20000,120,11,77,7,0.0909,349.87,106.06,14.34,0.6256,22531.7,0,0,1,1,0.2879,0
AUC_1260,2042250444,123,0,1410,0.0,1410.0,287504,372272,2000,120,13,132,32,0.2424,74.82,10.33,1.15,0.9764,3803.58,0,1,1,0,0.99,1
AUC_1006,1476470720,13,2,65,0.1538,32.5,1979141,2098168,1000,180,15,35,4,0.1143,208.68,29.92,74.05,0.2294,3581.48,0,0,0,0,0.1648,0
AUC_1101,2470967430,21,9,157,0.4286,17.4444,1387901,1580592,5000,90,13,183,16,0.0874,338.87,10.23,27.89,0.2855,7851.55,0,1,0,1,0.1519,0
AUC_1177,1324622542,57,25,207,0.4386,8.28,1749406,2193756,2000,180,4,59,10,0.1695,424.61,80.0,2.2,0.2959,5399.18,0,0,1,0,0.1771,0
AUC_1005,1021372590,16,0,52,0.0,52.0,195103,224522,2000,90,23,274,9,0.0328,370.79,72.95,44.3,0.1756,6177.33,0,0,0,0,0.2573,0
AUC_1245,2044981687,37,6,111,0.1622,18.5,669696,699356,1000,60,16,109,3,0.0275,316.88,32.33,10.31,0.5569,2813.96,0,0,0,1,0.1753,0
AUC_1185,1065710014,29,13,84,0.4483,6.4615,215432,237477,1000,120,15,253,4,0.0158,278.17,81.83,6.35,0.48,1878.73,0,0,1,1,0.1614,0
AUC_1019,2380832420,20,7,101,0.35,14.4286,62369,83683,20000,180,8,33,16,0.4848,245.97,98.53,46.56,0.2924,58744.15,0,0,0,0,0.2232,1
AUC_1254,2096024437,75,1,1441,0.0133,1441.0,281887,343232,2000,60,10,106,24,0.2264,17.26,3.27,3.02,0.7817,3394.43,1,1,1,0,0.8722,1
AUC_1186,2541224103,42,10,265,0.2381,26.5,1829658,2095533,2000,90,5,28,9,0.3214,1064.47,57.72,48.0,0.4898,6915.39,0,0,0,0,0.1882,1
AUC_1183,1872428068,20,4,145,0.2,36.25,1606666,1810775,5000,60,9,125,8,0.064,225.69,50.85,1.31,0.2075,13048.29,0,0,1,0,0.1145,0
AUC_1271,2602010868,101,13,1067,0.1287,82.0769,576785,666260,1000,120,12,213,14,0.0657,405.83,31.58,23.66,0.5318,2286.0,0,0,0,0,0.2236,0
AUC_1098,1805159504,15,1,352,0.0667,352.0,446778,646466,10000,90,3,32,26,0.8125,13.79,13.78,3.49,0.7286,14791.7,1,0,1,0,0.9846,1
AUC_1202,2047533090,9,3,84,0.3333,28.0,1923795,2350424,1000,240,17,265,2,0.0075,471.32,88.02,82.71,0.1744,1570.03,0,0,0,1,0.1855,0
AUC_1210,1319468095,40,5,96,0.125,19.2,1554602,1659675,10000,90,20,308,6,0.0195,876.74,35.06,46.12,0.3198,32153.69,0,0,0,1,0.0722,0
AUC_1232,2683394568,36,2,350,0.0556,175.0,373073,394338,2000,60,21,51,4,0.0784,431.2,30.23,30.07,0.4023,3557.24,0,0,0,0,0.3097,0
AUC_1372,1653646613,79,6,211,0.0759,35.1667,1931116,2155000,2000,180,6,91,11,0.1209,354.96,128.49,30.38,0.5521,4167.66,0,0,0,1,0.0823,0
AUC_1267,1337569669,16,1,95,0.0625,95.0,507683,541736,1000,120,10,85,8,0.0941,818.52,30.68,65.24,0.3785,2765.8,0,0,0,0,0.1761,0
AUC_1136,1082179400,20,2,48,0.1,24.0,563912,677914,1000,60,4,36,2,0.0556,361.17,35.58,34.66,0.4723,1746.62,0,0,0,0,0.1085,0
AUC_1031,1464812415,25,3,139,0.12,46.3333,1990489,2459954,20000,60,23,277,1,0.0036,308.57,33.15,40.57,0.4525,24223.77,0,0,0,1,0.1903,0
AUC_1116,1413176834,33,2,162,0.0606,81.0,977515,1016881,1000,120,20,197,6,0.0305,983.15,19.65,41.26,0.1976,1702.45,0,0,0,0,0.2632,0
AUC_1049,2164651100,18,1,52,0.0556,52.0,1808102,1907868,1000,120,7,122,7,0.0574,584.34,69.04,18.05,0.5316,1775.81,0,0,0,0,0.2636,0
AUC_1106,2475588010,50,4,537,0.08,134.25,396028,460853,20000,60,16,82,23,0.2805,32.11,1.64,4.81,0.7066,36879.25,1,1,1,0,0.8992,1
AUC_1267,1848251211,15,1,147,0.0667,147.0,1520810,1677036,1000,180,22,147,11,0.0748,34.64,17.61,13.24,0.5961,1074.64,0,1,1,0,0.7379,0
AUC_1385,2469425607,24,2,172,0.0833,86.0,1824461,2232910,5000,30,22,196,5,0.0255,328.9,17.72,20.42,0.1824,7904.45,0,0,0,0,0.1817,0
AUC_1304,2591372845,63,5,1307,0.0794,261.4,581600,720919,2000,120,23,243,31,0.1276,22.86,19.68,0.92,0.8193,3008.0,1,0,1,1,0.8577,1
AUC_1048,2566866525,11,4,55,0.3636,13.75,170962,180996,20000,60,12,137,7,0.0511,126.46,27.75,2.89,0.1624,42853.71,0,0,1,0,0.129,1
AUC_1126,2214067368,38,7,134,0.1842,19.1429,1435913,1787772,1000,60,20,336,3,0.0089,252.74,12.51,11.53,0.4382,2232.28,0,0,0,1,0.1847,0
AUC_1138,2117831463,36,18,305,0.5,16.9444,344323,365710,20000,90,17,261,8,0.0307,237.57,21.32,7.33,0.3534,60146.77,0,0,1,0,0.0398,0
AUC_1272,1780096942,47,13,303,0.2766,23.3077,983507,1183966,10000,120,24,189,11,0.0582,422.04,12.7,33.33,0.6191,15805.27,0,1,0,0,0.2122,1
AUC_1019,2361863690,37,0,940,0.0,940.0,1854958,2179415,2000,180,8,99,16,0.1616,111.99,28.06,30.22,0.8699,3563.84,0,0,0,0,0.7633,0
AUC_1389,2890689134,69,33,358,0.4783,10.8485,1755876,2135571,2000,240,13,137,14,0.1022,318.22,95.18,86.5,0.6099,6141.71,0,0,0,1,0.1601,0
AUC_1082,2566794411,13,1,294,0.0769,294.0,310383,367833,2000,90,9,56,24,0.4286,38.04,22.25,0.74,0.7281,2176.16,1,0,1,0,0.9395,1
AUC_1083,1812978420,66,31,207,0.4697,6.6774,1007315,1098898,2000,180,22,98,3,0.0306,246.12,150.36,12.2,0.2489,3859.75,0,0,1,0,0.01,0
AUC_1162,1773136329,18,3,41,0.1667,13.6667,1051876,1140027,10000,60,11,105,9,0.0857,1007.64,49.2,29.58,0.1307,30403.71,0,0,0,0,0.1002,0
AUC_1122,1652159688,31,2,247,0.0645,123.5,743731,949465,20000,60,19,117,26,0.2222,27.57,16.37,4.96,0.9432,33875.31,1,0,1,1,0.8587,0
AUC_1398,2240068861,23,5,229,0.2174,45.8,556193,583589,2000,180,9,35,3,0.0857,768.93,112.28,62.35,0.1731,4288.37,0,0,0,1,0.1339,0
AUC_1290,1644081661,108,15,1341,0.1389,89.4,72880,82645,5000,240,20,88,7,0.0795,133.88,57.12,93.19,0.597,12716.58,0,0,0,0,0.2904,0
AUC_1031,2638399516,138,6,3379,0.0435,563.1667,1872038,2354414,10000,90,14,207,14,0.0676,91.6,22.68,15.71,0.6591,14905.14,0,0,0,0,0.6374,1
AUC_1006,1351723181,68,3,972,0.0441,324.0,355394,398720,2000,240,24,51,22,0.4314,49.17,7.8,28.51,0.7616,3011.32,1,1,1,0,0.8709,0
AUC_1394,1084266793,22,7,149,0.3182,21.2857,1023797,1181870,1000,120,4,35,13,0.3714,494.5,57.71,40.89,0.4144,1238.96,0,0,0,1,0.2735,0
AUC_1282,2372766837,84,38,264,0.4524,6.9474,523315,576285,1000,60,5,27,7,0.2593,161.55,38.69,8.22,0.6611,2210.18,0,0,0,0,0.1296,0
AUC_1205,2187884669,49,2,889,0.0408,444.5,248306,284713,10000,120,24,181,19,0.105,31.8,20.84,2.64,0.6892,11968.77,1,0,1,0,0.7893,1
AUC_1061,2361168297,87,22,478,0.2529,21.7273,1871381,2002742,5000,120,16,173,17,0.0983,136.35,26.95,10.07,0.5964,11856.17,0,0,1,1,0.1425,0
AUC_1003,2943297525,31,3,872,0.0968,290.6667,1595446,1966650,10000,30,10,109,27,0.2477,67.67,2.23,1.37,0.7395,18704.03,1,1,1,0,0.9546,1
AUC_1062,2749815968,114,17,1000,0.1491,58.8235,726141,859242,2000,180,8,40,13,0.325,198.35,37.79,68.95,0.44,4310.26,0,0,0,0,0.2118,0
AUC_1167,2206423955,144,2,4428,0.0139,2214.0,917192,1077379,5000,120,4,66,28,0.4242,93.87,24.34,5.32,0.7227,5147.99,0,0,1,0,0.7948,1
AUC_1335,2172336780,69,17,227,0.2464,13.3529,1396771,1532809,5000,240,9,102,4,0.0392,129.09,136.21,13.82,0.3355,14186.81,0,0,1,0,0.1612,1
AUC_1307,2842807097,63,6,1467,0.0952,244.5,499738,639840,1000,90,17,109,36,0.3303,18.97,20.47,1.34,0.6339,1346.5,1,0,1,1,0.9567,1
AUC_1030,1340227789,12,2,86,0.1667,43.0,1791791,2213024,10000,60,8,48,11,0.2292,444.18,30.43,8.39,0.4302,12443.48,0,0,0,1,0.1949,0
AUC_1210,1261416622,35,10,112,0.2857,11.2,642913,802054,5000,90,6,46,3,0.0652,399.34,50.29,27.79,0.3179,6385.6,0,0,0,0,0.1995,0
AUC_1376,2330607277,11,2,80,0.1818,40.0,1933481,2470058,1000,180,16,35,9,0.2571,742.33,85.61,116.61,0.2298,1679.99,0,0,0,0,0.1458,0
AUC_1282,1734299126,7,2,31,0.2857,15.5,1991699,2435940,20000,240,15,93,7,0.0753,1037.5,18.4,58.18,0.2198,83055.21,0,1,0,1,0.1136,0
AUC_1092,1476635054,4,0,19,0.0,19.0,1782378,1951485,2000,180,15,208,7,0.0337,339.79,79.71,81.67,0.1388,5089.03,0,0,0,0,0.1491,0
AUC_1232,2468692169,22,1,386,0.0455,386.0,1815392,2250919,2000,60,22,60,40,0.6667,115.6,15.37,0.91,0.9613,2318.27,0,0,1,0,0.99,1
AUC_1227,2410847233,35,3,768,0.0857,256.0,1448420,1801868,10000,60,18,276,25,0.0906,27.72,4.06,3.49,0.7499,13159.37,1,1,1,0,0.86,1
AUC_1023,2659787432,87,1,287,0.0115,287.0,360898,392577,5000,60,3,41,6,0.1463,297.36,42.66,10.47,0.2158,13655.71,0,0,0,0,0.2956,1
AUC_1173,2907763495,14,3,76,0.2143,25.3333,1113959,1148719,10000,180,6,41,1,0.0244,1054.56,35.21,95.45,0.3142,36620.57,0,0,0,0,0.167,0
AUC_1098,2955248681,118,10,2434,0.0847,243.4,1108997,1300401,20000,120,3,36,23,0.6389,13.97,9.09,9.29,0.7464,38956.36,1,1,1,0,0.99,1
AUC_1073,2444988457,13,2,33,0.1538,16.5,884469,1104167,10000,60,17,205,6,0.0293,754.11,25.49,39.73,0.3562,27933.19,0,0,0,1,0.0654,0
AUC_1348,1416581179,153,3,5081,0.0196,1693.6667,401375,485114,1000,60,23,392,29,0.074,52.58,19.1,6.77,0.942,1549.5,1,0,1,0,0.7453,1
AUC_1042,2361048550,41,10,180,0.2439,18.0,295425,308063,10000,60,16,72,6,0.0833,338.95,24.5,5.81,0.3407,18610.61,0,0,1,1,0.01,0
AUC_1033,2163770031,26,6,153,0.2308,25.5,386905,466255,10000,90,21,314,2,0.0064,367.86,44.87,2.22,0.4403,14166.29,0,0,1,0,0.1532,0
AUC_1135,1928444091,20,4,180,0.2,45.0,313228,337388,2000,60,11,149,9,0.0604,574.55,44.94,32.67,0.353,8588.78,0,0,0,1,0.0709,0
AUC_1260,2859261614,25,8,113,0.32,14.125,1498697,1638564,20000,120,15,174,6,0.0345,650.94,33.75,64.22,0.3816,63622.55,0,0,0,0,0.1136,0
AUC_1009,2644597026,79,19,264,0.2405,13.8947,1536376,1681869,10000,120,13,197,8,0.0406,292.63,71.35,11.51,0.3198,10961.38,0,0,1,1,0.0212,0
AUC_1293,1275125637,41,19,558,0.4634,29.3684,955062,1071407,1000,60,24,291,10,0.0344,181.5,9.83,2.25,0.4072,2306.48,0,0,1,0,0.01,0
AUC_1281,1504336460,42,1,158,0.0238,158.0,221576,259429,2000,90,17,154,6,0.039,734.23,62.01,22.73,0.4733,6527.26,0,0,0,0,0.408,0
AUC_1146,1744344858,65,1,564,0.0154,564.0,1307089,1454326,2000,30,21,258,4,0.0155,191.49,27.67,0.84,0.2996,5976.53,0,0,1,0,0.4331,1
AUC_1059,1814440961,95,35,929,0.3684,26.5429,1850465,2290416,10000,180,16,285,10,0.0351,496.38,70.22,70.0,0.5634,13357.75,0,0,0,0,0.197,0
AUC_1186,2253027261,8,0,189,0.0,189.0,1836189,2218370,10000,120,3,37,22,0.5946,8.38,29.02,2.29,0.7332,18431.66,1,0,1,1,0.9141,1
AUC_1082,2237036264,44,3,372,0.0682,124.0,1583482,1684556,1000,240,10,141,2,0.0142,1030.83,176.88,156.43,0.4338,3544.7,0,0,0,0,0.2957,1
AUC_1093,2388048365,29,2,279,0.069,139.5,757273,956036,10000,90,22,104,37,0.3558,24.39,1.86,0.24,0.8905,14850.57,1,1,1,0,0.99,1
AUC_1105,2141466646,85,2,1562,0.0235,781.0,932587,1052470,1000,90,23,294,15,0.051,50.14,3.2,13.67,0.7533,1145.33,0,1,0,1,0.6571,1
AUC_1165,1269597751,20,1,125,0.05,125.0,858025,1029931,1000,180,18,56,15,0.2679,37.89,21.98,9.55,0.8397,1445.75,0,0,1,0,0.6606,1
AUC_1087,1003009029,118,6,2809,0.0508,468.1667,470207,535345,2000,180,18,321,38,0.1184,29.85,7.56,19.63,0.7622,3731.46,1,1,1,0,0.9552,1
AUC_1034,1501440388,30,14,139,0.4667,9.9286,1800833,2088813,20000,90,13,134,9,0.0672,425.86,26.59,2.91,0.4191,31338.41,0,0,1,0,0.0155,0
AUC_1319,2745812417,11,1,97,0.0909,97.0,1492637,1925156,2000,90,18,60,21,0.35,16.85,26.17,6.11,0.8589,4063.7,1,0,1,0,0.795,1
AUC_1324,1450825367,66,6,223,0.0909,37.1667,1928219,2074306,1000,30,8,62,11,0.1774,414.48,26.45,3.59,0.6244,2755.83,0,0,1,1,0.3254,0
AUC_1180,2065730289,25,2,345,0.08,172.5,1206940,1446564,2000,120,17,76,27,0.3553,7.8,6.85,5.77,0.8454,2792.27,1,1,1,0,0.99,1
AUC_1315,1771516927,110,6,3280,0.0545,546.6667,1881605,2182157,5000,30,12,84,21,0.25,31.99,4.5,0.3,0.602,7007.64,1,0,1,0,0.8185,0
AUC_1030,1935887908,24,6,305,0.25,50.8333,1425799,1711401,1000,120,5,52,7,0.1346,297.52,27.41,43.35,0.5491,3081.11,0,0,0,0,0.1579,0
AUC_1223,2626792408,77,5,1677,0.0649,335.4,1640336,1833868,1000,120,6,73,36,0.4932,49.72,12.73,6.2,0.7852,1320.17,1,1,1,0,0.9347,1
AUC_1081,1397259188,78,18,911,0.2308,50.6111,1648925,1864096,5000,60,14,110,7,0.0636,382.95,10.71,22.18,0.3263,17457.78,0,0,0,0,0.1015,0
AUC_1380,2738578046,58,0,834,0.0,834.0,1771194,2128096,20000,120,14,184,23,0.125,31.87,23.21,0.2,0.8313,24250.18,1,0,1,0,0.9034,0
AUC_1248,1086149168,21,4,118,0.1905,29.5,501863,586664,20000,180,24,115,6,0.0522,670.83,13.77,105.77,0.1179,55375.97,0,1,0,0,0.2595,0
AUC_1133,1023716205,143,4,4723,0.028,1180.75,1526189,1571690,5000,120,21,147,16,0.1088,26.62,25.94,1.25,0.9022,7944.08,0,0,1,0,0.821,1
AUC_1152,1166350504,51,17,239,0.3333,14.0588,1130244,1246972,2000,30,23,64,9,0.1406,92.75,21.34,4.67,0.4731,3771.13,0,0,0,0,0.1015,0
AUC_1113,1723835791,136,12,3450,0.0882,287.5,1812403,2212872,5000,180,19,282,25,0.0887,84.1,27.69,8.4,0.8308,8138.8,0,0,1,0,0.6577,1
AUC_1183,1977488931,91,2,2250,0.022,1125.0,1894186,2450667,20000,180,10,27,24,0.8889,81.11,12.97,11.5,0.7635,34082.58,0,1,1,0,0.965,1
AUC_1043,2603633604,117,29,743,0.2479,25.6207,1673830,1743789,20000,120,8,79,12,0.1519,182.57,47.96,27.03,0.2177,63287.39,0,0,0,0,0.0833,0
AUC_1365,1255795776,11,1,73,0.0909,73.0,672124,746216,20000,180,3,31,7,0.2258,1019.81,115.84,43.0,0.3919,33779.59,0,0,0,1,0.1918,0
AUC_1241,1613518213,30,2,78,0.0667,39.0,1015187,1067571,20000,90,23,274,3,0.0109,459.61,27.38,33.57,0.2573,79519.84,0,0,0,1,0.0555,0
AUC_1383,2018932176,20,8,133,0.4,16.625,255104,314883,2000,120,5,19,6,0.3158,58.89,61.74,11.07,0.3448,2096.22,0,0,1,0,0.2824,0
AUC_1333,1798778327,113,9,2999,0.0796,333.2222,90800,112379,2000,180,12,135,32,0.237,80.72,25.13,13.45,0.8115,3771.14,0,0,1,0,0.633,0
AUC_1039,1446103460,11,0,41,0.0,41.0,316121,367033,5000,90,14,251,5,0.0199,258.3,54.04,26.17,0.3975,15884.04,0,0,0,1,0.1972,0
AUC_1099,1113124202,15,2,98,0.1333,49.0,1191650,1267048,20000,60,21,65,7,0.1077,466.77,43.67,14.69,0.3107,81965.13,0,0,0,0,0.0738,0
AUC_1237,1482454314,98,0,1921,0.0,1921.0,1788704,2264096,2000,180,3,42,19,0.4524,49.15,22.0,11.96,0.6483,3130.59,1,0,1,0,0.8526,1
AUC_1363,2892873094,136,2,3365,0.0147,1682.5,236586,262631,2000,60,23,231,40,0.1732,19.78,10.65,6.22,0.7298,2072.73,1,0,1,0,0.9325,1
AUC_1108,2744179615,23,6,145,0.2609,24.1667,300585,328879,10000,120,10,85,5,0.0588,57.51,55.45,8.96,0.1804,18190.42,0,0,1,0,0.1949,0
AUC_1214,2963995839,23,9,179,0.3913,19.8889,260243,269861,5000,180,10,74,6,0.0811,463.7,68.12,15.67,0.4506,14901.03,0,0,1,0,0.235,0
AUC_1352,2215298877,54,1,469,0.0185,469.0,298989,311538,2000,240,24,49,8,0.1633,123.85,208.06,15.67,0.4152,3408.78,0,0,1,1,0.3737,1
AUC_1044,2639219384,64,9,236,0.1406,26.2222,1729333,1867363,10000,90,23,310,7,0.0226,359.51,39.73,11.66,0.6089,12886.86,0,0,0,0,0.2499,0
AUC_1086,1042813282,95,6,2112,0.0632,352.0,1227319,1483520,5000,90,19,67,18,0.2687,17.25,15.55,5.58,0.7413,8624.9,1,0,1,0,0.737,1
AUC_1173,1292318989,118,38,1009,0.322,26.5526,296146,355539,2000,30,4,32,9,0.2812,380.63,3.48,8.4,0.2821,6985.97,0,1,0,1,0.1295,1
AUC_1025,2046470817,27,6,181,0.2222,30.1667,996454,1200107,5000,30,17,264,1,0.0038,544.17,1.01,4.59,0.3899,21110.14,0,1,0,0,0.1352,0
AUC_1009,1230627657,17,0,136,0.0,136.0,942191,974591,1000,180,12,70,6,0.0857,1079.99,27.89,74.2,0.1183,1267.08,0,0,0,0,0.2591,0
AUC_1383,1592930513,19,2,153,0.1053,76.5,1101250,1302429,5000,90,6,36,9,0.25,935.69,7.23,53.25,0.1286,20362.55,0,1,0,0,0.3955,0
AUC_1082,1735349818,76,3,2112,0.0395,704.0,163837,201811,5000,180,14,185,27,0.1459,85.06,28.88,9.73,0.6202,8825.88,0,0,1,0,0.7977,1
AUC_1170,2176082203,65,3,724,0.0462,241.3333,195439,252924,1000,240,13,160,31,0.1938,15.86,9.23,18.86,0.7118,1169.7,1,1,1,0,0.9819,1
AUC_1236,2408872563,132,12,3714,0.0909,309.5,786309,963950,2000,60,11,161,21,0.1304,76.59,11.15,0.49,0.9045,2358.11,0,0,1,1,0.5588,1
AUC_1095,1550306651,24,1,590,0.0417,590.0,616106,635457,10000,60,21,375,38,0.1013,13.31,10.8,7.13,0.8151,12636.68,1,0,1,0,0.9766,0
AUC_1146,1867854944,85,7,1071,0.0824,153.0,949059,1289524,10000,90,15,36,25,0.6944,17.59,11.83,0.24,0.7544,13647.66,1,0,1,1,0.8983,1
AUC_1283,2288212872,48,13,209,0.2708,16.0769,65195,70981,1000,240,22,134,10,0.0746,223.02,173.74,37.04,0.2729,1055.41,0,0,0,0,0.0173,0
AUC_1244,1830521387,95,6,1989,0.0632,331.5,1807180,1944304,20000,30,15,229,19,0.083,11.27,1.94,2.08,0.8694,37329.08,1,1,1,1,0.8131,1
AUC_1142,2555051946,26,1,132,0.0385,132.0,1116040,1309337,2000,90,23,124,2,0.0161,586.49,58.11,62.57,0.3649,7360.23,0,0,0,0,0.1302,0
AUC_1141,1868260622,1,0,6,0.0,6.0,940188,1132765,2000,240,10,104,4,0.0385,954.37,60.38,106.23,0.2411,4115.13,0,0,0,0,0.01,0
AUC_1250,1011598271,86,4,1466,0.0465,366.5,1765252,2285265,1000,120,6,65,29,0.4462,39.44,21.41,9.15,0.8777,1801.22,1,0,1,0,0.9038,1
AUC_1318,2793510633,41,18,282,0.439,15.6667,1493812,1795650,5000,90,4,16,8,0.5,317.3,42.31,15.71,0.3039,12312.55,0,0,0,0,0.1634,1
AUC_1123,1264390719,75,4,487,0.0533,121.75,467950,498154,5000,90,18,267,4,0.015,407.22,76.93,1.89,0.4848,10964.81,0,0,1,0,0.2814,0
AUC_1228,2506900387,21,7,146,0.3333,20.8571,975168,1164162,1000,60,24,336,5,0.0149,567.39,16.37,36.24,0.4091,2333.72,0,0,0,0,0.0565,0
AUC_1225,1182533446,13,0,205,0.0,205.0,184821,205171,1000,180,19,61,11,0.1803,18.29,31.45,11.19,0.7249,1609.06,0,0,1,1,0.6634,1
AUC_1280,1416550055,77,16,1000,0.2078,62.5,1821477,1969714,5000,240,11,182,9,0.0495,316.72,32.94,51.56,0.3003,7814.84,0,0,0,0,0.1139,0
AUC_1341,1133128989,1,0,7,0.0,7.0,242948,253725,10000,240,15,81,6,0.0741,650.4,119.96,134.03,0.4283,13467.81,0,0,0,1,0.2587,0
AUC_1373,2834422038,59,1,1304,0.0169,1304.0,1763011,2150091,20000,180,12,41,32,0.7805,14.73,48.69,24.42,0.8342,34566.81,1,0,0,1,0.9749,1
AUC_1288,1753984006,10,0,86,0.0,86.0,1064789,1181937,2000,120,3,23,3,0.1304,762.29,11.99,39.6,0.1418,4393.41,0,1,0,0,0.1801,1
AUC_1346,1433184462,61,27,206,0.4426,7.6296,1637936,2036488,2000,120,8,96,9,0.0938,101.42,96.51,17.0,0.2266,4462.64,0,0,0,1,0.0493,1
AUC_1020,2316526890,23,6,172,0.2609,28.6667,1556752,1820924,20000,180,20,74,1,0.0135,756.53,11.45,94.2,0.5039,57284.73,0,1,0,0,0.1025,0
AUC_1044,1432613197,54,11,559,0.2037,50.8182,1611534,1710841,5000,120,6,106,6,0.0566,338.26,69.64,35.09,0.4846,7680.27,0,0,0,1,0.0663,0
AUC_1327,1850336098,30,0,880,0.0,880.0,208016,267637,2000,60,5,74,17,0.2297,75.24,13.52,1.5,0.927,3095.41,0,0,1,1,0.7358,1
AUC_1319,1292045873,71,20,475,0.2817,23.75,1146536,1369716,20000,180,3,49,10,0.2041,249.52,151.11,22.19,0.1642,20286.02,0,0,0,0,0.1726,0
AUC_1376,2927982086,83,3,699,0.0361,233.0,625796,667716,5000,120,22,204,28,0.1373,32.72,5.9,1.31,0.7501,8540.55,1,1,1,0,0.9423,1
AUC_1208,1354135365,85,33,548,0.3882,16.6061,642145,698036,20000,120,16,201,11,0.0547,220.04,5.72,41.35,0.5203,60241.25,0,1,0,1,0.0803,0
AUC_1290,1857348646,34,2,457,0.0588,228.5,1699036,2020707,20000,90,17,215,37,0.1721,25.17,4.87,2.8,0.908,23753.79,1,1,1,0,0.99,1
AUC_1031,1609209521,45,11,384,0.2444,34.9091,625847,731296,10000,30,4,15,2,0.1333,145.23,27.2,3.77,0.6774,23020.64,0,0,0,1,0.1561,0
AUC_1296,1457224048,21,3,126,0.1429,42.0,510696,533757,1000,180,12,59,8,0.1356,546.52,105.61,47.77,0.3176,3144.52,0,0,0,1,0.1099,0
AUC_1224,2625394719,110,1,3200,0.0091,3200.0,900669,964318,2000,180,14,41,34,0.8293,33.46,10.37,15.78,0.6758,2480.55,1,1,1,0,0.99,1
AUC_1191,1220792030,116,20,1333,0.1724,66.65,1145035,1397615,2000,60,20,343,6,0.0175,346.76,26.35,6.87,0.5007,3969.01,0,0,1,1,0.1605,0
AUC_1001,2739414687,78,2,558,0.0256,279.0,987877,1286255,1000,240,13,93,24,0.2581,28.02,7.53,12.55,0.7001,1644.12,1,1,1,0,0.8972,1
AUC_1229,2152589021,44,3,343,0.0682,114.3333,1942194,2317541,10000,120,4,66,7,0.1061,1078.4,94.64,65.5,0.4652,27109.27,0,0,0,1,0.3016,0
AUC_1128,1894627296,118,4,2991,0.0339,747.75,1737441,1845439,10000,120,17,94,23,0.2447,91.37,9.18,2.7,0.7588,14603.03,0,1,1,0,0.8248,1
AUC_1151,2616183148,17,5,148,0.2941,29.6,122535,136984,2000,60,23,335,8,0.0239,940.66,16.4,30.38,0.3427,3169.58,0,0,0,1,0.1791,0
AUC_1188,2534563746,39,12,224,0.3077,18.6667,626310,710295,5000,180,23,345,8,0.0232,1020.9,25.33,96.95,0.2158,8786.89,0,0,0,0,0.0848,0
AUC_1228,1153500366,68,28,368,0.4118,13.1429,360869,398045,2000,180,23,311,14,0.045,289.22,111.09,52.06,0.4359,2289.51,0,0,0,0,0.0251,0
AUC_1118,1433459648,98,6,657,0.0612,109.5,549876,617194,2000,90,3,24,16,0.6667,29.85,0.88,8.28,0.9112,4278.53,0,1,1,0,0.8333,1
AUC_1370,2452265197,99,2,2301,0.0202,1150.5,145982,182997,10000,240,5,53,12,0.2264,20.87,62.99,5.62,0.8318,12901.01,0,0,1,0,0.7894,1
AUC_1325,2343634871,39,4,232,0.1026,58.0,1615001,1679071,2000,90,20,245,9,0.0367,406.72,85.4,5.68,0.5596,2263.08,0,0,1,0,0.1795,0
AUC_1303,2861084139,40,9,308,0.225,34.2222,288536,312865,5000,60,24,201,5,0.0249,250.72,28.81,1.73,0.284,5712.62,0,0,1,0,0.0352,0
AUC_1274,2046421181,27,0,241,0.0,241.0,655675,715888,10000,90,11,184,7,0.038,167.08,82.26,3.62,0.4097,17138.56,0,0,1,0,0.3381,0
AUC_1020,1642952756,47,12,303,0.2553,25.25,1193974,1232820,1000,240,13,212,11,0.0519,275.54,169.84,28.15,0.4386,2688.69,0,0,1,0,0.1681,0
AUC_1291,1381064415,44,2,887,0.0455,443.5,611581,635197,1000,90,8,94,10,0.1064,15.89,22.03,3.72,0.5922,1189.45,0,0,1,0,0.6829,0
AUC_1288,1010399692,22,2,204,0.0909,102.0,1903574,2390323,5000,120,4,11,6,0.5455,312.06,11.32,79.96,0.5101,18736.33,0,1,0,0,0.4501,0
AUC_1170,1840813958,22,3,164,0.1364,54.6667,409499,450143,10000,120,3,38,6,0.1579,1082.36,7.57,61.49,0.3192,34654.13,0,1,0,0,0.1649,1
AUC_1291,1074787597,17,1,141,0.0588,141.0,577553,680701,2000,60,8,109,1,0.0092,861.63,26.27,13.88,0.1303,3303.89,0,0,0,0,0.2275,0
AUC_1345,2805281682,61,5,370,0.082,74.0,1853920,2013217,2000,180,21,94,2,0.0213,156.92,128.86,11.5,0.6997,5803.99,0,0,1,0,0.2499,1
AUC_1098,2266408139,70,0,564,0.0,564.0,262907,297432,10000,30,17,243,16,0.0658,37.22,1.21,0.74,0.6728,10104.13,0,1,1,0,0.9041,1
AUC_1150,2956109811,24,2,300,0.0833,150.0,191826,225672,2000,240,15,83,26,0.3133,10.65,0.61,0.42,0.7187,2753.88,1,1,1,0,0.8615,1
AUC_1179,2044413456,2,0,5,0.0,5.0,58370,66885,5000,120,5,13,3,0.2308,700.53,39.15,71.2,0.3229,20901.6,0,0,0,0,0.2681,0
AUC_1015,2086034121,26,0,431,0.0,431.0,336207,427920,2000,120,7,121,30,0.2479,73.88,28.99,8.23,0.8414,3557.49,0,0,1,0,0.8836,1
AUC_1159,2430625432,94,27,475,0.2872,17.5926,521769,548668,5000,180,18,156,17,0.109,148.66,13.42,19.69,0.4904,9346.06,0,1,1,1,0.3222,1
AUC_1279,1008410312,93,21,1296,0.2258,61.7143,1112657,1284794,1000,60,21,334,9,0.0269,124.18,34.91,5.3,0.6147,1240.18,0,0,1,1,0.1155,0
AUC_1044,1238888081,88,23,321,0.2614,13.9565,900631,992621,5000,120,14,191,9,0.0471,90.79,12.21,9.62,0.3116,16717.87,0,1,1,0,0.0871,0
AUC_1070,1892446520,124,5,4308,0.0403,861.6,1278083,1509753,5000,240,24,412,30,0.0728,50.71,76.2,39.63,0.8338,6027.77,1,0,0,0,0.6887,1
AUC_1271,2372650435,79,24,1074,0.3038,44.75,743963,967432,5000,120,4,36,9,0.25,108.81,61.23,40.04,0.2086,15385.49,0,0,0,1,0.1275,0
AUC_1084,2766070857,16,1,433,0.0625,433.0,1595580,1864048,2000,180,15,62,18,0.2903,75.49,5.73,1.44,0.6222,3960.41,0,1,1,0,0.869,1
AUC_1208,1192918407,40,8,298,0.2,37.25,476360,586776,5000,180,11,68,10,0.1471,395.88,128.93,31.84,0.6177,13696.33,0,0,0,0,0.0905,0
AUC_1170,2743839329,17,4,90,0.2353,22.5,86210,104639,5000,90,21,357,3,0.0084,158.18,78.28,3.45,0.1857,7497.31,0,0,1,1,0.0305,0
AUC_1286,2805370403,10,0,119,0.0,119.0,592728,672586,5000,180,12,90,10,0.1111,23.08,20.42,1.0,0.6327,7428.32,0,1,1,0,0.7209,1
AUC_1254,2615533057,34,3,262,0.0882,87.3333,90495,99340,10000,90,6,106,5,0.0472,417.91,13.77,60.5,0.5041,40869.59,0,0,0,1,0.195,0
AUC_1273,1308855818,26,1,269,0.0385,269.0,1643340,2047422,10000,60,22,271,19,0.0701,56.6,6.91,3.08,0.7559,13109.24,1,1,1,0,0.7205,1
AUC_1043,1112385848,76,2,440,0.0263,220.0,1982200,2333676,10000,180,17,158,5,0.0316,296.9,161.93,24.3,0.4826,15163.51,0,0,0,1,0.308,1
AUC_1363,1793367395,52,2,407,0.0385,203.5,1401019,1634167,10000,120,20,164,7,0.0427,423.16,43.83,7.13,0.1993,20234.89,0,0,1,0,0.3111,1
AUC_1066,1780013946,31,1,120,0.0323,120.0,606263,736366,2000,90,19,111,1,0.009,209.84,34.36,41.01,0.4835,4349.85,0,0,0,0,0.1691,0
AUC_1009,1607365699,42,3,225,0.0714,75.0,824805,957534,10000,90,17,209,8,0.0383,933.58,3.98,62.66,0.5041,19386.28,0,1,0,1,0.2987,0
AUC_1350,1867757602,49,1,1009,0.0204,1009.0,1379183,1448921,5000,60,7,87,19,0.2184,21.2,17.42,3.32,0.9272,9491.11,1,0,1,0,0.8539,1
AUC_1186,1779868003,69,0,1519,0.0,1519.0,1498883,1879035,1000,60,19,229,15,0.0655,8.53,7.87,1.79,0.6952,1925.78,0,0,1,0,0.784,1
AUC_1253,1882622315,28,9,135,0.3214,15.0,433465,452044,10000,120,7,51,2,0.0392,644.46,40.15,68.57,0.5028,21465.32,0,0,0,0,0.1828,0
AUC_1122,2129532020,21,0,396,0.0,396.0,1628379,1980808,10000,240,6,43,26,0.6047,23.98,32.81,18.62,0.725,13156.81,1,0,1,0,0.99,1
AUC_1224,1865077330,59,19,488,0.322,25.6842,1924364,2125074,20000,180,10,64,11,0.1719,126.05,121.95,17.47,0.2857,59283.54,0,0,1,0,0.0471,0
AUC_1190,2518153800,9,3,81,0.3333,27.0,592021,649631,1000,120,21,254,2,0.0079,475.61,10.75,46.69,0.3885,2942.95,0,1,0,0,0.1841,0
AUC_1225,2316683433,101,44,1327,0.4356,30.1591,1999853,2135143,20000,120,5,82,8,0.0976,107.6,17.6,23.45,0.3045,49251.59,0,0,0,1,0.01,0
AUC_1294,1566377194,97,6,1137,0.0619,189.5,1473218,1760779,1000,60,5,39,24,0.6154,71.25,3.82,0.52,0.8343,1003.23,0,1,1,0,0.8625,1
AUC_1215,2515047012,44,0,535,0.0,535.0,803772,931863,1000,240,6,51,25,0.4902,32.7,44.96,21.17,0.8809,1384.13,1,0,1,0,0.9365,1
AUC_1004,2751629833,102,6,1392,0.0588,232.0,766839,989264,2000,90,12,82,38,0.4634,62.74,6.58,7.66,0.856,3219.9,1,1,1,0,0.99,1
AUC_1050,1128637695,26,0,372,0.0,372.0,1176775,1257227,10000,60,12,128,14,0.1094,23.85,6.59,2.04,0.7331,20196.25,0,1,1,0,0.8327,1
AUC_1167,2299537885,88,31,878,0.3523,28.3226,1199473,1443273,5000,180,17,50,11,0.22,408.61,107.18,66.62,0.4384,5393.67,0,0,0,0,0.1304,0
AUC_1272,2007349909,80,31,555,0.3875,17.9032,1411765,1705651,5000,120,20,40,17,0.425,156.28,9.67,8.62,0.2096,11911.28,0,1,1,0,0.1893,0
AUC_1329,1521735384,50,0,939,0.0,939.0,142174,164913,10000,120,17,276,23,0.0833,13.35,15.57,0.62,0.8243,18996.41,1,0,1,0,0.99,1
AUC_1248,1448415666,65,3,1613,0.0462,537.6667,1724597,2279520,5000,90,4,41,30,0.7317,32.8,1.5,5.19,0.9428,6945.88,1,1,1,0,0.99,1
AUC_1336,2694863788,60,5,404,0.0833,80.8,1407699,1553502,1000,240,8,29,4,0.1379,362.49,113.18,32.81,0.494,1679.15,0,0,0,1,0.3631,0
AUC_1299,1019739271,89,25,604,0.2809,24.16,1808682,2311845,2000,240,6,31,5,0.1613,374.52,201.35,25.43,0.1546,5327.28,0,0,1,0,0.1133,0
AUC_1195,1432141111,25,0,146,0.0,146.0,1118338,1286957,5000,240,11,183,4,0.0219,294.38,39.3,128.97,0.5134,19299.23,0,0,0,0,0.2819,0
AUC_1332,2073491266,3,1,7,0.3333,7.0,120858,133354,5000,60,14,165,6,0.0364,386.65,15.35,16.92,0.2098,18899.58,0,0,0,1,0.0564,0
AUC_1151,2731373764,42,4,248,0.0952,62.0,1372911,1468129,5000,30,20,95,1,0.0105,700.49,9.04,15.97,0.2277,18271.44,0,0,0,0,0.3112,0
AUC_1386,1476322141,36,5,111,0.1389,22.2,986203,1218173,10000,180,18,157,6,0.0382,344.36,63.2,90.93,0.1689,42217.4,0,0,0,1,0.1768,0
AUC_1339,2820977081,5,0,18,0.0,18.0,1594300,1809432,5000,90,18,225,7,0.0311,729.08,67.29,56.11,0.1454,8433.37,0,0,0,0,0.1588,0
AUC_1334,2193670705,47,10,217,0.2128,21.7,1036582,1133731,5000,120,17,133,8,0.0602,312.94,0.66,10.0,0.4244,14319.91,0,1,1,1,0.271,0
AUC_1279,1062066319,15,1,59,0.0667,59.0,447786,468845,1000,90,13,115,9,0.0783,991.37,3.25,33.96,0.4288,2329.44,0,1,0,0,0.1841,0
AUC_1311,1528408980,95,24,927,0.2526,38.625,805481,925014,2000,120,4,39,16,0.4103,431.76,37.29,4.37,0.4488,6652.59,0,0,1,0,0.2178,0
AUC_1390,1682848769,94,16,882,0.1702,55.125,712831,899829,1000,180,14,148,15,0.1014,364.79,112.68,23.33,0.6299,3069.25,0,0,0,1,0.2177,1
AUC_1174,2881983897,26,4,335,0.1538,83.75,285549,318743,20000,180,21,264,9,0.0341,110.62,103.77,33.96,0.6452,34088.02,0,0,0,0,0.1781,0
AUC_1348,1901893541,7,2,38,0.2857,19.0,1970101,2356316,5000,90,3,7,3,0.4286,418.53,23.97,31.35,0.2533,14797.16,0,0,0,0,0.15,0
AUC_1190,2576613514,54,3,1459,0.0556,486.3333,1287761,1528515,1000,90,21,62,25,0.4032,65.96,10.32,0.53,0.8872,1532.8,1,1,1,1,0.9161,1
AUC_1331,1784877147,119,27,571,0.2269,21.1481,534323,590933,1000,180,6,87,10,0.1149,281.35,70.49,27.22,0.5807,2743.92,0,0,0,1,0.1355,0
AUC_1370,1241664783,31,3,243,0.0968,81.0,950913,1020337,2000,120,20,255,6,0.0235,679.49,33.07,64.47,0.2908,8332.17,0,0,0,0,0.2858,0
AUC_1214,2509748217,52,17,515,0.3269,30.2941,1926780,2006469,2000,60,16,75,11,0.1467,94.79,13.42,12.54,0.4011,4302.93,0,0,0,1,0.2215,0
AUC_1093,1767019644,5,0,35,0.0,35.0,1406520,1552927,5000,180,12,204,7,0.0343,653.15,68.86,101.06,0.5103,10954.49,0,0,0,0,0.1838,0
AUC_1389,2506643277,30,13,109,0.4333,8.3846,447716,504149,5000,60,13,196,2,0.0102,312.87,34.17,7.27,0.2881,12746.46,0,0,0,0,0.01,0
AUC_1292,2313790453,92,16,454,0.1739,28.375,489218,614285,10000,90,15,101,16,0.1584,265.21,31.9,22.28,0.4028,21653.39,0,0,0,0,0.2789,0
AUC_1288,2256558340,81,5,1916,0.0617,383.2,522630,636284,20000,60,8,102,18,0.1765,12.17,8.84,3.19,0.6524,22960.89,1,0,1,0,0.7821,1
AUC_1122,1019976372,12,0,105,0.0,105.0,1468709,1668423,1000,120,8,46,4,0.087,164.94,92.97,8.6,0.186,1798.33,0,0,1,1,0.1941,0
AUC_1178,1654225542,49,12,384,0.2449,32.0,1066067,1099677,1000,240,20,171,10,0.0585,185.88,227.93,41.76,0.3506,2584.2,0,0,0,0,0.1593,1
AUC_1184,2070283787,19,9,120,0.4737,13.3333,630085,651839,2000,60,13,189,9,0.0476,422.01,36.99,13.86,0.6053,2168.96,0,0,0,0,0.0722,0
AUC_1057,1782167894,71,1,1663,0.0141,1663.0,543628,655638,10000,90,3,45,10,0.2222,15.58,23.94,8.27,0.8078,20367.39,0,0,1,0,0.7158,1
AUC_1273,2063680069,37,1,457,0.027,457.0,1913329,2252696,5000,90,17,201,38,0.1891,64.04,22.13,5.9,0.886,6910.83,1,0,1,0,0.905,1
AUC_1272,1396977057,118,4,3289,0.0339,822.25,1807791,1983618,2000,180,12,102,24,0.2353,20.29,41.99,16.78,0.7095,2937.0,1,0,1,0,0.9033,1
AUC_1190,1645020943,75,23,1044,0.3067,45.3913,169464,185394,1000,180,8,66,13,0.197,206.32,108.11,50.87,0.4917,2642.5,0,0,0,0,0.1918,0
AUC_1317,1350077871,30,0,677,0.0,677.0,418935,482507,10000,30,7,57,29,0.5088,39.1,5.51,2.1,0.6089,14015.98,1,0,1,0,0.8953,1
AUC_1267,2318700740,88,5,1850,0.0568,370.0,1125007,1406846,10000,90,20,148,39,0.2635,29.13,3.8,9.19,0.7909,12969.64,1,1,1,0,0.9736,1
AUC_1104,1827761244,70,13,435,0.1857,33.4615,1557604,1951087,1000,60,7,27,7,0.2593,243.02,22.76,8.55,0.2636,3350.81,0,0,0,0,0.182,1
AUC_1268,1455226545,89,16,847,0.1798,52.9375,1436412,1640671,10000,120,7,111,11,0.0991,375.8,69.8,41.47,0.2895,16993.0,0,0,0,0,0.3088,1
AUC_1107,1990472487,7,0,24,0.0,24.0,233468,284218,10000,120,17,38,10,0.2632,92.32,50.15,13.91,0.1955,13101.02,0,0,1,0,0.3234,0
AUC_1196,2748040004,117,52,1489,0.4444,28.6346,754340,858944,10000,90,8,124,11,0.0887,66.28,18.67,19.58,0.236,22130.34,0,0,0,1,0.2236,0
AUC_1009,1789403251,121,4,1179,0.0331,294.75,126612,163815,10000,90,13,65,24,0.3692,24.4,12.81,3.76,0.6375,19464.63,1,0,1,0,0.9581,1
AUC_1071,2734965414,46,9,583,0.1957,64.7778,861068,1001340,5000,180,13,35,14,0.4,233.7,92.52,10.07,0.3404,14680.84,0,0,1,1,0.1355,0
AUC_1211,1879899144,21,0,507,0.0,507.0,927255,1146601,2000,60,22,205,23,0.1122,56.8,9.11,10.88,0.6711,3506.63,1,0,0,0,0.7727,1
AUC_1182,2819835426,97,5,2576,0.0515,515.2,1290909,1570768,2000,60,3,46,34,0.7391,71.5,11.23,3.17,0.6729,2446.44,0,0,1,0,0.8946,1
AUC_1082,1937242506,68,26,747,0.3824,28.7308,1003181,1115378,10000,180,13,123,6,0.0488,269.44,87.28,20.04,0.4188,28319.81,0,0,1,0,0.0763,0
AUC_1191,2910774201,73,9,503,0.1233,55.8889,1845065,2023368,1000,90,10,141,11,0.078,153.28,43.53,14.5,0.2618,1753.1,0,0,0,0,0.2833,1
AUC_1376,2335011934,45,14,404,0.3111,28.8571,1070167,1129868,10000,180,20,254,10,0.0394,413.54,106.7,30.57,0.6682,14151.38,0,0,0,0,0.14,0
AUC_1291,2425323097,30,0,295,0.0,295.0,791288,891654,2000,120,7,116,7,0.0603,328.05,69.21,35.27,0.3092,7760.05,0,0,0,1,0.325,0
AUC_1136,2525336577,24,7,188,0.2917,26.8571,876945,948012,1000,120,6,41,6,0.1463,385.97,32.8,19.64,0.3503,2741.25,0,0,0,1,0.0592,0
AUC_1106,2364311095,45,16,150,0.3556,9.375,259746,294236,2000,60,22,123,3,0.0244,340.75,47.37,6.19,0.4751,5369.27,0,0,1,0,0.1811,0
AUC_1362,1185610793,16,3,98,0.1875,32.6667,1918840,2376648,10000,240,14,164,6,0.0366,101.86,178.39,24.76,0.4356,14341.77,0,0,1,0,0.3066,0
AUC_1063,2684485633,20,6,84,0.3,14.0,1311857,1433174,2000,90,7,54,9,0.1667,961.96,67.76,28.96,0.4236,2932.82,0,0,0,1,0.1996,0
AUC_1144,2425316579,39,3,510,0.0769,170.0,1305604,1455847,5000,120,6,51,21,0.4118,54.56,20.78,7.32,0.8357,8946.88,1,0,1,0,0.9099,1
AUC_1345,2074729500,13,0,202,0.0,202.0,498285,587236,10000,30,14,228,20,0.0877,9.93,3.1,1.14,0.5733,10516.06,1,1,1,0,0.7609,1
AUC_1286,1530221917,23,6,207,0.2609,34.5,468451,508447,2000,90,21,306,11,0.0359,276.31,28.61,7.17,0.5747,2959.03,0,0,1,1,0.1533,0
AUC_1109,2324348211,84,35,811,0.4167,23.1714,1130857,1277218,5000,120,9,35,11,0.3143,332.9,50.32,31.88,0.5975,7298.4,0,0,0,0,0.1111,0
AUC_1077,1118947950,22,1,321,0.0455,321.0,738250,880439,1000,120,17,273,18,0.0659,14.68,27.4,5.82,0.7719,1783.11,1,0,1,0,0.8723,1
AUC_1299,2175708173,28,3,193,0.1071,64.3333,1479217,1585903,5000,180,17,150,1,0.0067,1018.74,32.23,94.26,0.4252,15118.19,0,0,0,1,0.1533,0
AUC_1093,1053933048,42,6,177,0.1429,29.5,645643,741911,1000,180,20,172,6,0.0349,628.53,90.41,114.48,0.2818,2789.97,0,0,0,0,0.01,0
AUC_1265,2743617390,127,0,2580,0.0,2580.0,477860,606856,20000,180,19,44,24,0.5455,112.89,48.42,28.96,0.955,28357.82,0,0,0,0,0.7827,1
AUC_1222,2727643991,72,10,800,0.1389,80.0,115537,136537,2000,180,7,77,17,0.2208,405.15,35.46,7.89,0.2777,2013.7,0,0,1,1,0.2523,0
AUC_1168,1450303093,97,5,1425,0.0515,285.0,1706449,1924694,2000,90,20,261,28,0.1073,25.37,15.05,7.36,0.7076,2536.56,1,0,1,1,0.7532,1
AUC_1153,2498955894,137,7,3087,0.0511,441.0,670821,891844,1000,180,4,47,24,0.5106,42.59,31.89,6.58,0.7834,1192.67,1,0,1,0,0.8543,1
AUC_1309,1040279828,51,1,788,0.0196,788.0,1473118,1917292,20000,120,8,78,38,0.4872,16.52,17.14,7.64,0.7134,24974.27,1,0,1,0,0.99,1
AUC_1078,2631858701,11,0,61,0.0,61.0,1243037,1378134,20000,120,20,318,5,0.0157,219.3,54.86,10.64,0.5853,44210.94,0,0,1,0,0.3477,0
AUC_1002,2660526439,47,3,1053,0.0638,351.0,829806,1010444,20000,120,15,31,26,0.8387,35.9,8.03,3.73,0.9382,33350.99,1,1,1,0,0.9299,1
AUC_1206,1047693202,114,53,820,0.4649,15.4717,1209821,1404916,2000,240,23,270,6,0.0222,334.59,34.83,90.79,0.4218,3018.61,0,0,0,1,0.0883,1
AUC_1006,2200336636,18,0,58,0.0,58.0,1226014,1291117,1000,60,24,140,6,0.0429,1193.7,2.04,17.49,0.5206,2286.19,0,1,0,0,0.2604,0
AUC_1254,1000648256,39,9,228,0.2308,25.3333,1128235,1313771,2000,180,4,35,8,0.2286,270.45,27.91,49.26,0.4893,5572.2,0,0,0,0,0.1774,0
AUC_1107,2217495538,62,3,1356,0.0484,452.0,1353356,1480615,5000,120,14,238,11,0.0462,37.26,3.3,0.14,0.7576,7476.87,0,1,1,0,0.6083,1
AUC_1399,2028011756,12,3,83,0.25,27.6667,466122,566451,20000,60,18,142,4,0.0282,857.81,3.34,23.71,0.1304,55603.67,0,1,0,0,0.1335,0
AUC_1158,1725510185,10,0,143,0.0,143.0,190733,245143,2000,180,3,35,20,0.5714,35.12,33.4,11.43,0.5783,2688.09,1,0,1,0,0.8338,0
AUC_1249,1144903609,2,1,5,0.5,5.0,144553,165749,2000,60,22,234,2,0.0085,193.81,39.6,31.96,0.1976,4520.1,0,0,0,0,0.01,0
AUC_1160,1594709067,76,0,667,0.0,667.0,1032200,1077872,1000,180,19,293,10,0.0341,254.81,131.59,21.44,0.2179,1629.77,0,0,1,1,0.2108,1
AUC_1000,2846910580,124,8,2061,0.0645,257.625,965379,1087076,10000,180,19,250,35,0.14,42.18,34.69,15.39,0.7668,13811.74,1,0,1,1,0.9009,1
AUC_1393,2437272537,80,2,1092,0.025,546.0,1346828,1780260,5000,90,7,77,43,0.5584,100.65,27.51,0.44,0.9286,7443.35,0,0,1,0,0.8406,1
AUC_1172,2315980486,60,2,1087,0.0333,543.5,302815,358019,1000,180,8,118,30,0.2542,48.54,1.15,31.18,0.8013,1226.31,1,1,0,0,0.8236,1
AUC_1031,2038385493,54,4,740,0.0741,185.0,1075292,1174866,10000,90,20,262,20,0.0763,36.68,4.06,2.37,0.6879,13118.22,1,1,1,0,0.8106,1
AUC_1057,1744632559,20,1,141,0.05,141.0,996675,1246543,10000,60,9,83,2,0.0241,435.6,49.23,9.35,0.3281,14388.69,0,0,0,0,0.4902,0
AUC_1029,1686252301,44,7,117,0.1591,16.7143,116467,143545,20000,180,20,293,9,0.0307,151.52,97.7,63.71,0.2404,66044.06,0,0,0,1,0.1335,0
AUC_1007,2159328981,40,8,490,0.2,61.25,288662,340890,5000,120,12,135,6,0.0444,344.61,17.15,10.02,0.2765,17173.2,0,0,1,0,0.2358,1
AUC_1327,2390165851,38,11,144,0.2895,13.0909,832453,970743,2000,60,23,374,6,0.016,371.62,39.24,6.58,0.4856,2125.35,0,0,1,0,0.2451,0
AUC_1147,2232650905,122,12,2336,0.0984,194.6667,541420,659830,10000,240,14,100,16,0.16,47.34,2.19,16.56,0.6991,11191.25,0,1,1,0,0.7757,1
AUC_1066,2333646567,103,1,2777,0.0097,2777.0,1308235,1496500,10000,180,6,57,39,0.6842,86.61,43.9,9.17,0.7561,14517.18,0,0,1,0,0.8856,0
AUC_1079,1825280642,77,0,718,0.0,718.0,1203717,1442994,1000,240,3,41,35,0.8537,46.71,17.28,7.3,0.8786,1275.68,1,1,1,0,0.99,1
AUC_1090,2390734369,31,1,1026,0.0323,1026.0,277681,355405,10000,120,14,57,35,0.614,19.86,32.09,10.19,0.8963,11079.75,1,0,1,1,0.99,1
AUC_1227,2689594877,153,4,4370,0.0261,1092.5,1770217,2385152,20000,240,12,58,30,0.5172,44.37,39.53,16.38,0.8552,24254.01,1,0,1,0,0.9538,1
AUC_1132,1773905607,51,3,669,0.0588,223.0,1927704,2408454,10000,120,5,62,31,0.5,21.97,5.97,0.46,0.9447,18572.41,1,1,1,0,0.99,1
AUC_1069,1631371006,139,11,2428,0.0791,220.7273,100445,116642,10000,120,22,233,21,0.0901,51.02,18.15,10.22,0.877,17475.59,1,0,1,1,0.8966,1
AUC_1216,2017428169,5,0,29,0.0,29.0,898048,1107251,2000,120,20,66,9,0.1364,1010.45,84.55,57.53,0.2618,2694.06,0,0,0,0,0.1743,0
AUC_1067,2262897619,19,7,225,0.3684,32.1429,1838959,2159958,2000,90,13,227,16,0.0705,327.09,56.57,28.34,0.2507,4108.86,0,0,0,1,0.1689,0
AUC_1053,1024338686,29,11,265,0.3793,24.0909,190650,225218,2000,180,17,203,16,0.0788,192.54,33.25,51.03,0.4926,3021.32,0,0,0,1,0.1787,1
AUC_1399,1426274459,19,0,373,0.0,373.0,549338,644138,5000,90,5,41,29,0.7073,11.11,24.71,4.13,0.7174,9505.92,1,0,1,0,0.99,1
AUC_1096,2510032597,65,26,194,0.4,7.4615,1667463,1929411,5000,60,9,70,3,0.0429,431.14,34.77,6.78,0.6383,9040.78,0,0,1,0,0.0662,0
AUC_1384,1719129372,40,9,113,0.225,12.5556,1958828,2085480,5000,240,8,140,4,0.0286,765.24,172.52,114.88,0.234,15212.32,0,0,0,0,0.0247,0
AUC_1104,1319078894,89,1,1617,0.0112,1617.0,668837,886819,1000,180,23,65,31,0.4769,26.95,46.51,17.87,0.8426,1175.17,1,0,1,0,0.9485,1
AUC_1190,1312089273,74,16,551,0.2162,34.4375,1627939,1939272,5000,30,9,46,8,0.1739,66.09,5.75,3.57,0.4346,10825.16,0,0,1,0,0.3564,1
AUC_1061,1812596178,57,1,1052,0.0175,1052.0,1462197,1746067,2000,120,19,324,20,0.0617,34.13,10.55,6.38,0.9316,3097.24,1,1,1,0,0.8994,1
AUC_1346,1479840504,12,2,115,0.1667,57.5,1524801,1900000,20000,240,3,24,3,0.125,542.99,188.04,90.29,0.1468,27440.11,0,0,0,1,0.0783,0
AUC_1391,1836492791,41,6,185,0.1463,30.8333,395003,431557,10000,90,5,48,9,0.1875,426.18,32.08,4.15,0.1962,28910.66,0,0,1,0,0.2034,0
AUC_1060,1298959102,123,3,1555,0.0244,518.3333,1222220,1443704,2000,120,22,156,16,0.1026,10.94,18.9,5.83,0.893,2646.48,0,0,1,0,0.7479,1
AUC_1390,1923827751,88,2,1469,0.0227,734.5,1033326,1202481,10000,180,16,198,10,0.0505,33.02,0.86,5.11,0.9039,13101.18,0,1,1,0,0.7072,1
AUC_1252,1282857871,36,3,444,0.0833,148.0,1535636,1782450,10000,240,18,54,20,0.3704,65.74,0.22,18.66,0.7618,16447.12,1,1,1,0,0.8759,1
AUC_1236,2375585499,75,4,1188,0.0533,297.0,868727,898330,20000,180,14,211,30,0.1422,61.58,27.21,21.39,0.7818,23316.56,1,0,1,0,0.9182,1
AUC_1065,2498101947,26,2,556,0.0769,278.0,331420,351743,5000,60,14,238,16,0.0672,25.03,0.57,3.2,0.8269,5856.88,0,1,1,0,0.7663,1
AUC_1115,2654207653,37,0,112,0.0,112.0,1673377,1731900,20000,120,23,386,2,0.0052,544.97,63.23,62.58,0.4204,63965.04,0,0,0,0,0.2613,1
AUC_1224,2138617074,37,15,505,0.4054,33.6667,1991692,2263800,20000,180,15,46,16,0.3478,269.45,54.94,24.48,0.3396,47407.58,0,0,0,0,0.2379,1
AUC_1235,2787833468,9,0,26,0.0,26.0,1757115,1928031,1000,90,14,65,5,0.0769,749.73,73.69,35.08,0.2498,3489.14,0,0,0,0,0.1286,0
AUC_1065,2747990651,31,5,128,0.1613,25.6,588685,668665,10000,90,6,106,2,0.0189,441.87,62.05,12.35,0.5422,25110.52,0,0,0,1,0.2288,0
AUC_1335,2839087132,125,8,2729,0.064,341.125,1837718,2641111,1000,120,10,44,34,0.7727,79.23,4.64,11.3,0.8766,1925.42,0,1,1,0,0.9846,1
AUC_1185,1166345619,114,2,2994,0.0175,1497.0,1668913,2056467,1000,30,15,186,19,0.1022,83.65,1.06,1.87,0.9587,1408.43,0,1,1,0,0.7514,1
AUC_1259,2690207261,39,15,348,0.3846,23.2,267998,306509,5000,120,23,82,6,0.0732,370.49,64.09,16.37,0.4284,6236.51,0,0,0,1,0.01,0
AUC_1227,1736237783,1,1,5,1.0,5.0,837117,1077220,2000,240,7,16,8,0.5,670.06,172.83,78.4,0.1426,8826.82,0,0,0,0,0.1268,0
AUC_1172,1579083492,109,0,2450,0.0,2450.0,1988997,2479062,2000,180,14,111,19,0.1712,50.79,22.86,18.02,0.8315,3834.0,1,0,1,0,0.7341,0
AUC_1259,2371993019,6,1,57,0.1667,57.0,1098033,1339012,5000,120,3,46,9,0.1957,388.17,15.61,78.81,0.1959,6175.53,0,0,0,1,0.1643,0
AUC_1247,2246727982,10,3,80,0.3,26.6667,1397789,1718868,2000,90,20,298,6,0.0201,256.52,74.28,8.98,0.187,3403.35,0,0,1,0,0.0128,0
AUC_1225,2728822480,64,19,274,0.2969,14.4211,147228,171106,2000,180,6,86,9,0.1047,144.16,71.52,51.91,0.2457,3896.74,0,0,0,1,0.1449,0
AUC_1345,1312776309,35,15,90,0.4286,6.0,54092,66966,1000,240,9,49,4,0.0816,195.36,98.86,20.24,0.3696,2249.87,0,0,1,1,0.0866,0
AUC_1081,2087873870,67,0,1159,0.0,1159.0,869069,1100257,1000,180,7,24,20,0.8333,31.08,15.05,15.79,0.7969,1472.4,1,1,1,0,0.99,1
AUC_1327,2694311375,103,35,845,0.3398,24.1429,1536817,1667416,1000,240,19,239,12,0.0502,146.95,44.49,91.25,0.2994,2102.27,0,0,0,0,0.1501,0
AUC_1365,1481467482,99,38,1334,0.3838,35.1053,1124074,1218886,20000,180,10,113,13,0.115,171.6,35.13,30.77,0.4091,64870.24,0,0,0,1,0.01,0
AUC_1110,1731520638,44,2,826,0.0455,413.0,55689,62534,20000,90,12,191,33,0.1728,64.29,18.72,1.76,0.8154,23258.44,1,0,1,0,0.9039,1
AUC_1355,1987587659,88,20,230,0.2273,11.5,1992172,2432831,2000,90,13,46,8,0.1739,309.03,66.64,12.74,0.4304,2128.56,0,0,0,1,0.1103,0
AUC_1391,1684678715,55,12,330,0.2182,27.5,1607629,1774432,1000,90,15,126,7,0.0556,454.08,31.92,23.25,0.5099,2329.06,0,0,0,1,0.0406,0
AUC_1087,2811698982,70,2,1673,0.0286,836.5,197053,248120,10000,90,10,179,30,0.1676,52.46,13.91,8.3,0.9679,17019.2,1,0,1,0,0.9262,1
AUC_1210,1705128856,35,17,464,0.4857,27.2941,1360162,1605716,10000,120,8,126,10,0.0794,440.21,60.26,21.28,0.5537,19696.41,0,0,0,1,0.0651,0
AUC_1235,2310026468,40,7,355,0.175,50.7143,1036868,1111364,5000,120,6,84,7,0.0833,124.31,14.74,53.25,0.1848,16440.87,0,0,0,0,0.0802,0
AUC_1237,1565914614,55,1,697,0.0182,697.0,460648,581359,1000,180,16,204,29,0.1422,33.46,19.76,2.77,0.6149,2180.32,1,1,1,0,0.8739,1
AUC_1254,1522819465,3,0,10,0.0,10.0,150460,176151,20000,240,3,10,3,0.3,259.08,53.4,126.98,0.4615,79973.75,0,0,0,0,0.1726,0
AUC_1286,2971127741,17,1,391,0.0588,391.0,1667091,1861267,2000,30,22,384,27,0.0703,11.71,2.69,1.46,0.7489,2059.36,1,1,1,1,0.8928,1
AUC_1348,2253078200,76,1,832,0.0132,832.0,1707092,1912384,1000,60,15,143,19,0.1329,97.09,6.45,2.17,0.8966,1716.7,0,1,1,0,0.6888,0
AUC_1171,1957131218,84,3,983,0.0357,327.6667,777945,1066504,10000,180,7,27,23,0.8519,6.78,18.39,7.22,0.8365,13548.63,1,1,1,0,0.99,1
AUC_1009,2906819081,31,10,136,0.3226,13.6,337047,362037,10000,120,15,63,7,0.1111,471.58,100.66,44.48,0.533,44566.99,0,0,0,1,0.015,0
AUC_1120,2400859954,27,0,488,0.0,488.0,76726,93968,10000,90,10,148,26,0.1757,42.65,19.07,0.46,0.733,15910.81,1,0,1,0,0.8387,1
AUC_1260,2554963086,73,2,1447,0.0274,723.5,897450,1091507,5000,90,14,184,13,0.0707,7.83,19.02,0.96,0.6792,8330.11,0,0,1,0,0.7888,0
AUC_1117,2534607268,39,13,338,0.3333,26.0,1258452,1295429,20000,120,19,241,6,0.0249,257.55,49.84,76.68,0.1668,87813.72,0,0,0,0,0.01,0
AUC_1080,1561012273,62,10,685,0.1613,68.5,1553467,1686752,5000,60,20,348,8,0.023,169.83,16.65,2.68,0.3276,8719.03,0,0,1,1,0.3064,0
AUC_1381,2672498758,13,5,62,0.3846,12.4,1044193,1234982,2000,90,23,51,9,0.1765,251.66,53.25,13.05,0.507,4452.78,0,0,0,1,0.0419,0
AUC_1130,1669262577,23,6,49,0.2609,8.1667,558288,575886,20000,60,4,43,3,0.0698,428.41,36.76,5.21,0.3702,31877.56,0,0,1,0,0.0478,0
AUC_1004,2880230814,18,4,71,0.2222,17.75,878014,1106957,20000,30,21,201,16,0.0796,358.84,18.6,1.97,0.2143,63682.95,0,0,1,1,0.2083,0
AUC_1070,1587120713,42,12,248,0.2857,20.6667,815694,1010175,2000,240,20,218,8,0.0367,245.62,25.52,47.06,0.1813,5680.08,0,1,0,0,0.135,0
AUC_1005,1454163605,99,24,816,0.2424,34.0,1411538,1618843,10000,180,21,240,17,0.0708,93.73,110.77,8.53,0.4658,22328.91,0,0,1,1,0.2836,0
AUC_1171,1312959223,65,22,609,0.3385,27.6818,1568280,1977120,1000,120,8,94,13,0.1383,236.62,42.22,13.95,0.4087,1358.51,0,0,1,0,0.1037,0
AUC_1369,2659216994,61,2,136,0.0328,68.0,214934,230025,2000,120,15,40,5,0.125,421.44,64.58,10.85,0.4704,4441.92,0,0,1,0,0.3995,1
AUC_1163,2023978789,75,28,946,0.3733,33.7857,1580848,1658914,2000,120,18,108,15,0.1389,284.91,59.71,28.12,0.4952,4976.93,0,0,0,0,0.1614,0
AUC_1243,1297069301,36,2,94,0.0556,47.0,299561,312968,2000,30,18,130,9,0.0692,862.84,0.32,11.9,0.3261,4884.08,0,1,0,0,0.2672,1
AUC_1332,1592649351,123,6,2774,0.0488,462.3333,1374913,1664169,1000,60,10,33,17,0.5152,9.29,3.04,3.14,0.9425,1990.28,0,1,1,0,0.9881,1
AUC_1069,1614406336,43,1,1142,0.0233,1142.0,1334749,1711476,5000,180,19,110,16,0.1455,12.37,6.55,21.59,0.8473,9002.15,0,1,1,0,0.8019,1
AUC_1036,2288722992,112,9,3159,0.0804,351.0,1665755,2300381,1000,60,8,51,30,0.5882,31.68,5.21,2.58,0.8149,1208.38,1,1,1,0,0.99,1
AUC_1317,1814627492,91,1,941,0.011,941.0,575802,666341,2000,60,21,184,12,0.0652,8.51,15.26,3.66,0.9178,4245.5,0,0,1,0,0.7855,1
AUC_1302,1217675994,27,7,165,0.2593,23.5714,1103088,1286091,5000,120,4,45,9,0.2,153.72,56.7,63.6,0.3611,17160.09,0,0,0,0,0.1619,0
AUC_1225,2530884756,55,25,187,0.4545,7.48,207170,221850,10000,60,9,63,4,0.0635,273.61,23.37,2.71,0.5471,28908.43,0,0,1,0,0.0869,0
AUC_1155,1776126785,40,3,783,0.075,261.0,1744731,1984254,5000,240,7,103,16,0.1553,23.96,35.34,21.36,0.8311,9968.18,0,0,1,0,0.7121,1
AUC_1133,2733287475,86,37,558,0.4302,15.0811,259128,315819,5000,30,11,37,15,0.4054,114.73,0.42,2.52,0.3728,5916.46,0,1,1,0,0.3319,0
AUC_1217,2876789829,78,20,585,0.2564,29.25,379943,442601,1000,90,17,160,7,0.0437,299.38,49.5,5.15,0.526,1341.34,0,0,1,0,0.1942,0
AUC_1079,1803114140,73,28,731,0.3836,26.1071,1078109,1259452,10000,240,17,275,8,0.0291,496.89,44.59,57.23,0.5926,17229.65,0,0,0,1,0.0482,0
AUC_1126,1630463671,43,3,112,0.0698,37.3333,156159,187848,10000,120,5,32,4,0.125,1143.05,14.53,39.8,0.349,38859.83,0,0,0,0,0.1697,0
AUC_1151,2060728453,105,25,898,0.2381,35.92,1749850,2170370,20000,180,20,128,16,0.125,104.3,94.76,70.95,0.4965,61261.22,0,0,0,1,0.1746,0
AUC_1385,1888066880,16,0,325,0.0,325.0,508347,624704,10000,120,4,51,37,0.7255,66.54,4.35,9.8,0.9493,16827.53,1,1,1,0,0.99,1
AUC_1358,1667727364,107,4,2982,0.0374,745.5,1323315,1551043,5000,90,15,96,22,0.2292,59.22,7.68,0.24,0.9404,7145.23,1,1,1,0,0.8406,0
AUC_1329,2345058217,1,1,5,1.0,5.0,1370664,1558974,10000,240,6,87,5,0.0575,1010.9,170.02,57.0,0.4458,30700.27,0,0,0,1,0.01,0
AUC_1224,2289846291,26,1,232,0.0385,232.0,521232,551044,10000,120,7,65,4,0.0615,1026.25,69.98,48.74,0.1092,22150.59,0,0,0,1,0.1373,0
AUC_1213,1970916047,73,13,985,0.1781,75.7692,870072,1049699,10000,240,7,35,6,0.1714,321.02,121.97,25.37,0.5985,24796.75,0,0,1,1,0.3391,1
AUC_1277,2083070140,47,20,534,0.4255,26.7,642413,788975,2000,60,24,169,16,0.0947,475.61,13.54,1.91,0.3631,6086.12,0,0,1,0,0.1338,0
AUC_1367,2434227021,97,47,1215,0.4845,25.8511,1129911,1343361,2000,120,8,106,13,0.1226,344.83,1.26,35.77,0.3033,6006.88,0,1,0,1,0.1585,0
AUC_1172,1516493318,23,2,161,0.087,80.5,351842,392926,20000,120,6,16,5,0.3125,620.91,57.73,32.68,0.2459,73347.38,0,0,0,0,0.1802,1
AUC_1127,2556736758,16,4,119,0.25,29.75,1716451,2204348,1000,120,8,21,16,0.7619,154.04,41.28,20.6,0.2563,1057.98,0,0,0,1,0.2077,1
AUC_1380,2170275618,19,6,152,0.3158,25.3333,1851517,2230841,5000,60,21,262,6,0.0229,186.73,51.22,8.76,0.5157,10060.24,0,0,0,0,0.0458,0
AUC_1383,2630332769,3,0,26,0.0,26.0,1303703,1567419,2000,90,22,122,5,0.041,589.26,62.95,34.58,0.3011,5601.76,0,0,0,1,0.1474,0
AUC_1257,1069827055,101,6,1754,0.0594,292.3333,1604668,1877855,10000,90,5,56,25,0.4464,51.02,0.07,9.99,0.7904,11000.66,1,1,1,0,0.99,1
AUC_1268,2872515432,114,5,2705,0.0439,541.0,1544968,1852141,1000,60,8,44,36,0.8182,61.86,13.92,5.18,0.9367,1069.54,1,0,1,0,0.99,1
AUC_1116,2293479727,129,7,3075,0.0543,439.2857,640730,805401,20000,60,6,67,35,0.5224,37.66,5.03,5.54,0.9694,27108.12,1,1,1,0,0.99,1
AUC_1386,2273631670,19,1,51,0.0526,51.0,1793095,2202007,2000,120,16,92,3,0.0326,577.27,73.13,36.14,0.3611,7229.14,0,0,0,0,0.095,0
AUC_1311,1379380505,133,12,3298,0.0902,274.8333,1600604,2062827,10000,180,10,50,38,0.76,49.65,22.92,19.7,0.6926,16950.35,1,0,1,0,0.974,1
AUC_1017,2578279745,73,5,854,0.0685,170.8,596329,739544,1000,30,3,39,16,0.4103,39.89,9.0,1.56,0.7772,2112.17,0,0,1,0,0.9032,1
AUC_1052,1698961393,29,6,235,0.2069,39.1667,793525,827649,2000,240,18,296,6,0.0203,550.6,138.74,74.04,0.4222,8226.28,0,0,0,0,0.1762,0
AUC_1208,2615344317,40,12,221,0.3,18.4167,408888,509839,20000,180,19,159,10,0.0629,272.48,125.33,3.45,0.2406,59304.35,0,0,1,1,0.1507,0
AUC_1301,1698658154,111,23,641,0.2072,27.8696,1633742,1977159,5000,240,8,67,17,0.2537,486.97,71.18,87.76,0.3733,14852.21,0,0,0,0,0.1252,0
AUC_1104,1900656759,85,6,852,0.0706,142.0,1484361,1707639,2000,240,14,71,16,0.2254,26.96,48.57,14.15,0.9581,3794.52,0,0,1,1,0.7566,0
AUC_1260,1535034541,27,5,206,0.1852,41.2,226878,273201,10000,60,13,126,7,0.0556,911.15,34.54,23.68,0.4278,26135.05,0,0,0,0,0.2355,0
AUC_1212,2720318386,52,20,118,0.3846,5.9,1471569,1808975,20000,60,3,49,4,0.0816,268.66,27.7,0.32,0.5445,40196.92,0,0,1,0,0.1308,1
AUC_1209,1921401557,21,3,160,0.1429,53.3333,1242879,1355748,5000,90,14,153,3,0.0196,431.23,58.03,7.65,0.2194,10041.53,0,0,1,1,0.1446,0
AUC_1183,2464357902,44,0,516,0.0,516.0,1108808,1457145,2000,60,3,33,28,0.8485,18.41,16.27,2.97,0.8459,3559.8,1,0,1,0,0.99,1
AUC_1274,1564940308,11,5,32,0.4545,6.4,221508,265898,20000,90,7,43,11,0.2558,304.05,37.03,4.14,0.3663,35856.75,0,0,1,1,0.23,0
AUC_1164,2463827270,11,3,63,0.2727,21.0,1930384,2002521,5000,120,14,88,3,0.0341,880.47,50.89,81.22,0.3651,16922.73,0,0,0,1,0.1346,1
AUC_1337,1260442047,67,25,677,0.3731,27.08,1262768,1566418,10000,180,24,428,8,0.0187,419.33,30.22,46.38,0.4123,32320.94,0,0,0,1,0.1243,1
AUC_1253,1961255981,13,0,211,0.0,211.0,1095925,1399351,1000,60,3,41,15,0.3659,11.43,9.42,4.69,0.7154,1441.25,0,0,1,0,0.771,1
AUC_1035,1258344411,135,2,1988,0.0148,994.0,917453,1074450,10000,90,19,139,41,0.295,30.58,15.55,7.67,0.8314,15820.96,1,0,1,0,0.9507,1
AUC_1223,2258587898,40,11,136,0.275,12.3636,136646,170546,5000,180,16,53,1,0.0189,1076.06,45.49,108.16,0.2499,19397.69,0,0,0,0,0.01,0
AUC_1247,2697874340,12,2,52,0.1667,26.0,1713640,2101751,10000,90,15,51,8,0.1569,723.48,0.82,52.54,0.1468,26532.57,0,1,0,1,0.0497,0
AUC_1124,1212393963,50,14,575,0.28,41.0714,1356416,1690673,5000,30,3,47,10,0.2128,196.14,10.97,8.58,0.3196,13491.05,0,0,0,1,0.1892,0
AUC_1353,1373770597,84,38,786,0.4524,20.6842,779352,889154,2000,30,15,263,11,0.0418,303.39,12.28,7.17,0.262,5476.9,0,0,0,0,0.0282,0
AUC_1175,1868682651,89,7,536,0.0787,76.5714,1626436,1977974,1000,240,4,40,24,0.6,33.79,51.78,18.71,0.7903,1863.49,1,0,1,0,0.8934,1
AUC_1039,1600961898,58,20,181,0.3448,9.05,582024,634236,1000,120,4,58,7,0.1207,447.32,79.14,21.48,0.4035,2069.91,0,0,0,0,0.0407,0
AUC_1299,2383158608,54,26,479,0.4815,18.4231,796538,1035587,20000,180,20,60,12,0.2,373.22,19.32,44.68,0.3791,45412.05,0,1,0,0,0.0991,0
AUC_1182,2329812714,72,0,1601,0.0,1601.0,1250615,1414279,10000,180,18,87,30,0.3448,85.01,29.44,16.28,0.687,14940.26,0,0,1,0,0.8443,0
AUC_1221,2825554104,75,12,545,0.16,45.4167,1246114,1521180,1000,60,23,411,4,0.0097,100.8,35.58,4.63,0.5449,1475.86,0,0,1,1,0.1968,0
AUC_1011,1482428896,125,4,3708,0.032,927.0,89128,110730,2000,90,19,61,31,0.5082,26.4,16.02,5.61,0.9764,2674.91,1,0,1,0,0.99,1
AUC_1162,2227328074,51,21,336,0.4118,16.0,698969,857586,2000,120,10,116,8,0.069,101.97,64.77,1.24,0.3256,2276.05,0,0,1,1,0.1076,0
AUC_1051,1998689534,35,2,229,0.0571,114.5,295410,312342,1000,120,20,249,4,0.0161,801.98,21.79,57.28,0.3222,2468.63,0,0,0,1,0.2319,0
AUC_1332,1678410479,21,2,120,0.0952,60.0,1293427,1512819,1000,90,6,72,11,0.1528,204.28,38.58,28.08,0.486,2777.65,0,0,0,0,0.1936,0
AUC_1297,1689817661,39,9,136,0.2308,15.1111,600745,641075,20000,90,8,129,9,0.0698,372.95,72.48,28.33,0.2905,70297.64,0,0,0,0,0.1759,0
AUC_1027,1103876714,38,6,185,0.1579,30.8333,1395467,1728671,1000,60,17,166,8,0.0482,239.87,35.8,35.16,0.1301,4111.98,0,0,0,0,0.034,0
AUC_1047,2450012827,25,5,321,0.2,64.2,1555822,1693023,5000,180,7,42,9,0.2143,340.41,33.65,26.48,0.4513,15925.95,0,0,0,0,0.1639,0
AUC_1175,2539943117,17,4,88,0.2353,22.0,1939691,2230538,10000,30,15,149,7,0.047,389.78,15.11,2.34,0.4607,10259.44,0,0,1,1,0.1101,0
AUC_1289,1273467062,15,2,130,0.1333,65.0,1888171,2144361,1000,180,23,201,2,0.01,219.71,111.28,24.01,0.4222,1627.11,0,0,0,0,0.2753,0
AUC_1341,1396681782,10,4,72,0.4,18.0,1818944,2108884,20000,120,23,339,3,0.0088,83.56,72.44,19.32,0.6062,59028.24,0,0,0,1,0.1609,0
AUC_1342,1496851859,28,3,198,0.1071,66.0,1076622,1285701,10000,90,3,15,2,0.1333,289.57,4.62,44.54,0.1263,19787.56,0,1,0,0,0.2732,1
AUC_1263,1532235157,136,1,2472,0.0074,2472.0,623652,765590,5000,120,22,317,36,0.1136,62.03,20.87,11.16,0.7167,5572.17,1,0,1,0,0.9642,1
AUC_1027,2568831404,7,2,66,0.2857,33.0,1065646,1203599,2000,90,15,153,9,0.0588,831.4,62.04,50.56,0.4642,7282.15,0,0,0,0,0.239,0
AUC_1141,1462204624,20,0,104,0.0,104.0,915639,1102728,10000,60,17,302,6,0.0199,175.16,7.61,37.02,0.5236,34338.13,0,0,0,1,0.2922,0
AUC_1103,1215898942,47,2,655,0.0426,327.5,843018,990468,5000,60,11,172,34,0.1977,62.62,6.35,2.29,0.669,5274.61,1,1,1,0,0.9471,1
AUC_1372,2631141113,8,2,68,0.25,34.0,1396639,1649349,1000,60,7,67,6,0.0896,243.66,12.6,34.82,0.207,2128.5,0,0,0,1,0.0618,0
AUC_1071,1112274738,43,1,449,0.0233,449.0,97930,120086,2000,90,8,39,23,0.5897,25.5,8.05,0.96,0.6659,3129.82,1,1,1,0,0.99,1
AUC_1282,1339763791,30,2,251,0.0667,125.5,1440929,1522423,2000,120,11,79,6,0.0759,354.26,36.3,24.78,0.3234,4918.52,0,0,0,0,0.2993,0
AUC_1300,1287599776,57,19,250,0.3333,13.1579,1295238,1449528,5000,90,21,65,14,0.2154,289.86,8.51,9.77,0.5274,17213.03,0,1,1,1,0.3058,0
AUC_1201,2126514020,71,13,290,0.1831,22.3077,1254819,1574244,20000,180,18,67,8,0.1194,248.83,92.35,16.35,0.1999,56354.5,0,0,1,1,0.01,0
AUC_1120,1609928054,47,1,1032,0.0213,1032.0,1340742,1550613,2000,120,19,246,38,0.1545,79.84,29.23,12.25,0.6256,2686.71,0,0,1,0,0.7853,1
AUC_1092,1910319644,37,14,496,0.3784,35.4286,402404,475870,10000,180,20,131,7,0.0534,99.99,35.71,35.55,0.4025,33597.53,0,0,0,0,0.1479,1
AUC_1154,1596726465,48,24,609,0.5,25.375,1231177,1553483,20000,120,5,20,6,0.3,102.18,17.39,35.03,0.3323,58262.05,0,0,0,0,0.0811,0
AUC_1077,1368173329,24,0,684,0.0,684.0,1886552,2389766,20000,120,3,26,23,0.8846,70.19,12.36,11.74,0.9236,27031.35,0,1,1,0,0.9036,1
AUC_1222,1847002148,38,6,361,0.1579,60.1667,1543090,1905506,1000,180,7,58,7,0.1207,1045.53,8.71,42.53,0.1867,1433.24,0,1,0,0,0.1907,0
AUC_1177,1791679253,25,7,203,0.28,29.0,1174465,1312874,2000,120,10,87,3,0.0345,533.7,14.09,55.42,0.5248,6793.04,0,1,0,0,0.1303,0
AUC_1082,1720368969,15,0,77,0.0,77.0,1378863,1586632,1000,30,16,217,1,0.0046,151.04,5.64,14.51,0.4757,1761.42,0,0,0,0,0.2477,0
AUC_1316,2925791090,83,30,456,0.3614,15.2,535283,666942,5000,240,12,192,12,0.0625,298.41,28.43,55.79,0.3762,10113.96,0,1,0,0,0.2243,1
AUC_1106,2275057926,66,4,845,0.0606,211.25,1990833,2250356,20000,120,19,317,14,0.0442,20.2,34.53,1.14,0.8665,24588.6,0,0,1,0,0.8037,1
AUC_1277,2303476182,47,18,148,0.383,8.2222,828569,957186,10000,90,20,232,4,0.0172,311.5,46.76,1.34,0.1934,17433.28,0,0,1,0,0.1124,0
AUC_1003,2352856581,85,14,414,0.1647,29.5714,1870756,2156919,5000,240,10,32,13,0.4062,283.58,75.83,81.8,0.2671,10647.33,0,0,0,1,0.356,0
AUC_1354,2705103560,120,5,3238,0.0417,647.6,252844,309142,1000,90,15,124,25,0.2016,21.96,8.72,1.13,0.8279,1960.53,1,1,1,0,0.9746,1
AUC_1324,2127136822,44,2,981,0.0455,490.5,1647315,2056486,1000,90,16,262,22,0.084,31.85,13.49,1.5,0.8974,1223.44,1,0,1,0,0.7539,1
AUC_1310,1247889417,26,13,264,0.5,20.3077,1922955,2332600,10000,180,23,385,15,0.039,404.84,61.37,28.0,0.3695,19175.1,0,0,0,0,0.0466,0
AUC_1213,2572187944,102,8,1458,0.0784,182.25,1179062,1455046,5000,120,4,42,36,0.8571,65.79,2.55,1.14,0.6801,6198.61,1,1,1,0,0.99,1
AUC_1183,2471391425,98,34,367,0.3469,10.7941,143329,176601,5000,240,13,131,6,0.0458,265.43,49.33,57.87,0.4736,15939.93,0,0,0,1,0.1199,0
AUC_1094,1982802911,21,2,95,0.0952,47.5,1530509,1875113,5000,60,7,90,9,0.1,890.41,43.95,15.8,0.2291,13281.1,0,0,0,0,0.1129,1
AUC_1251,1823060284,68,0,1467,0.0,1467.0,546847,620790,2000,240,13,208,28,0.1346,23.96,12.81,20.28,0.8216,3805.98,1,1,1,0,0.8511,1
AUC_1275,2035962991,34,4,208,0.1176,52.0,1640717,1751868,10000,180,12,191,6,0.0314,258.2,39.75,54.69,0.5342,37755.75,0,0,0,0,0.2339,0
AUC_1135,2607917475,75,6,667,0.08,111.1667,976714,1192622,5000,240,9,144,39,0.2708,85.52,20.02,21.51,0.9635,5489.13,0,1,1,0,0.8176,1
AUC_1184,2795355168,127,2,1592,0.0157,796.0,526019,706185,5000,180,10,56,35,0.625,69.19,24.96,16.44,0.9609,7262.65,1,0,1,0,0.99,1
AUC_1164,1779119632,26,8,68,0.3077,8.5,807318,984298,10000,180,21,257,2,0.0078,390.66,81.72,30.09,0.1837,15759.63,0,0,0,0,0.0413,0
AUC_1082,1409376583,52,9,300,0.1731,33.3333,1996941,2460036,5000,240,3,38,15,0.3947,290.74,149.5,91.73,0.6347,7756.33,0,0,0,0,0.3127,0
AUC_1250,1346706981,119,25,553,0.2101,22.12,342099,392088,10000,60,18,122,8,0.0656,450.24,18.62,22.24,0.3713,23566.13,0,0,0,1,0.0707,1
AUC_1388,1030741440,24,0,83,0.0,83.0,659105,798326,2000,120,12,66,5,0.0758,713.38,86.45,78.79,0.5053,6368.12,0,0,0,0,0.2139,0
AUC_1344,1620590578,88,7,650,0.0795,92.8571,1514950,1898902,5000,30,7,90,10,0.1111,241.29,17.99,2.84,0.6301,5707.19,0,0,1,0,0.4002,1
AUC_1187,2193750453,39,8,141,0.2051,17.625,1089899,1167586,20000,60,24,154,6,0.039,856.1,50.87,35.68,0.3855,54963.54,0,0,0,0,0.1676,0
AUC_1325,2668115865,16,3,159,0.1875,53.0,416801,460082,1000,180,14,67,6,0.0896,1117.99,33.09,38.41,0.1333,2333.24,0,0,0,0,0.2025,0
AUC_1234,2121348676,48,6,384,0.125,64.0,389164,463329,10000,180,10,43,4,0.093,372.15,100.89,7.08,0.3352,13853.56,0,0,1,0,0.1098,0
AUC_1016,2438028645,58,2,596,0.0345,298.0,1197513,1298457,1000,120,7,88,26,0.2955,34.65,10.43,5.69,0.9084,1210.44,1,1,1,0,0.99,1
AUC_1253,1394588791,116,24,1321,0.2069,55.0417,575488,704305,20000,120,12,25,12,0.48,242.33,40.2,22.98,0.4058,30717.76,0,0,0,0,0.2347,0
AUC_1325,1375475009,57,15,438,0.2632,29.2,465464,553609,5000,240,10,151,13,0.0861,123.07,46.03,91.37,0.4105,10005.25,0,0,0,1,0.2182,1
AUC_1393,2349303516,112,29,376,0.2589,12.9655,294409,349746,2000,120,13,223,17,0.0762,114.09,57.78,10.98,0.4611,4663.23,0,0,1,0,0.1913,0
AUC_1117,2543489547,15,0,140,0.0,140.0,1467207,1745814,20000,180,18,269,9,0.0335,158.93,81.29,113.59,0.3031,48835.63,0,0,0,0,0.1598,0
AUC_1147,2607871771,29,1,415,0.0345,415.0,217942,288478,5000,240,3,46,22,0.4783,12.06,28.34,28.1,0.6274,9083.39,1,1,1,0,0.99,1
AUC_1381,1683348138,97,18,1015,0.1856,56.3889,134118,145856,2000,120,8,67,6,0.0896,284.69,34.7,6.58,0.4982,6059.98,0,0,1,0,0.3365,1
AUC_1165,2371426807,79,4,688,0.0506,172.0,1802554,2625324,10000,90,12,29,22,0.7586,15.86,0.49,3.15,0.9543,17478.0,1,1,1,0,0.99,1
AUC_1316,1156723525,34,10,218,0.2941,21.8,447380,476436,20000,180,18,135,4,0.0296,383.36,135.49,56.27,0.2315,65686.83,0,0,0,0,0.1068,0
AUC_1299,1658155525,128,7,2412,0.0547,344.5714,1842796,2400880,20000,240,14,123,27,0.2195,74.86,22.91,14.48,0.7115,20618.12,0,1,1,0,0.6456,1
AUC_1016,2274622593,77,32,902,0.4156,28.1875,488048,548999,20000,240,7,29,12,0.4138,239.18,80.13,46.42,0.6443,21741.3,0,0,0,0,0.2885,1
AUC_1278,1852720387,85,4,1696,0.0471,424.0,1878994,2426176,5000,120,8,33,21,0.6364,28.68,19.97,0.77,0.6528,6426.2,1,0,1,0,0.9086,1
AUC_1220,1072393663,133,1,2356,0.0075,2356.0,538611,632829,1000,90,16,223,17,0.0762,83.46,20.16,8.01,0.6486,1703.65,0,0,1,0,0.6865,1
AUC_1200,2912636409,6,1,22,0.1667,22.0,80603,85968,5000,180,6,30,9,0.3,323.34,151.19,24.42,0.2295,13039.05,0,0,0,1,0.2218,0
AUC_1073,1302316926,53,14,388,0.2642,27.7143,1130728,1403469,2000,120,13,101,7,0.0693,82.9,51.6,4.63,0.1545,2188.92,0,0,1,1,0.1133,0
AUC_1349,1628831984,47,15,430,0.3191,28.6667,1411799,1654711,2000,120,14,106,9,0.0849,178.04,4.02,21.75,0.567,3986.76,0,1,0,0,0.1092,0
AUC_1121,1369598712,1,0,6,0.0,6.0,92529,96303,2000,180,20,357,3,0.0084,1117.05,133.66,112.54,0.2613,8519.33,0,0,0,0,0.1257,1
AUC_1274,1276498354,37,10,243,0.2703,24.3,543010,667132,10000,240,6,53,4,0.0755,640.91,104.32,56.95,0.1784,12968.45,0,0,0,0,0.1542,0
AUC_1345,1099092517,101,27,619,0.2673,22.9259,1685562,2187251,5000,180,9,29,12,0.4138,221.3,8.11,25.81,0.3291,14575.02,0,1,0,0,0.1881,1
AUC_1071,1445547284,94,1,2668,0.0106,2668.0,191560,219774,10000,240,21,351,19,0.0541,63.97,0.8,16.37,0.827,15845.01,1,1,1,0,0.7611,1
AUC_1225,1063252928,62,1,501,0.0161,501.0,1377545,1478142,2000,60,7,124,18,0.1452,42.59,11.84,4.59,0.7201,2247.58,1,0,1,0,0.8414,1
AUC_1179,2405435175,34,3,272,0.0882,90.6667,521411,544263,1000,30,18,261,8,0.0307,735.9,5.45,7.88,0.231,3834.1,0,0,0,0,0.1861,1
AUC_1150,2246564094,7,1,44,0.1429,44.0,763409,901320,5000,120,12,41,8,0.1951,310.8,49.11,29.31,0.2568,20586.15,0,0,0,0,0.1768,0
AUC_1333,2531721312,73,20,538,0.274,26.9,944846,1019402,5000,240,13,176,2,0.0114,268.85,204.28,16.07,0.3406,8479.07,0,0,1,0,0.0875,0
AUC_1260,1131681378,22,1,158,0.0455,158.0,55516,69297,2000,180,9,39,6,0.1538,920.88,134.81,72.85,0.2301,4504.39,0,0,0,0,0.2921,0
AUC_1041,1436856031,39,1,284,0.0256,284.0,1818586,1940141,5000,120,9,97,23,0.2371,24.25,34.92,8.89,0.639,8801.97,1,0,1,0,0.856,0
AUC_1198,2288486681,37,11,269,0.2973,24.4545,1217239,1418657,5000,60,7,46,4,0.087,378.95,42.61,36.52,0.2285,18433.41,0,0,0,1,0.0467,0
AUC_1258,2952460259,114,44,1063,0.386,24.1591,1669985,1918422,5000,240,14,116,9,0.0776,276.65,138.47,23.73,0.6472,10703.83,0,0,1,0,0.1873,0
AUC_1018,1844333162,39,0,371,0.0,371.0,1073864,1328155,5000,120,21,46,1,0.0217,599.59,59.02,38.82,0.1701,11938.47,0,0,0,1,0.1834,0
AUC_1182,2749799511,20,4,259,0.2,64.75,1996920,2255943,5000,60,8,37,6,0.1622,295.3,8.2,9.59,0.2899,5472.78,0,0,0,0,0.1549,0
AUC_1150,2838483263,128,7,3326,0.0547,475.1429,75628,94331,2000,120,8,70,34,0.4857,8.83,9.34,14.25,0.8761,3435.18,1,1,1,0,0.99,1
AUC_1091,1049212449,15,1,230,0.0667,230.0,247361,302550,20000,120,22,79,21,0.2658,16.22,2.03,1.22,0.5859,27492.51,1,1,1,0,0.9109,0
AUC_1061,2038597747,70,5,498,0.0714,99.6,1333398,1548162,5000,60,8,110,14,0.1273,13.36,17.55,1.49,0.7424,7747.96,0,0,1,0,0.7252,1
AUC_1033,2173633793,111,21,1250,0.1892,59.5238,1929364,2116878,2000,180,5,79,10,0.1266,425.37,23.84,30.62,0.3231,2239.09,0,0,0,0,0.0814,0
AUC_1173,1695939959,86,28,292,0.3256,10.4286,1331131,1415746,2000,180,11,134,7,0.0522,345.45,103.55,9.24,0.2866,2317.45,0,0,1,1,0.2502,0
AUC_1140,1650793091,26,6,168,0.2308,28.0,273857,338607,5000,60,4,61,13,0.2131,170.09,1.62,10.97,0.5678,10180.5,0,1,0,1,0.2553,0
AUC_1065,2569421301,43,0,356,0.0,356.0,1904548,1990798,1000,90,7,35,1,0.0286,1093.43,26.5,27.19,0.1821,4080.88,0,0,0,0,0.3778,1
AUC_1264,1898945833,84,22,474,0.2619,21.5455,1712486,1934955,5000,30,14,193,10,0.0518,303.06,15.74,1.78,0.6381,15121.72,0,0,1,0,0.1843,0
AUC_1118,2480398122,17,6,85,0.3529,14.1667,1350866,1534884,20000,240,21,126,7,0.0556,263.71,109.04,6.35,0.5511,67384.01,0,0,1,0,0.01,0
AUC_1021,1672137771,42,5,222,0.119,44.4,260074,318125,5000,180,3,35,7,0.2,143.9,43.89,92.4,0.5004,17053.2,0,0,0,0,0.3001,0
AUC_1097,1989437314,20,8,64,0.4,8.0,631362,711006,1000,120,6,96,10,0.1042,276.92,99.46,10.03,0.4112,1323.11,0,0,1,1,0.1602,0
AUC_1256,1319482491,37,2,729,0.0541,364.5,246311,284493,5000,90,4,49,20,0.4082,88.96,15.92,3.31,0.6713,8963.63,0,0,1,0,0.8162,1
AUC_1386,1615393860,69,24,566,0.3478,23.5833,532337,670180,10000,240,8,33,10,0.303,257.1,168.37,23.22,0.6002,26690.26,0,0,1,0,0.2016,0
AUC_1006,2489785791,128,3,1295,0.0234,431.6667,1648398,2015211,2000,240,4,56,18,0.3214,73.88,31.43,28.69,0.6912,3569.3,0,0,1,0,0.7759,1
AUC_1062,1614761657,43,16,298,0.3721,18.625,1309979,1424272,5000,240,10,54,5,0.0926,239.57,115.17,10.78,0.6302,12790.6,0,0,1,0,0.0644,0
AUC_1112,1653448416,17,4,175,0.2353,43.75,348972,430191,2000,30,10,118,14,0.1186,458.52,1.31,3.88,0.2703,2726.93,0,1,0,0,0.242,0
AUC_1347,1127231758,15,0,118,0.0,118.0,389228,460690,5000,120,6,33,5,0.1515,1132.8,98.95,19.33,0.2154,21225.48,0,0,0,0,0.3356,1
AUC_1272,2255110805,49,0,433,0.0,433.0,1498554,1723109,1000,120,8,28,4,0.1429,98.6,89.56,6.47,0.5562,2556.3,0,0,1,0,0.4448,0
AUC_1045,1679766847,1,0,5,0.0,5.0,163630,183140,2000,60,18,125,8,0.064,886.36,5.2,9.1,0.1864,3644.31,0,1,0,0,0.2386,1
AUC_1282,2575686890,57,0,124,0.0,124.0,622058,779173,2000,180,21,187,9,0.0481,93.53,142.54,18.04,0.5836,3409.15,0,0,1,1,0.3607,0
AUC_1078,2814121795,1,1,7,1.0,7.0,1051448,1251036,2000,90,18,80,3,0.0375,170.57,74.04,33.99,0.4499,8472.59,0,0,0,0,0.01,0
AUC_1128,2666608660,44,2,969,0.0455,484.5,1617467,2153555,10000,120,7,15,11,0.7333,24.56,6.52,5.68,0.6597,18757.02,0,1,1,0,0.84,0
AUC_1372,1699671383,40,3,395,0.075,131.6667,1917523,2355323,5000,180,24,322,6,0.0186,559.54,94.53,41.31,0.2708,10304.73,0,0,0,0,0.2114,0
AUC_1153,2185046064,29,7,152,0.2414,21.7143,1992888,2350499,5000,90,6,21,5,0.2381,409.88,60.83,2.83,0.1915,13889.93,0,0,1,1,0.1207,0
AUC_1059,2074477832,24,0,453,0.0,453.0,337713,440380,10000,180,13,63,22,0.3492,32.59,17.84,16.76,0.7475,16986.35,1,1,1,1,0.9464,1
AUC_1176,1826867520,123,9,2063,0.0732,229.2222,519326,572661,2000,240,24,278,18,0.0647,66.89,31.16,12.44,0.9479,3291.88,1,0,1,0,0.6477,1
AUC_1366,1485356692,36,6,273,0.1667,45.5,1267366,1388777,2000,120,16,197,1,0.0051,1136.74,43.89,23.47,0.1742,4534.03,0,0,0,0,0.1551,0
AUC_1191,2536964336,59,29,343,0.4915,11.8276,1795409,1862710,1000,30,21,186,10,0.0538,202.52,13.18,2.13,0.3174,1820.31,0,0,1,0,0.01,0
AUC_1061,1068694265,49,19,262,0.3878,13.7895,1441913,1638914,10000,90,10,167,12,0.0719,435.07,31.07,8.58,0.298,25425.37,0,0,1,0,0.1109,0
AUC_1289,2201728316,79,28,1021,0.3544,36.4643,737064,938200,2000,30,3,50,8,0.16,406.59,9.16,4.01,0.3708,4941.35,0,0,0,1,0.0867,0
AUC_1215,1889153961,12,3,35,0.25,11.6667,64735,69562,2000,120,19,128,9,0.0703,192.07,75.3,74.1,0.4129,4231.48,0,0,0,0,0.048,0
AUC_1113,1128085897,38,12,153,0.3158,12.75,1557653,1923486,2000,240,9,131,14,0.1069,173.19,3.96,83.35,0.2894,5853.49,0,1,0,0,0.025,0
AUC_1095,2310488007,40,6,177,0.15,29.5,1928952,1969825,1000,120,16,170,2,0.0118,1068.16,97.6,79.36,0.2233,2046.57,0,0,0,1,0.068,0
AUC_1231,1759289679,74,15,270,0.2027,18.0,314860,386571,10000,120,21,344,7,0.0203,146.33,64.95,7.83,0.6112,14233.52,0,0,1,1,0.2168,1
AUC_1383,2388730617,86,5,1463,0.0581,292.6,1681341,1842909,10000,60,12,150,11,0.0733,36.45,12.12,3.58,0.6752,20353.65,0,0,1,0,0.7422,1
AUC_1394,2447567834,54,16,584,0.2963,36.5,1301217,1656176,10000,120,14,123,12,0.0976,129.46,11.5,28.09,0.5274,32613.48,0,1,0,1,0.2084,1
AUC_1230,1985393257,61,3,1889,0.0492,629.6667,505267,590140,2000,120,20,289,37,0.128,79.07,36.38,21.39,0.9021,2919.7,0,0,0,0,0.896,1
AUC_1002,2217651190,71,1,1165,0.0141,1165.0,1908360,2089979,5000,30,20,159,11,0.0692,23.18,8.26,2.51,0.6613,6875.72,0,0,1,0,0.6324,1
AUC_1231,2071321991,32,7,109,0.2188,15.5714,1712681,1969140,2000,120,21,82,9,0.1098,450.4,8.78,22.36,0.2343,4726.49,0,1,0,0,0.0825,0
AUC_1362,2784914923,78,15,614,0.1923,40.9333,1838142,2159836,5000,60,8,28,8,0.2857,328.06,48.95,10.63,0.5612,14517.53,0,0,0,1,0.2719,0
AUC_1365,2288012344,55,17,166,0.3091,9.7647,939410,1035445,5000,240,7,65,16,0.2462,214.64,29.13,71.0,0.5677,10779.94,0,0,0,0,0.1592,1
AUC_1208,2589910060,44,2,897,0.0455,448.5,1751994,2223750,2000,120,5,49,34,0.6939,40.8,3.96,14.05,0.795,2951.03,1,1,1,0,0.9799,1
AUC_1002,2730038442,37,2,249,0.0541,124.5,480372,572495,10000,60,5,66,3,0.0455,133.04,29.3,8.29,0.5773,12460.84,0,0,0,0,0.3564,0
AUC_1087,1134763773,92,5,856,0.0543,171.2,1736382,2018560,2000,60,4,52,25,0.4808,33.32,14.41,4.78,0.8246,3092.63,1,0,1,0,0.9743,1
AUC_1399,2324887953,35,8,214,0.2286,26.75,929148,986950,20000,60,14,202,7,0.0347,691.34,17.58,21.17,0.1523,40485.55,0,0,0,1,0.0569,0
AUC_1093,1669475067,55,2,1401,0.0364,700.5,1392473,1726482,1000,90,18,153,22,0.1438,85.3,7.94,1.23,0.9077,1110.75,0,1,1,0,0.6643,0
AUC_1152,2436877198,25,7,246,0.28,35.1429,1034266,1229048,20000,240,23,69,6,0.087,128.46,18.82,56.95,0.1476,40909.42,0,1,0,0,0.0154,0
AUC_1186,1928222052,31,7,222,0.2258,31.7143,204392,219634,20000,180,21,256,8,0.0312,603.68,32.36,48.6,0.4758,62612.21,0,0,0,0,0.091,0
AUC_1307,1290026731,85,34,889,0.4,26.1471,1456013,1680249,10000,90,8,122,7,0.0574,227.29,4.86,28.37,0.5352,22255.78,0,1,0,0,0.1001,0
AUC_1177,2662459822,3,0,28,0.0,28.0,51310,57459,10000,30,5,34,7,0.2059,248.2,17.52,17.61,0.1219,41289.18,0,0,0,0,0.1645,0
AUC_1057,2499244837,22,10,93,0.4545,9.3,1501810,2054483,5000,120,4,22,17,0.7727,310.06,5.42,9.1,0.5453,8114.73,0,1,1,0,0.3849,0
AUC_1253,1823158149,81,3,1929,0.037,643.0,977843,1231752,2000,90,15,234,39,0.1667,36.9,22.41,8.83,0.6944,2371.3,1,0,1,0,0.928,1
AUC_1019,2929943249,23,3,197,0.1304,65.6667,1212269,1379542,20000,240,3,52,7,0.1346,519.88,71.99,102.5,0.1597,69552.27,0,0,0,0,0.1065,0
AUC_1321,2051286390,29,14,230,0.4828,16.4286,1663461,1762635,1000,60,15,268,5,0.0187,368.0,24.38,2.99,0.2631,1707.07,0,0,1,1,0.01,0
AUC_1010,1918580161,36,10,282,0.2778,28.2,1390463,1452900,5000,120,16,146,6,0.0411,336.51,35.27,45.42,0.3588,12305.93,0,0,0,1,0.0249,0
AUC_1289,2579312289,139,4,1945,0.0288,486.25,1238008,1373387,2000,120,15,227,38,0.1674,72.08,13.46,15.13,0.9969,2918.47,0,1,0,0,0.685,1
AUC_1340,1589571006,5,0,16,0.0,16.0,750927,934732,20000,180,10,176,9,0.0511,161.76,51.58,58.84,0.3549,74428.43,0,0,0,0,0.2097,0
AUC_1129,1158853984,80,16,436,0.2,27.25,164389,185484,1000,180,23,216,4,0.0185,72.06,165.56,19.72,0.1699,2666.72,0,0,1,0,0.2798,1
AUC_1398,1778973495,34,5,283,0.1471,56.6,546668,692029,2000,120,15,79,8,0.1013,711.1,83.02,56.58,0.1453,8928.75,0,0,0,0,0.1478,0
AUC_1105,1694053956,98,37,1086,0.3776,29.3514,1449116,1780944,1000,240,8,124,9,0.0726,71.45,143.6,11.65,0.2703,3242.76,0,0,1,0,0.0766,0
AUC_1314,2218958431,17,3,81,0.1765,27.0,292523,363959,20000,90,4,8,2,0.25,595.0,73.24,27.56,0.3781,30635.88,0,0,0,0,0.3624,1
AUC_1367,2576225027,33,15,125,0.4545,8.3333,471404,577092,20000,90,3,20,10,0.5,211.07,48.5,6.01,0.4575,21216.54,0,0,1,0,0.2878,0
AUC_1365,1211215302,100,44,906,0.44,20.5909,197645,217186,2000,120,13,179,15,0.0838,168.58,20.19,28.36,0.6424,5716.12,0,0,0,1,0.1778,0
AUC_1343,2291845615,83,27,780,0.3253,28.8889,1057498,1275680,10000,120,24,368,17,0.0462,332.83,73.82,31.09,0.3139,22062.42,0,0,0,0,0.1376,0
AUC_1296,2800446390,33,1,771,0.0303,771.0,385014,494725,10000,120,5,32,25,0.7812,71.57,0.84,18.5,0.9688,10978.11,0,1,0,0,0.8814,1
AUC_1124,1549830886,62,2,1299,0.0323,649.5,127300,159331,10000,120,21,141,37,0.2624,89.49,16.63,2.81,0.6159,19436.9,0,0,1,0,0.9082,1
AUC_1396,2621929124,47,18,260,0.383,14.4444,1832404,2218873,5000,120,12,33,7,0.2121,211.39,49.58,12.0,0.6489,8063.78,0,0,1,1,0.1612,1
AUC_1025,2181159070,35,3,239,0.0857,79.6667,1623462,1807039,5000,120,5,75,6,0.08,378.25,63.52,37.34,0.1609,10077.12,0,0,0,0,0.3005,0
AUC_1167,1527288998,31,5,186,0.1613,37.2,1258384,1450506,10000,120,4,47,9,0.1915,287.8,18.59,18.11,0.5184,36593.58,0,0,0,0,0.1503,0
AUC_1295,1925148632,23,2,191,0.087,95.5,360469,431296,20000,90,22,64,11,0.1719,71.04,26.19,24.34,0.3351,37121.86,0,0,0,0,0.2649,0
AUC_1035,1358397213,87,43,856,0.4943,19.907,739910,857355,2000,180,22,180,8,0.0444,485.84,87.9,29.06,0.318,3415.76,0,0,0,1,0.0309,0
AUC_1302,2825827822,111,2,2951,0.018,1475.5,1612849,1816735,1000,180,19,89,20,0.2247,22.81,36.15,14.2,0.8038,1644.26,1,0,1,0,0.819,1
AUC_1275,1392891222,37,10,507,0.2703,50.7,1309588,1617448,10000,60,24,229,17,0.0742,108.52,10.15,18.81,0.3494,27242.1,0,0,0,1,0.204,0
AUC_1141,2793091450,37,1,1291,0.027,1291.0,405015,486190,10000,60,17,236,33,0.1398,20.04,10.63,3.49,0.8953,13896.58,1,0,1,0,0.8936,1
AUC_1096,1204327630,55,1,465,0.0182,465.0,411611,474207,1000,60,23,73,37,0.5068,14.2,9.58,0.45,0.934,1391.66,1,0,1,0,0.99,1
AUC_1148,1333229441,98,26,461,0.2653,17.7308,201576,219642,1000,240,15,242,12,0.0496,489.9,39.61,29.86,0.3788,2343.94,0,0,0,0,0.1903,0
AUC_1034,1405312206,42,11,210,0.2619,19.0909,1394166,1671850,10000,240,21,149,9,0.0604,706.36,110.2,130.47,0.2449,40401.52,0,0,0,0,0.1478,0
AUC_1376,2413493935,32,1,260,0.0312,260.0,1633356,1857069,1000,180,6,102,4,0.0392,434.54,131.11,24.16,0.369,1065.38,0,0,0,0,0.1733,0
AUC_1309,1964000268,89,18,868,0.2022,48.2222,283389,303447,2000,120,9,62,11,0.1774,391.51,44.63,11.41,0.4619,3489.36,0,0,1,0,0.1853,0
AUC_1385,1024039060,30,6,250,0.2,41.6667,1861267,2047191,20000,90,17,174,5,0.0287,320.3,19.11,59.83,0.4822,78707.29,0,0,0,1,0.1778,0
AUC_1131,1109605472,38,4,210,0.1053,52.5,1465737,1677623,5000,120,6,58,1,0.0172,285.12,77.34,27.8,0.5494,11481.09,0,0,0,0,0.1462,0
AUC_1110,2036587837,6,1,53,0.1667,53.0,842024,926228,2000,120,24,145,2,0.0138,769.77,37.7,25.39,0.2542,2691.43,0,0,0,0,0.1768,0
AUC_1091,1812447624,85,37,314,0.4353,8.4865,1971505,2324767,2000,180,16,135,9,0.0667,418.17,112.44,14.82,0.6275,3184.2,0,0,1,1,0.1679,1
AUC_1247,2869391711,52,2,1793,0.0385,896.5,724489,886207,5000,120,6,36,14,0.3889,53.23,8.22,14.2,0.7134,8578.12,0,1,1,0,0.7135,1
AUC_1065,2455955030,126,10,2657,0.0794,265.7,1168834,1345442,5000,60,15,231,32,0.1385,70.7,13.71,4.27,0.7617,9626.15,0,0,1,0,0.8046,1
AUC_1389,2855575009,68,34,555,0.5,16.3235,1814972,2000529,20000,180,4,52,7,0.1346,419.94,160.95,28.95,0.6357,40416.39,0,0,0,0,0.1701,0
AUC_1231,1688208004,97,8,1191,0.0825,148.875,1259094,1554301,2000,180,20,251,38,0.1514,46.54,44.36,11.22,0.6521,2560.31,1,0,1,0,0.9328,1
AUC_1243,1233008241,45,7,201,0.1556,28.7143,801619,966519,5000,180,12,37,10,0.2703,394.51,33.7,4.72,0.527,11204.35,0,0,1,1,0.1951,0
AUC_1346,2560807919,51,13,211,0.2549,16.2308,1461998,1762423,10000,90,15,179,15,0.0838,159.0,18.72,7.49,0.5669,19686.54,0,0,1,1,0.2199,1
AUC_1256,2608291514,23,6,62,0.2609,10.3333,1325372,1400327,1000,180,16,117,6,0.0513,316.84,115.81,105.23,0.5165,3590.67,0,0,0,1,0.2064,0
AUC_1165,1804994140,87,4,1225,0.046,306.25,220222,262775,20000,90,6,86,23,0.2674,27.81,4.31,7.95,0.6585,39845.58,1,1,1,0,0.93,1
AUC_1271,1607652370,78,37,1071,0.4744,28.9459,1551971,1685138,2000,60,3,37,7,0.1892,91.51,30.23,5.04,0.2185,4951.9,0,0,1,1,0.1008,0
AUC_1393,2109053167,11,3,91,0.2727,30.3333,345429,370905,2000,120,3,19,8,0.4211,1072.46,69.81,64.02,0.2238,4622.86,0,0,0,1,0.1948,0
AUC_1082,2187173544,99,32,560,0.3232,17.5,715177,834763,10000,90,18,104,6,0.0577,354.73,27.98,23.26,0.2007,13066.33,0,0,0,0,0.0168,0
AUC_1362,2777941852,75,28,886,0.3733,31.6429,928771,1052710,5000,120,23,191,13,0.0681,376.48,31.79,13.06,0.4094,16700.6,0,0,1,0,0.1298,0
AUC_1084,2498367637,28,6,155,0.2143,25.8333,97001,115125,1000,60,18,115,13,0.113,221.45,21.98,23.84,0.4127,3103.88,0,0,0,0,0.1019,1
AUC_1251,1513061584,28,0,332,0.0,332.0,420352,497393,1000,120,22,327,23,0.0703,85.26,26.48,11.81,0.727,1638.74,0,0,1,0,0.7479,0
AUC_1111,1229619258,19,1,153,0.0526,153.0,1151380,1426168,20000,180,17,245,6,0.0245,1105.21,148.42,107.99,0.4405,28003.35,0,0,0,0,0.2726,0
AUC_1298,1233363639,85,4,524,0.0471,131.0,1073804,1251159,20000,60,20,81,11,0.1358,418.02,44.72,4.92,0.659,56005.89,0,0,1,0,0.3071,0
AUC_1083,1115542626,17,2,40,0.1176,20.0,1244225,1529680,1000,30,4,44,2,0.0455,203.91,1.7,12.61,0.3526,2050.22,0,1,0,0,0.1231,0
AUC_1127,1682548892,28,8,58,0.2857,7.25,1187148,1296104,1000,180,20,139,4,0.0288,898.83,93.85,77.87,0.1576,3132.61,0,0,0,0,0.01,0
AUC_1152,1275506378,33,8,212,0.2424,26.5,986039,1090715,5000,240,13,190,11,0.0579,297.68,27.69,95.22,0.2266,17293.7,0,1,0,0,0.1146,0
AUC_1259,1372837161,73,1,395,0.0137,395.0,1644941,2073450,1000,120,23,73,10,0.137,174.43,57.4,19.98,0.1679,2877.4,0,0,0,1,0.3292,0
AUC_1003,1796906004,49,20,333,0.4082,16.65,478955,557581,1000,120,7,90,16,0.1778,366.8,64.32,25.37,0.3816,1682.61,0,0,0,0,0.1074,0
AUC_1010,2386751231,66,26,440,0.3939,16.9231,1259836,1319734,20000,240,11,123,8,0.065,252.58,128.88,17.55,0.1906,42626.72,0,0,1,0,0.0594,0
AUC_1075,2440060850,22,9,251,0.4091,27.8889,1144942,1253205,1000,60,23,151,13,0.0861,386.02,29.42,2.74,0.6455,3146.5,0,0,1,0,0.1221,0
AUC_1394,2449903264,46,15,240,0.3261,16.0,1749058,2180057,20000,120,3,34,15,0.4412,107.41,61.96,17.52,0.5907,27890.09,0,0,0,1,0.2122,0
AUC_1276,2960985780,158,7,2227,0.0443,318.1429,1803638,2066596,5000,240,18,133,32,0.2406,35.92,68.27,13.01,0.9453,8778.45,1,0,1,0,0.99,1
AUC_1317,1895747956,23,3,170,0.1304,56.6667,1260795,1539738,10000,120,23,313,3,0.0096,1060.08,74.83,76.94,0.5183,26835.03,0,0,0,0,0.2256,0
AUC_1390,2384054122,32,0,201,0.0,201.0,710372,824217,2000,180,15,127,9,0.0709,162.28,113.59,5.15,0.4299,3193.76,0,0,1,1,0.3643,0
AUC_1039,2738064697,40,0,351,0.0,351.0,169551,201068,2000,180,5,73,2,0.0274,141.39,150.82,54.16,0.1325,5953.96,0,0,0,0,0.1889,0
AUC_1235,1364259821,33,6,208,0.1818,34.6667,857689,1049958,20000,60,23,250,3,0.012,136.3,23.3,0.64,0.6848,26588.71,0,0,1,1,0.1576,0
AUC_1271,2457053897,13,2,79,0.1538,39.5,1287743,1475086,5000,120,15,193,2,0.0104,731.61,52.19,18.23,0.344,19488.77,0,0,0,1,0.1567,0
AUC_1143,2998277934,42,13,348,0.3095,26.7692,1394543,1674702,2000,120,16,62,3,0.0484,1193.51,97.17,81.14,0.1124,2990.38,0,0,0,0,0.1163,0
AUC_1050,1048951538,24,1,105,0.0417,105.0,461129,477772,1000,60,9,86,7,0.0814,745.92,30.23,38.93,0.497,3571.33,0,0,0,1,0.234,1
AUC_1361,1965864693,92,7,2189,0.0761,312.7143,1580565,2012889,10000,180,11,168,25,0.1488,8.32,24.31,1.28,0.8847,21430.56,1,0,1,0,0.9298,1
AUC_1099,2539943810,72,3,464,0.0417,154.6667,266846,334332,2000,180,11,47,10,0.2128,18.89,20.66,14.58,0.5537,3082.67,0,1,1,0,0.6211,0
AUC_1031,2464956122,55,17,436,0.3091,25.6471,266943,336969,5000,240,11,31,13,0.4194,158.7,43.39,57.33,0.5516,9111.84,0,0,0,1,0.1948,0
AUC_1046,2819305068,41,7,144,0.1707,20.5714,634764,764464,1000,180,20,185,16,0.0865,434.73,2.07,36.87,0.3233,2709.9,0,1,0,0,0.1977,0
AUC_1232,1609275898,33,10,79,0.303,7.9,1737642,2100773,5000,120,15,213,7,0.0329,863.55,3.31,40.28,0.398,17660.78,0,1,0,0,0.0952,0
AUC_1282,1437660517,9,1,108,0.1111,108.0,1407433,1689035,20000,60,11,145,24,0.1655,30.79,4.48,1.17,0.7721,35310.7,1,1,1,0,0.8073,1
AUC_1362,2467186571,29,11,299,0.3793,27.1818,1145446,1264167,10000,90,11,79,10,0.1266,303.46,50.19,5.32,0.5493,14095.86,0,0,1,0,0.1007,0
AUC_1200,1327845995,6,1,52,0.1667,52.0,1698931,2222524,10000,90,14,37,8,0.2162,669.83,15.33,32.01,0.4146,15266.09,0,0,0,0,0.1717,1
AUC_1209,1287894474,50,14,169,0.28,12.0714,987727,1155414,20000,90,19,290,11,0.0379,294.48,31.54,4.34,0.6996,58990.99,0,0,1,0,0.1711,0
AUC_1244,1732910782,74,3,2431,0.0405,810.3333,1302015,1542203,5000,240,18,309,22,0.0712,96.56,48.78,19.41,0.9775,6182.64,0,0,1,0,0.7754,1
AUC_1049,2602362300,73,5,870,0.0685,174.0,90246,101197,20000,60,5,47,35,0.7447,61.08,6.07,4.24,0.9684,22265.8,1,1,1,0,0.99,1
AUC_1384,2311117581,19,4,189,0.2105,47.25,557561,637642,10000,90,10,113,2,0.0177,824.74,0.32,35.74,0.5181,41610.98,0,1,0,1,0.2709,0
AUC_1257,2333264346,70,5,1535,0.0714,307.0,1486860,1930681,5000,60,18,81,21,0.2593,18.41,2.71,1.17,0.598,5960.5,1,1,1,0,0.8533,1
AUC_1223,1783433293,29,1,269,0.0345,269.0,1140011,1404092,10000,240,8,81,9,0.1111,230.98,18.35,84.57,0.4322,43801.27,0,1,0,1,0.3829,0
AUC_1161,1709835520,62,12,145,0.1935,12.0833,748051,913935,2000,90,7,15,8,0.5333,293.48,69.01,1.56,0.5946,5297.39,0,0,1,1,0.344,0
AUC_1107,1653522680,52,9,147,0.1731,16.3333,212493,236910,10000,60,14,238,4,0.0168,316.82,51.82,0.93,0.647,26252.44,0,0,1,1,0.2828,0
AUC_1268,1016307367,115,18,414,0.1565,23.0,348241,417911,10000,180,15,163,7,0.0429,436.35,77.3,15.61,0.5071,22793.99,0,0,1,0,0.2598,0
AUC_1116,2112538253,68,2,1097,0.0294,548.5,994542,1072878,1000,180,15,206,10,0.0485,22.83,48.7,0.88,0.6534,1263.13,0,0,1,0,0.7544,0
AUC_1079,1091360417,82,16,1089,0.1951,68.0625,364280,437049,5000,90,8,127,6,0.0472,316.28,38.72,2.12,0.2339,5237.48,0,0,1,0,0.3456,0
AUC_1123,2074044892,15,5,59,0.3333,11.8,1151257,1519910,5000,90,10,23,6,0.2609,360.38,57.18,2.54,0.6283,11738.59,0,0,1,0,0.161,0
AUC_1011,1922574509,43,1,219,0.0233,219.0,1846575,2056855,10000,120,14,78,5,0.0641,205.97,82.4,82.37,0.3595,37294.38,0,0,0,0,0.2829,0
AUC_1063,2668780232,83,4,965,0.0482,241.25,1039284,1149500,5000,60,7,64,14,0.2188,11.79,6.43,5.97,0.6257,7692.91,0,1,1,0,0.8851,1
AUC_1140,2489077652,24,6,172,0.25,28.6667,1734854,1812829,10000,180,10,135,6,0.0444,1103.67,34.67,105.55,0.1488,26049.71,0,0,0,1,0.0773,1
AUC_1196,2680894846,21,6,242,0.2857,40.3333,1185710,1250915,2000,90,11,62,6,0.0968,253.91,56.28,19.03,0.5985,4535.99,0,0,0,1,0.2501,0
AUC_1169,2931209267,15,4,70,0.2667,17.5,1055118,1276583,2000,90,18,225,2,0.0089,829.23,60.85,29.98,0.201,6206.95,0,0,0,1,0.1501,0
AUC_1211,2382630928,83,40,686,0.4819,17.15,1079399,1254438,5000,30,24,121,15,0.124,179.33,13.58,3.97,0.4514,6711.59,0,0,0,1,0.1362,0
AUC_1047,1375324275,39,7,125,0.1795,17.8571,107366,128988,20000,240,8,134,5,0.0373,770.61,153.72,162.05,0.4501,59569.71,0,0,0,0,0.0876,0
AUC_1316,1417337303,27,8,114,0.2963,14.25,1288432,1408119,1000,120,12,141,4,0.0284,191.3,29.89,76.35,0.1782,1923.8,0,0,0,0,0.0279,0
AUC_1060,1881470379,116,35,540,0.3017,15.4286,1407408,1562966,5000,90,20,299,8,0.0268,366.93,32.11,27.0,0.3539,10892.25,0,0,0,0,0.0457,0
AUC_1350,2669372856,101,4,1312,0.0396,328.0,1218880,1390321,1000,90,23,230,18,0.0783,21.02,19.4,8.54,0.9752,1592.44,1,0,1,0,0.9652,1
AUC_1268,1821606839,83,7,2350,0.0843,335.7143,756622,819805,1000,120,18,228,34,0.1491,45.03,29.77,3.92,0.7281,1190.86,1,0,1,0,0.9025,1
AUC_1134,2100054648,64,26,260,0.4062,10.0,1341043,1634444,20000,120,14,238,17,0.0714,441.6,28.2,46.06,0.5878,65099.14,0,0,0,1,0.1786,0
AUC_1227,1069931020,133,0,1425,0.0,1425.0,433098,542464,2000,30,8,93,24,0.2581,83.16,7.44,1.75,0.6639,3778.05,0,0,1,0,0.7273,1
AUC_1258,2161546673,86,6,566,0.0698,94.3333,1251305,1526833,1000,90,23,350,19,0.0543,26.71,19.62,2.31,0.5573,1047.71,1,0,1,0,0.6983,0
AUC_1080,1892069410,17,1,196,0.0588,196.0,1324112,1421270,10000,60,8,98,17,0.1735,10.32,5.89,1.56,0.9393,17360.1,0,1,1,0,0.8153,1
AUC_1223,1654934673,40,10,158,0.25,15.8,696798,763307,20000,180,8,115,13,0.113,125.23,24.76,59.51,0.3802,41265.52,0,0,0,0,0.1751,0
AUC_1240,2019582479,67,31,434,0.4627,14.0,466732,584053,1000,30,4,47,7,0.1489,480.19,18.57,9.7,0.3994,1790.88,0,0,0,0,0.0625,0
AUC_1314,1015050050,37,9,202,0.2432,22.4444,1525521,1676663,20000,120,11,97,9,0.0928,589.57,5.4,27.47,0.3268,82935.23,0,1,0,0,0.1451,0
AUC_1146,2102099523,40,14,307,0.35,21.9286,1829210,2079579,10000,90,7,116,17,0.1466,192.25,26.41,25.95,0.2697,16659.33,0,0,0,1,0.1346,0
AUC_1155,2841855801,87,11,469,0.1264,42.6364,394451,459889,5000,120,3,15,5,0.3333,148.74,90.08,20.6,0.3953,13982.02,0,0,0,0,0.1419,0
AUC_1079,2959624761,87,0,2586,0.0,2586.0,884985,1069987,5000,120,10,76,36,0.4737,30.91,17.14,10.73,0.6955,7620.62,1,0,1,0,0.99,1
AUC_1310,1441506216,77,7,1668,0.0909,238.2857,1204007,1294058,20000,120,8,61,34,0.5574,65.68,5.15,13.69,0.7078,23854.79,1,1,1,0,0.99,1
AUC_1074,1979097763,19,4,164,0.2105,41.0,1990267,2456883,10000,120,4,13,8,0.6154,797.71,100.0,66.05,0.1408,17642.21,0,0,0,0,0.2536,0
AUC_1137,2340343103,78,38,460,0.4872,12.1053,1274201,1338629,2000,60,16,135,12,0.0889,409.9,1.95,12.3,0.229,6318.07,0,1,0,0,0.1584,0
AUC_1058,1318726652,58,0,720,0.0,720.0,696626,859550,5000,180,24,230,31,0.1348,19.06,9.83,1.39,0.7523,9103.15,1,1,1,0,0.8911,1
AUC_1245,2916408119,20,6,101,0.3,16.8333,1267804,1664795,5000,30,4,44,15,0.3409,245.95,18.17,2.98,0.6216,11958.48,0,0,1,0,0.2268,0
AUC_1176,2209495003,8,0,42,0.0,42.0,438918,541897,2000,180,12,77,3,0.039,165.45,43.74,108.13,0.3631,8929.75,0,0,0,1,0.2977,0
AUC_1314,2555002410,89,21,942,0.236,44.8571,1460940,1703735,10000,120,19,228,14,0.0614,194.11,49.65,46.15,0.4918,33909.83,0,0,0,0,0.0694,0
AUC_1089,2676824596,79,20,362,0.2532,18.1,1024816,1104817,5000,90,22,231,6,0.026,486.99,47.88,19.75,0.4348,7420.15,0,0,0,1,0.1358,0
AUC_1132,2096184429,29,7,239,0.2414,34.1429,254827,319668,5000,30,5,89,9,0.1011,1054.12,9.57,14.99,0.3237,20667.17,0,0,0,1,0.073,0
AUC_1144,1863058540,68,1,1931,0.0147,1931.0,1082395,1302213,5000,30,3,50,36,0.72,13.76,10.22,5.28,0.9354,8249.65,1,0,0,0,0.99,1
AUC_1051,1949223859,100,2,2490,0.02,1245.0,927549,1115269,1000,60,14,246,21,0.0854,65.1,12.92,3.14,0.811,1206.37,1,0,1,0,0.8978,1
AUC_1389,2627493881,81,26,675,0.321,25.9615,1049335,1277370,10000,180,12,139,2,0.0144,258.47,117.93,5.38,0.6795,28291.95,0,0,1,1,0.1509,0
AUC_1191,2963219938,19,8,118,0.4211,14.75,1644255,2074761,5000,180,3,47,10,0.2128,220.05,58.62,34.17,0.4624,6271.88,0,0,0,0,0.1832,0
AUC_1270,2877487678,93,6,1359,0.0645,226.5,1612017,2005635,1000,120,10,175,10,0.0571,15.32,9.68,2.22,0.6466,1411.31,0,1,1,0,0.699,0
AUC_1007,2763101129,4,0,9,0.0,9.0,981259,1104946,10000,90,23,161,8,0.0497,1062.07,13.66,25.45,0.4683,30030.32,0,0,0,1,0.145,0
AUC_1381,1890364946,55,4,1027,0.0727,256.75,263479,337096,10000,120,15,40,26,0.65,55.24,21.89,12.25,0.6484,12779.59,1,0,1,0,0.99,1
AUC_1030,1702328527,92,4,2065,0.0435,516.25,1961788,2142839,2000,180,6,50,32,0.64,67.46,39.96,6.18,0.6752,3025.05,1,0,1,0,0.99,1
AUC_1333,2077066622,39,19,104,0.4872,5.4737,325111,357782,10000,60,10,153,4,0.0261,367.39,50.33,9.62,0.4745,29962.6,0,0,0,0,0.01,0
AUC_1145,2598790467,9,2,55,0.2222,27.5,1793731,2095413,2000,240,14,47,5,0.1064,296.52,66.88,123.36,0.1689,7011.53,0,0,0,0,0.0482,0
AUC_1023,2687872905,26,8,184,0.3077,23.0,309618,366288,5000,90,18,56,1,0.0179,178.01,56.12,58.67,0.1357,19047.05,0,0,0,0,0.01,0
AUC_1037,2693568628,10,3,84,0.3,28.0,514011,566857,1000,120,8,39,4,0.1026,1044.27,84.88,21.87,0.3789,3803.65,0,0,0,1,0.0724,0
AUC_1082,2652495912,17,0,162,0.0,162.0,805703,995056,5000,120,6,55,3,0.0545,525.28,63.43,50.38,0.34,12715.72,0,0,0,0,0.2778,0
AUC_1350,1368329348,15,4,87,0.2667,21.75,698456,868292,10000,90,3,41,8,0.1951,561.48,26.83,20.66,0.1316,23546.78,0,0,0,0,0.0341,0
AUC_1388,1300232169,30,10,268,0.3333,26.8,1996319,2226342,10000,60,5,13,6,0.4615,786.11,25.85,25.04,0.3666,24290.43,0,0,0,0,0.1679,0
AUC_1258,1317090030,44,1,862,0.0227,862.0,166603,212077,5000,180,21,137,20,0.146,72.42,26.17,11.45,0.742,5220.33,0,0,1,0,0.6513,1
AUC_1007,2058521730,16,2,40,0.125,20.0,1138593,1182771,5000,90,19,192,7,0.0365,1193.01,16.01,56.69,0.4296,17035.28,0,0,0,0,0.2335,1
AUC_1391,2247981972,69,11,239,0.1594,21.7273,1613338,2023143,5000,240,23,297,8,0.0269,440.85,119.6,0.6,0.2523,6280.19,0,0,1,0,0.01,0
AUC_1156,1841533208,116,17,904,0.1466,53.1765,1477211,1805231,1000,60,13,110,6,0.0545,89.88,34.66,18.3,0.3477,2493.8,0,0,0,1,0.1759,0
AUC_1219,1573575364,82,11,481,0.1341,43.7273,1485122,1725329,10000,60,19,85,15,0.1765,195.3,38.07,16.01,0.3456,11064.52,0,0,0,1,0.219,0
AUC_1054,2367921168,10,3,74,0.3,24.6667,1554395,1740972,2000,180,18,275,9,0.0327,343.57,60.87,107.12,0.1841,8218.06,0,0,0,0,0.0776,0
AUC_1179,2787517304,53,2,1153,0.0377,576.5,1751323,2109369,1000,120,9,63,17,0.2698,16.9,8.83,11.96,0.9409,1710.2,0,1,1,0,0.7702,1
AUC_1397,2569905222,10,4,42,0.4,10.5,990066,1248247,5000,180,5,28,4,0.1429,104.82,103.88,10.97,0.6185,10722.53,0,0,1,0,0.1632,0
AUC_1188,1726292316,90,3,1173,0.0333,391.0,1589424,2012066,2000,30,5,80,26,0.325,8.17,0.34,2.33,0.7612,3283.13,1,1,1,1,0.9008,1
AUC_1071,2914558368,59,15,393,0.2542,26.2,330912,404506,1000,60,24,320,4,0.0125,62.09,46.81,3.96,0.3799,2219.86,0,0,1,0,0.1174,0
AUC_1119,2949417234,9,0,29,0.0,29.0,169319,206316,1000,60,4,53,3,0.0566,361.85,16.56,36.56,0.1588,4487.48,0,0,0,1,0.2141,0
AUC_1189,1729360502,80,7,1353,0.0875,193.2857,1777254,2060332,1000,60,16,90,16,0.1778,89.97,1.37,3.98,0.8976,1676.2,0,1,1,0,0.6588,1
AUC_1230,1246508260,123,11,2155,0.0894,195.9091,826970,906984,10000,60,3,50,31,0.62,23.71,2.31,6.27,0.9659,16223.19,1,1,1,1,0.99,1
AUC_1154,1969370412,79,0,362,0.0,362.0,1614271,1740586,1000,240,19,165,5,0.0303,360.7,158.33,13.88,0.2924,2081.31,0,0,1,0,0.3199,0
AUC_1225,1369029671,94,13,819,0.1383,63.0,223542,245418,1000,180,16,140,10,0.0714,195.23,113.91,42.43,0.4651,2639.17,0,0,0,0,0.2504,0
AUC_1223,2431189799,27,5,114,0.1852,22.8,784093,967860,20000,240,23,142,15,0.1056,395.34,101.55,15.85,0.6416,30638.98,0,0,1,1,0.291,1
AUC_1270,2071511054,88,40,428,0.4545,10.7,715896,835094,20000,180,14,127,15,0.1181,209.49,34.65,8.38,0.4441,27179.46,0,0,1,0,0.0308,0
AUC_1288,2389499228,38,1,343,0.0263,343.0,568421,687151,2000,240,24,67,31,0.4627,83.36,3.88,28.08,0.9222,2405.98,0,1,1,0,0.9862,1
AUC_1301,2797267556,67,25,526,0.3731,21.04,434697,502890,1000,120,22,304,4,0.0132,370.67,68.19,1.45,0.6764,1994.14,0,0,1,0,0.1111,0
AUC_1150,1839197332,47,21,153,0.4468,7.2857,486410,558087,5000,60,22,365,13,0.0356,307.23,5.39,9.13,0.2287,14241.58,0,1,0,1,0.0879,0
AUC_1398,2016644699,101,8,2970,0.0792,371.25,395809,436358,2000,30,21,250,25,0.1,31.49,0.33,2.84,0.9379,3227.28,1,1,1,0,0.8327,1
AUC_1033,2787109349,88,7,1112,0.0795,158.8571,1825566,1958806,10000,60,7,104,18,0.1731,11.01,6.3,5.7,0.7975,17304.61,1,1,1,0,0.6982,0
AUC_1239,1207459663,75,27,528,0.36,19.5556,631701,735915,20000,90,10,126,7,0.0556,69.22,46.35,13.28,0.3024,45278.29,0,0,0,0,0.1094,0
AUC_1325,1105868245,58,8,242,0.1379,30.25,478138,543035,2000,240,20,300,11,0.0367,334.85,136.42,18.57,0.4667,5876.81,0,0,1,1,0.2436,0
AUC_1175,1065477061,9,3,50,0.3333,16.6667,591313,737241,2000,90,3,44,7,0.1591,338.91,46.71,51.38,0.4138,2707.4,0,0,0,0,0.01,0
AUC_1208,1756834820,64,3,271,0.0469,90.3333,1485501,1684569,20000,60,13,168,7,0.0417,241.97,51.97,8.91,0.2304,23549.25,0,0,0,1,0.2644,0
AUC_1175,1560416280,102,4,1153,0.0392,288.25,319158,370230,10000,60,11,146,31,0.2123,22.15,11.51,5.66,0.7676,11936.07,1,0,1,0,0.8831,1
AUC_1217,2007035034,84,34,378,0.4048,11.1176,1996849,2313974,5000,60,4,40,7,0.175,114.75,19.24,18.38,0.3842,15835.66,0,0,0,0,0.1597,1
AUC_1371,1706704594,18,1,76,0.0556,76.0,1906941,2181536,10000,120,22,209,5,0.0239,830.11,2.35,64.54,0.2011,19337.79,0,1,0,0,0.2762,1
AUC_1303,1927898498,32,2,390,0.0625,195.0,1541015,1917256,1000,240,21,209,17,0.0813,29.81,58.99,14.92,0.9278,1783.48,0,0,1,0,0.8567,1
AUC_1033,2358161910,82,6,758,0.0732,126.3333,250065,266142,5000,120,16,193,34,0.1762,46.83,9.53,2.25,0.6307,7286.53,1,1,1,0,0.9039,0
AUC_1223,1607559389,26,10,68,0.3846,6.8,1354808,1438344,5000,90,15,232,8,0.0345,433.48,61.92,7.03,0.4523,9220.56,0,0,1,0,0.1283,0
AUC_1316,1284199998,111,23,1135,0.2072,49.3478,1077045,1306859,10000,240,11,170,10,0.0588,495.78,119.9,30.73,0.5424,33074.24,0,0,0,0,0.1525,0
AUC_1351,2632197646,59,3,1347,0.0508,449.0,1972008,2230116,5000,90,19,339,18,0.0531,9.26,8.18,4.77,0.7302,7731.32,1,1,1,0,0.9103,1
AUC_1286,1165471693,31,6,96,0.1935,16.0,940080,1080638,10000,120,21,160,5,0.0312,1029.87,7.55,22.1,0.2992,25443.84,0,1,0,0,0.01,0
AUC_1296,1357178740,99,4,1704,0.0404,426.0,584675,660313,2000,120,13,122,18,0.1475,5.51,14.22,0.74,0.8696,4229.34,1,1,1,0,0.7152,1
AUC_1324,2042580336,62,27,354,0.4355,13.1111,347299,374048,10000,120,8,133,10,0.0752,368.47,51.61,20.91,0.393,24564.45,0,0,0,0,0.0293,0
AUC_1370,2041766931,43,21,159,0.4884,7.5714,1986979,2453930,1000,120,12,51,6,0.1176,145.22,51.76,12.98,0.5094,1833.83,0,0,1,0,0.0846,0
AUC_1196,2496318911,17,0,183,0.0,183.0,216245,233851,5000,180,12,63,22,0.3492,68.5,42.63,5.46,0.7392,6933.59,1,0,1,0,0.8484,1
AUC_1048,2634774297,34,2,874,0.0588,437.0,602597,726658,10000,60,11,189,35,0.1852,83.62,8.62,1.89,0.6076,18073.59,0,0,1,0,0.8178,1
AUC_1373,1460931006,43,9,190,0.2093,21.1111,1522510,1669245,5000,90,3,37,8,0.2162,154.2,62.53,8.44,0.2464,11919.69,0,0,1,1,0.1248,0
AUC_1229,1522891347,75,18,737,0.24,40.9444,283521,344166,5000,90,18,44,12,0.2727,249.48,11.5,35.2,0.2072,16570.59,0,0,0,1,0.2887,1
AUC_1239,1004676365,117,36,1313,0.3077,36.4722,485937,547047,10000,120,3,23,12,0.5217,298.21,65.73,12.14,0.2681,31372.45,0,0,1,0,0.3207,1
AUC_1115,2627318732,10,0,64,0.0,64.0,1010650,1275441,1000,90,4,37,3,0.0811,484.53,22.4,51.72,0.4947,2184.96,0,0,0,0,0.321,0
AUC_1358,1111805682,42,5,381,0.119,76.2,1639915,2200695,1000,90,7,15,9,0.6,1188.77,7.17,24.03,0.3086,3634.07,0,1,0,1,0.2911,1
AUC_1027,2293603041,87,35,217,0.4023,6.2,1847156,2025553,1000,90,21,150,2,0.0133,331.18,76.72,0.17,0.5544,2199.68,0,0,1,1,0.1164,1
AUC_1122,2942918480,126,6,3270,0.0476,545.0,1530938,2017738,2000,120,7,57,22,0.386,88.85,8.28,13.0,0.7639,3815.06,0,1,1,0,0.8731,0
AUC_1079,1985403414,1,1,8,1.0,8.0,1340364,1635157,2000,30,16,36,9,0.25,882.19,12.1,5.04,0.1698,4828.31,0,0,0,0,0.1434,0
AUC_1102,2867968582,26,7,222,0.2692,31.7143,1471851,1570915,1000,90,4,39,6,0.1538,857.45,45.84,24.67,0.5064,2488.43,0,0,0,1,0.1137,0
AUC_1298,1580114523,106,20,338,0.1887,16.9,499969,624936,20000,120,15,209,7,0.0335,447.06,10.94,26.48,0.4277,21702.31,0,1,0,0,0.251,0
AUC_1378,1242581635,46,0,936,0.0,936.0,327029,377291,10000,120,12,175,21,0.12,34.5,30.11,11.42,0.8135,19405.9,1,0,1,0,0.7711,1
AUC_1117,1143502471,77,17,357,0.2208,21.0,1989077,2085791,1000,240,18,146,7,0.0479,169.28,103.82,43.18,0.231,1630.66,0,0,0,1,0.1164,0
AUC_1126,2414385216,29,13,221,0.4483,17.0,516883,536757,2000,180,23,287,10,0.0348,372.68,131.58,4.12,0.2128,5752.42,0,0,1,0,0.1499,0
AUC_1128,1766528955,17,4,58,0.2353,14.5,1791323,2165908,5000,120,8,68,3,0.0441,255.86,78.75,42.57,0.3834,9276.72,0,0,0,0,0.1856,0
AUC_1127,2344156293,21,5,87,0.2381,17.4,1686762,1930448,20000,90,12,62,2,0.0323,310.35,69.46,16.39,0.2687,24933.84,0,0,0,0,0.0832,0
AUC_1168,1609488552,99,4,1609,0.0404,402.25,179046,191127,10000,180,11,154,26,0.1688,21.63,40.88,11.69,0.9027,13305.49,1,0,1,0,0.8577,1
AUC_1019,2715824607,2,1,7,0.5,7.0,1164725,1220155,20000,30,13,102,3,0.0294,908.42,5.22,5.69,0.2958,70785.85,0,0,0,0,0.0385,0
AUC_1367,1439616817,47,2,725,0.0426,362.5,1944831,2060285,5000,90,15,250,24,0.096,38.61,25.83,8.12,0.7761,9609.62,1,0,1,0,0.7686,0
AUC_1283,1635693883,5,1,22,0.2,22.0,1794165,2214218,1000,90,20,94,5,0.0532,791.4,30.41,52.61,0.2507,2958.47,0,0,0,0,0.1001,0
AUC_1304,2799376063,34,7,232,0.2059,33.1429,233524,239177,10000,120,8,89,5,0.0562,1059.08,9.54,30.2,0.5252,21300.68,0,1,0,0,0.1895,1
AUC_1276,1236137452,27,8,116,0.2963,14.5,1019570,1154424,20000,60,4,67,8,0.1194,888.74,7.31,28.14,0.3113,47758.92,0,0,0,1,0.0274,1
AUC_1005,2697595125,34,2,308,0.0588,154.0,609882,783144,2000,90,6,61,9,0.1475,294.87,60.22,59.58,0.3094,6452.6,0,0,0,1,0.3349,0
AUC_1349,2378499280,95,2,2490,0.0211,1245.0,1741159,1941875,10000,60,20,346,27,0.078,86.36,0.26,2.0,0.7238,19239.11,0,1,1,0,0.5518,1
AUC_1221,1348974122,91,5,1112,0.0549,222.4,1201751,1692207,1000,180,8,41,28,0.6829,72.96,2.64,11.61,0.6551,1573.24,0,1,1,0,0.8435,1
AUC_1362,2461510231,106,0,2519,0.0,2519.0,654125,806928,2000,120,24,60,27,0.45,58.89,4.55,20.27,0.7941,2132.45,1,1,0,0,0.7833,0
AUC_1149,1753943417,111,42,1373,0.3784,32.6905,1737392,1900739,5000,90,14,38,8,0.2105,334.29,9.18,13.66,0.5786,7668.65,0,1,0,1,0.1805,0
AUC_1391,1148898000,19,0,177,0.0,177.0,543896,665737,1000,60,17,153,2,0.0131,859.34,20.96,30.62,0.347,2265.31,0,0,0,0,0.2666,0
AUC_1308,1369785802,97,4,961,0.0412,240.25,1006711,1193113,1000,60,23,361,26,0.072,23.12,0.76,1.54,0.6201,2116.77,1,1,1,0,0.8464,1
AUC_1196,2159298599,104,5,1974,0.0481,394.8,1189646,1697276,2000,180,3,45,37,0.8222,63.76,33.09,4.52,0.9139,2970.07,1,0,1,0,0.99,1
AUC_1117,2869258597,28,14,169,0.5,12.0714,1174719,1329583,2000,120,22,274,3,0.0109,352.48,59.28,7.94,0.2862,2175.3,0,0,1,1,0.1376,0
AUC_1098,1029512872,79,0,2689,0.0,2689.0,739085,912830,2000,180,6,64,28,0.4375,56.4,49.9,19.28,0.811,3514.91,1,0,1,0,0.8354,1
AUC_1173,2686325516,17,2,70,0.1176,35.0,1246290,1302627,20000,90,20,265,3,0.0113,122.08,39.71,54.43,0.3749,64842.76,0,0,0,0,0.2619,0
AUC_1101,1990896013,15,0,192,0.0,192.0,803377,872497,1000,120,13,229,26,0.1135,69.42,12.12,6.9,0.6986,1548.98,1,1,1,0,0.7588,1
AUC_1079,1500115994,49,1,435,0.0204,435.0,992983,1179335,10000,90,9,118,28,0.2373,15.57,14.45,5.19,0.7293,13846.89,1,0,1,0,0.9068,1
AUC_1369,1475786088,19,6,217,0.3158,36.1667,575958,698869,20000,120,20,147,11,0.0748,342.66,57.13,15.7,0.536,34133.61,0,0,0,1,0.1475,0
AUC_1085,1162243962,11,3,108,0.2727,36.0,436703,454603,5000,240,4,49,9,0.1837,543.5,133.57,68.8,0.4402,20526.49,0,0,0,1,0.1361,0
AUC_1360,2030295247,43,5,192,0.1163,38.4,548829,703969,1000,120,6,24,3,0.125,225.05,56.09,1.15,0.4418,1280.36,0,0,1,1,0.3279,0
AUC_1174,2129304261,7,1,34,0.1429,34.0,507116,578027,5000,180,16,145,7,0.0483,344.25,116.88,9.96,0.6076,5795.37,0,0,1,1,0.2593,0
AUC_1182,2290752807,79,20,216,0.2532,10.8,1109208,1343748,1000,240,19,245,2,0.0082,256.33,118.72,10.93,0.3492,2501.45,0,0,1,1,0.0513,0
AUC_1202,2708764068,28,2,254,0.0714,127.0,1836735,2321634,20000,120,10,26,6,0.2308,412.69,14.2,68.86,0.1485,34611.71,0,1,0,0,0.438,0
AUC_1055,2338918721,17,1,168,0.0588,168.0,232857,244140,5000,120,3,21,5,0.2381,808.61,93.02,76.84,0.2616,19706.11,0,0,0,0,0.4029,0
AUC_1196,2353384062,74,30,160,0.4054,5.3333,1786405,1911947,20000,90,17,125,2,0.016,443.27,41.24,14.69,0.395,37091.02,0,0,0,1,0.0561,0
AUC_1194,1625935860,14,3,89,0.2143,29.6667,1948071,2375523,2000,180,22,285,6,0.0211,332.46,164.83,14.57,0.3348,4612.89,0,0,1,0,0.1508,0
AUC_1181,1325742205,38,2,86,0.0526,43.0,1858677,2005135,10000,180,11,126,2,0.0159,444.0,64.8,2.9,0.4246,16753.34,0,0,1,1,0.1124,0
AUC_1190,1898979388,63,29,356,0.4603,12.2759,503044,630236,2000,90,13,78,10,0.1282,232.0,41.96,10.33,0.2583,4281.15,0,0,1,0,0.1126,0
AUC_1392,1971922775,112,26,1536,0.2321,59.0769,1881431,2008032,2000,60,3,26,14,0.5385,106.84,18.09,3.0,0.6192,3295.39,0,0,1,1,0.453,1
AUC_1149,2361627483,15,3,125,0.2,41.6667,290106,309564,20000,60,18,224,9,0.0402,999.55,46.85,41.06,0.4719,57166.06,0,0,0,0,0.2271,0
AUC_1267,1520402253,96,39,701,0.4062,17.9744,511500,537250,20000,180,10,171,13,0.076,397.21,28.54,14.07,0.6154,53210.58,0,0,1,1,0.01,0
AUC_1122,2003656772,102,5,1334,0.049,266.8,1625388,2051439,1000,120,8,127,38,0.2992,113.01,40.53,7.2,0.9225,1601.3,0,0,1,0,0.7702,1
AUC_1370,2413185087,49,3,1174,0.0612,391.3333,331507,417493,10000,120,9,59,16,0.2712,25.64,21.98,5.6,0.862,14147.48,0,0,1,0,0.8593,0
AUC_1372,2659428222,43,15,255,0.3488,17.0,1456239,1699419,1000,120,10,55,6,0.1091,217.53,33.61,3.36,0.581,3204.49,0,0,1,0,0.1838,0
AUC_1259,1054590168,85,1,2759,0.0118,2759.0,1853434,2163336,2000,30,7,35,17,0.4857,54.56,8.85,3.73,0.8761,2610.92,0,0,0,0,0.7199,0
AUC_1322,1065556584,32,1,307,0.0312,307.0,980672,1049256,10000,180,19,282,6,0.0213,1122.49,151.98,28.95,0.3222,36818.66,0,0,0,0,0.2148,1
AUC_1207,1469670206,29,3,103,0.1034,34.3333,1396193,1629672,5000,90,12,42,8,0.1905,805.88,19.27,33.51,0.5164,18463.52,0,0,0,0,0.2192,1
AUC_1123,1522387149,100,42,1206,0.42,28.7143,1821488,2134215,10000,240,23,214,11,0.0514,317.28,139.09,24.01,0.31,33252.81,0,0,1,0,0.0338,0
AUC_1141,1651815024,81,20,334,0.2469,16.7,271507,299984,1000,60,17,303,8,0.0264,126.4,34.74,18.08,0.5479,2089.72,0,0,0,1,0.2023,0
AUC_1341,1492490095,31,1,219,0.0323,219.0,221862,251741,1000,180,15,226,9,0.0398,1056.37,110.95,125.03,0.3977,4154.71,0,0,0,0,0.1513,0
AUC_1015,1594870814,54,22,385,0.4074,17.5,595515,777119,2000,180,3,37,9,0.2432,90.82,41.4,3.95,0.2833,2260.04,0,0,1,0,0.1072,0
AUC_1099,1350050057,44,22,189,0.5,8.5909,827008,897607,20000,120,8,40,15,0.375,244.82,49.36,37.15,0.2149,46063.03,0,0,0,1,0.104,0
AUC_1135,1856045955,24,6,77,0.25,12.8333,1216037,1364260,20000,90,7,51,2,0.0392,140.83,60.76,2.36,0.3342,51567.52,0,0,1,0,0.1177,0
AUC_1382,1247458854,40,5,381,0.125,76.2,887850,1114364,1000,60,3,37,6,0.1622,257.71,39.53,37.63,0.2379,2987.36,0,0,0,1,0.3249,0
AUC_1343,1873231522,91,4,962,0.044,240.5,1682311,2085618,10000,90,19,272,34,0.125,89.78,5.88,5.04,0.7464,16882.58,0,1,1,0,0.827,1
AUC_1152,1473502410,20,2,254,0.1,127.0,1978686,2129252,10000,120,10,90,26,0.2889,67.29,9.82,2.95,0.9669,10880.45,1,1,1,0,0.8902,1
AUC_1032,1388595294,84,4,678,0.0476,169.5,426033,460601,2000,30,20,167,8,0.0479,103.98,27.07,1.25,0.5085,2630.33,0,0,1,1,0.3629,0
AUC_1041,2284242495,23,1,537,0.0435,537.0,1418408,1686689,10000,120,18,217,12,0.0553,7.79,35.7,10.69,0.5672,20341.35,0,0,1,0,0.6779,0
AUC_1197,2650445485,1,1,9,1.0,9.0,1262684,1526620,20000,240,11,169,2,0.0118,402.04,200.39,149.72,0.4981,32606.29,0,0,0,1,0.0638,0
AUC_1152,2429182354,28,2,673,0.0714,336.5,1382179,1630535,2000,120,7,32,29,0.9062,41.48,21.68,0.6,0.6117,2925.56,1,0,1,0,0.99,1
AUC_1132,1453455495,23,2,58,0.087,29.0,370593,386566,1000,120,22,318,3,0.0094,786.94,23.86,45.04,0.3153,3837.72,0,0,0,0,0.1299,0
AUC_1305,1861632348,142,7,1798,0.0493,256.8571,60608,63831,20000,240,22,92,30,0.3261,32.51,39.08,23.98,0.8677,27028.77,1,0,1,0,0.8576,1
AUC_1287,1647833667,132,9,3122,0.0682,346.8889,997286,1268534,5000,30,9,154,34,0.2208,82.99,2.49,1.11,0.776,5037.64,0,1,1,0,0.7618,1
AUC_1245,2379043486,65,20,650,0.3077,32.5,1880352,2012310,5000,60,9,111,7,0.0631,324.5,24.81,18.67,0.5738,13290.13,0,0,0,1,0.2433,0
AUC_1074,1228932148,53,2,763,0.0377,381.5,510928,554126,1000,120,10,142,23,0.162,23.79,10.62,11.82,0.6764,1835.65,1,1,1,0,0.8891,1
AUC_1044,1968152993,112,25,1472,0.2232,58.88,1755095,1892691,5000,60,12,180,7,0.0389,376.09,21.33,3.07,0.6234,13917.9,0,0,1,0,0.2766,0
AUC_1345,2297977369,108,27,934,0.25,34.5926,1015678,1277973,10000,60,12,63,8,0.127,164.31,22.03,20.13,0.4402,28652.01,0,0,0,1,0.0334,0
AUC_1192,1542863032,37,5,278,0.1351,55.6,1924810,2148330,10000,240,19,65,2,0.0308,168.53,150.01,29.2,0.3949,28214.97,0,0,0,1,0.203,0
AUC_1045,1160912126,23,7,134,0.3043,19.1429,52979,59587,10000,120,24,232,3,0.0129,842.85,6.99,70.46,0.2278,28821.83,0,1,0,0,0.0935,0
AUC_1073,1307092118,53,13,279,0.2453,21.4615,288445,328416,2000,120,13,101,9,0.0891,246.42,59.52,11.59,0.3215,3993.44,0,0,1,0,0.1075,1
AUC_1112,1022390434,25,8,72,0.32,9.0,732946,842579,2000,240,17,150,7,0.0467,298.84,137.03,35.88,0.5337,2743.48,0,0,0,0,0.1579,0
AUC_1265,2213255339,39,8,90,0.2051,11.25,430332,464958,1000,240,13,54,9,0.1667,1069.44,112.1,56.09,0.1997,1866.0,0,0,0,0,0.0324,0
AUC_1029,1209030913,68,20,340,0.2941,17.0,1431618,1516821,5000,180,6,86,5,0.0581,424.29,91.32,2.8,0.588,13793.84,0,0,1,0,0.1412,0
AUC_1175,2537387369,68,24,280,0.3529,11.6667,1397024,1491827,2000,90,8,37,6,0.1622,378.65,71.31,15.31,0.5636,3883.82,0,0,0,0,0.1631,0
AUC_1054,2197181275,113,53,879,0.469,16.5849,355285,384333,5000,120,10,179,10,0.0559,406.48,73.68,34.53,0.5942,9510.15,0,0,0,0,0.174,1
AUC_1104,1749805761,62,23,680,0.371,29.5652,785418,829454,10000,180,18,82,8,0.0976,315.94,73.19,21.4,0.3967,28033.69,0,0,1,0,0.2265,0
AUC_1057,2310608051,14,0,311,0.0,311.0,1881823,2062475,2000,90,24,261,10,0.0383,21.49,1.22,1.51,0.5908,4027.32,0,1,1,1,0.7619,1
AUC_1309,2684777389,89,40,523,0.4494,13.075,242161,294019,1000,60,8,119,6,0.0504,419.38,42.39,1.67,0.335,1466.02,0,0,1,0,0.1722,1
AUC_1346,2754609243,73,4,1443,0.0548,360.75,1476216,1780711,2000,60,21,64,23,0.3594,82.42,8.37,4.55,0.6911,2115.05,0,0,1,0,0.7409,1
AUC_1033,1059899118,28,7,185,0.25,26.4286,981720,1172678,1000,30,12,141,5,0.0355,364.44,11.24,0.32,0.6545,1661.96,0,0,1,0,0.1208,0
AUC_1230,1072179196,18,0,231,0.0,231.0,1503456,1809705,5000,120,8,102,22,0.2157,29.51,11.46,10.71,0.562,6130.58,1,1,1,0,0.874,0
AUC_1150,1298006444,40,0,649,0.0,649.0,203876,235824,5000,120,14,167,17,0.1018,37.47,3.57,7.0,0.805,5755.96,0,1,1,0,0.7066,1
AUC_1118,1739156522,18,1,424,0.0556,424.0,1649039,1736345,5000,240,20,195,21,0.1077,20.02,57.13,19.46,0.6199,8010.73,1,0,1,0,0.8805,1
AUC_1272,1674990139,79,20,500,0.2532,25.0,1312205,1597268,2000,90,24,262,14,0.0534,269.91,39.61,30.44,0.6243,2756.76,0,0,0,1,0.1322,0
AUC_1070,1470097527,69,20,681,0.2899,34.05,947385,1185854,1000,90,12,122,11,0.0902,312.82,3.53,2.2,0.2086,2639.96,0,1,1,1,0.1292,0
AUC_1156,1714746542,61,13,611,0.2131,47.0,1403302,1594058,20000,60,19,250,11,0.044,171.6,18.76,11.94,0.6458,37725.22,0,0,0,1,0.3229,0
AUC_1286,2555445506,46,17,203,0.3696,11.9412,932240,1087305,5000,30,24,205,9,0.0439,250.71,17.84,5.36,0.2493,6861.33,0,0,0,1,0.0641,0
AUC_1013,1140102309,8,2,23,0.25,11.5,1433859,1768551,5000,120,16,92,7,0.0761,743.1,71.47,35.89,0.5304,9565.81,0,0,0,0,0.1034,1
AUC_1029,2431226304,92,3,1653,0.0326,551.0,1488137,1788509,20000,90,14,169,30,0.1775,31.11,21.47,0.8,0.806,25591.42,1,0,1,0,0.8409,1
AUC_1273,1858431040,132,12,1570,0.0909,130.8333,1069789,1349236,5000,120,24,160,38,0.2375,39.2,2.54,2.41,0.703,8996.01,1,1,1,0,0.99,1
AUC_1360,2029124521,50,5,401,0.1,80.2,1474756,1906680,5000,60,22,121,33,0.2727,8.53,0.15,0.91,0.9233,8751.23,1,1,1,0,0.99,1
AUC_1028,1658712693,5,0,39,0.0,39.0,1400994,1685361,2000,240,16,236,6,0.0254,174.18,102.79,10.29,0.2054,3215.41,0,0,1,1,0.1437,1
AUC_1244,1755169651,39,1,1331,0.0256,1331.0,1404053,1701861,5000,180,7,38,19,0.5,80.48,36.09,11.85,0.8295,7737.36,0,0,1,0,0.8753,1
AUC_1161,2771888868,6,1,27,0.1667,27.0,467662,561974,10000,240,10,79,9,0.1139,332.93,161.02,14.23,0.5221,24617.9,0,0,1,1,0.104,0
AUC_1162,1812990022,97,3,1970,0.0309,656.6667,1067929,1201659,5000,240,22,338,35,0.1036,32.47,13.41,11.81,0.6202,6509.86,1,1,1,0,0.9402,1
AUC_1293,1384948166,64,0,832,0.0,832.0,140198,175356,2000,90,22,122,15,0.123,33.02,0.4,1.0,0.667,3545.36,0,1,1,1,0.7561,1
AUC_1364,2344158408,55,3,686,0.0545,228.6667,1806773,1993687,5000,120,13,122,16,0.1311,10.37,32.91,6.64,0.6685,9474.45,0,0,1,0,0.8685,1
AUC_1209,2234588874,117,56,1117,0.4786,19.9464,1460061,1562474,1000,90,22,183,10,0.0546,463.24,14.23,28.86,0.2054,1212.0,0,0,0,1,0.0205,0
AUC_1230,1038361549,129,4,3732,0.031,933.0,388366,441735,5000,180,16,108,21,0.1944,40.61,23.07,11.31,0.729,7612.07,1,0,1,0,0.8107,1
AUC_1277,1603344932,27,4,229,0.1481,57.25,1102065,1250973,20000,180,16,211,3,0.0142,678.38,68.3,61.82,0.474,47278.7,0,0,0,0,0.1877,1
AUC_1071,1135233966,41,3,306,0.0732,102.0,168916,197443,5000,180,14,41,8,0.1951,870.9,77.21,37.42,0.516,7140.16,0,0,0,0,0.3567,1
AUC_1106,1276664355,44,3,407,0.0682,135.6667,848409,903447,2000,60,8,54,7,0.1296,1012.0,42.04,24.5,0.2309,5141.65,0,0,0,0,0.2477,0
AUC_1166,2720323500,2,1,14,0.5,14.0,1661151,1783261,10000,120,14,72,3,0.0417,1168.11,3.54,54.96,0.1684,22536.71,0,1,0,0,0.0555,0
AUC_1037,1211999381,22,6,156,0.2727,26.0,483399,498720,1000,90,15,223,8,0.0359,96.43,61.51,8.39,0.1676,1965.97,0,0,1,0,0.1273,0
AUC_1267,1389945211,28,11,182,0.3929,16.5455,526389,664499,1000,90,15,130,12,0.0923,114.04,34.66,21.43,0.3065,1792.7,0,0,0,0,0.119,0
AUC_1223,1666417221,40,2,248,0.05,124.0,1885564,1934515,5000,240,4,37,1,0.027,768.04,185.82,132.77,0.3644,9442.4,0,0,0,1,0.2889,0
AUC_1090,1024735346,81,6,1389,0.0741,231.5,1179708,1447859,5000,90,10,102,23,0.2255,32.43,9.83,0.13,0.8905,6887.17,1,1,1,0,0.9704,1
AUC_1230,2234176876,103,42,1075,0.4078,25.5952,329540,411573,2000,30,12,197,11,0.0558,399.13,14.1,1.1,0.2398,5231.02,0,0,1,0,0.0103,0
AUC_1132,2499807589,40,13,338,0.325,26.0,1666303,1920783,5000,240,17,264,3,0.0114,762.12,134.48,106.27,0.3314,11196.97,0,0,0,0,0.01,0
AUC_1183,2067436518,35,0,239,0.0,239.0,1320478,1567891,20000,120,5,25,7,0.28,432.44,69.81,47.56,0.5043,70439.78,0,0,0,0,0.3108,1
AUC_1323,2860392048,66,1,1492,0.0152,1492.0,1059338,1216001,10000,60,10,161,13,0.0807,9.99,15.67,3.86,0.7519,13832.89,0,0,1,0,0.8869,1
AUC_1365,1619634614,134,3,3370,0.0224,1123.3333,1117429,1237318,20000,180,12,37,21,0.5676,102.29,20.15,30.46,0.9071,27057.86,0,1,0,0,0.7061,1
AUC_1037,1541540568,31,15,158,0.4839,10.5333,206309,226696,10000,120,4,51,10,0.1961,417.24,10.32,35.38,0.5183,13559.21,0,1,0,0,0.1252,0
AUC_1274,1813708534,39,1,128,0.0256,128.0,1920759,2286085,10000,180,14,92,7,0.0761,289.01,64.69,15.96,0.4171,20322.25,0,0,1,0,0.3263,0
AUC_1029,1686811695,60,9,278,0.15,30.8889,913478,1137701,5000,240,3,51,8,0.1569,249.24,188.71,37.71,0.3069,6836.07,0,0,0,1,0.1606,0
AUC_1064,2392298797,17,6,141,0.3529,23.5,185015,227012,5000,180,24,374,10,0.0267,416.83,92.42,66.77,0.238,6553.59,0,0,0,0,0.0664,0
AUC_1391,2532724286,18,0,361,0.0,361.0,670803,758163,10000,60,18,190,22,0.1158,52.04,14.14,1.29,0.9177,19577.82,1,0,1,0,0.6885,1
AUC_1241,2494439365,10,1,94,0.1,94.0,569799,699093,20000,60,17,157,2,0.0127,1105.14,17.2,14.53,0.3462,39739.29,0,0,0,0,0.2467,0
AUC_1381,1662724093,24,3,83,0.125,27.6667,558799,612012,10000,180,15,111,6,0.0541,273.08,117.05,6.39,0.5784,23841.14,0,0,1,0,0.2005,0
AUC_1072,1225627129,97,8,1888,0.0825,236.0,1392938,1693704,2000,90,14,132,26,0.197,53.2,17.78,0.08,0.7046,2944.08,1,0,1,0,0.7027,1
AUC_1083,1260934243,35,0,487,0.0,487.0,1268945,1510009,2000,90,10,138,41,0.2971,56.29,30.75,13.04,0.8541,3109.25,1,0,0,0,0.9188,1
AUC_1133,2519753686,75,0,1332,0.0,1332.0,416461,496864,10000,240,5,83,15,0.1807,42.76,17.76,16.34,0.673,14318.46,0,1,1,0,0.8008,1
AUC_1170,1348391042,25,6,195,0.24,32.5,97281,112542,2000,120,21,119,3,0.0252,757.55,92.11,61.22,0.291,7980.87,0,0,0,0,0.1427,0
AUC_1215,2315318861,34,2,300,0.0588,150.0,1182817,1315048,2000,180,12,102,24,0.2353,38.75,11.24,11.59,0.6562,3318.44,1,1,1,0,0.8952,1
AUC_1394,1480663509,89,7,638,0.0787,91.1429,1320770,1365356,5000,30,13,232,6,0.0259,70.92,25.38,2.87,0.6892,14778.24,0,0,1,0,0.3699,0
AUC_1050,1356973822,51,2,460,0.0392,230.0,1318992,1823100,20000,60,4,54,30,0.5556,20.83,7.91,5.8,0.839,42091.35,1,0,1,0,0.9435,1
AUC_1378,1156777750,72,15,440,0.2083,29.3333,416047,486226,20000,240,6,67,10,0.1493,421.55,142.55,52.57,0.388,56425.9,0,0,0,0,0.1223,0
AUC_1055,1871904128,34,10,122,0.2941,12.2,765801,862531,2000,90,4,44,10,0.2273,157.33,66.69,0.95,0.1673,3632.03,0,0,1,0,0.2648,0
AUC_1314,2988007822,64,21,841,0.3281,40.0476,215393,239138,20000,120,18,67,15,0.2239,269.13,2.33,19.98,0.323,32148.76,0,1,0,0,0.3596,1
AUC_1029,2505729625,50,2,200,0.04,100.0,1761274,2277728,10000,90,5,14,8,0.5714,305.96,56.35,11.82,0.5188,26752.2,0,0,0,0,0.457,1
AUC_1160,2378235282,22,0,218,0.0,218.0,122782,145617,5000,90,13,188,3,0.016,411.61,35.49,41.36,0.234,21510.0,0,0,0,0,0.239,1
AUC_1040,2757688141,66,12,244,0.1818,20.3333,995923,1129521,5000,60,12,146,5,0.0342,168.32,45.18,6.15,0.5472,10990.61,0,0,1,1,0.2152,0
AUC_1023,2093419401,48,12,502,0.25,41.8333,306828,333938,1000,30,4,52,12,0.2308,225.47,18.58,10.85,0.3494,2986.62,0,0,0,1,0.2348,0
AUC_1112,2133899685,4,1,39,0.25,39.0,90697,108262,1000,120,17,50,8,0.16,562.78,36.82,22.88,0.3781,1630.53,0,0,0,1,0.1269,1
AUC_1115,1403436085,86,38,1104,0.4419,29.0526,1129160,1367626,20000,120,10,96,11,0.1146,301.0,2.26,17.94,0.4374,36792.14,0,1,0,0,0.1648,0
AUC_1374,2719962468,6,1,43,0.1667,43.0,941717,1115512,20000,120,3,37,10,0.2703,376.09,106.17,10.3,0.64,24035.13,0,0,1,0,0.3061,0
AUC_1332,1565710623,25,0,100,0.0,100.0,1803308,2196897,5000,120,20,314,8,0.0255,1057.38,5.85,50.39,0.2863,6179.52,0,1,0,1,0.2219,0
AUC_1208,2886273494,50,15,169,0.3,11.2667,464766,541677,2000,90,11,33,2,0.0606,77.71,61.86,6.33,0.1582,5637.97,0,0,1,0,0.0712,0
AUC_1116,2651788819,25,0,221,0.0,221.0,1784299,2090697,20000,120,4,69,7,0.1014,1043.41,52.97,33.93,0.1419,42381.65,0,0,0,0,0.2423,0
AUC_1095,1685987474,95,4,1824,0.0421,456.0,965350,1198329,5000,180,18,150,14,0.0933,10.87,20.38,11.95,0.6877,9265.35,0,1,1,0,0.5871,0
AUC_1303,1909627250,37,13,103,0.3514,7.9231,1023344,1253224,2000,240,8,43,10,0.2326,403.38,148.26,0.5,0.6687,2171.21,0,0,1,0,0.1078,0
AUC_1189,2786852800,16,3,138,0.1875,46.0,1464386,1613495,10000,60,22,50,1,0.02,609.94,43.39,25.0,0.3848,28744.46,0,0,0,0,0.1223,0
AUC_1254,2848307438,137,3,2482,0.0219,827.3333,1872711,2340977,20000,30,19,254,31,0.122,9.57,1.8,0.5,0.8433,36991.59,1,1,1,0,0.8924,1
AUC_1239,1693321316,26,7,239,0.2692,34.1429,1969857,2068833,5000,180,8,80,2,0.025,568.84,79.12,106.21,0.1784,11294.77,0,0,0,0,0.1285,1
AUC_1365,2636072662,14,2,92,0.1429,46.0,778559,864846,20000,120,11,45,8,0.1778,249.58,112.77,3.85,0.314,37136.9,0,0,1,0,0.1776,0
AUC_1051,2738578886,130,1,2501,0.0077,2501.0,1875740,2309765,1000,60,21,165,24,0.1455,60.69,3.97,3.79,0.7441,1630.36,1,1,1,0,0.7264,0
AUC_1114,1190295794,34,8,250,0.2353,31.25,505311,600850,2000,60,10,20,4,0.2,429.33,39.8,5.18,0.6081,2667.98,0,0,1,0,0.1599,0
AUC_1116,2637762987,19,3,108,0.1579,36.0,1876678,2314300,1000,180,11,130,9,0.0692,408.52,100.03,17.19,0.1671,2138.02,0,0,1,1,0.2102,0
AUC_1009,2096072280,24,2,715,0.0833,357.5,1709229,2285812,5000,240,13,36,22,0.6111,68.18,17.87,11.18,0.7024,5767.73,1,1,1,0,0.8637,1
AUC_1262,2483251852,65,32,404,0.4923,12.625,294818,331113,10000,120,12,140,9,0.0643,432.59,67.32,38.4,0.2189,26551.33,0,0,0,0,0.0311,0
AUC_1126,1788540270,39,1,195,0.0256,195.0,956671,1096534,2000,120,14,224,9,0.0402,1165.62,92.83,64.18,0.2428,4750.6,0,0,0,0,0.3308,0
AUC_1200,2831606040,83,1,409,0.012,409.0,1605893,1895101,2000,90,15,149,9,0.0604,237.01,84.46,7.95,0.3987,2030.51,0,0,1,0,0.3262,0
AUC_1088,2600166822,17,1,221,0.0588,221.0,789026,860449,2000,120,8,120,35,0.2917,25.99,16.85,10.88,0.9153,3436.5,1,0,1,1,0.99,1
AUC_1306,2261891037,44,6,102,0.1364,17.0,1116909,1214601,1000,180,8,136,4,0.0294,655.85,47.72,55.06,0.3251,1210.39,0,0,0,1,0.1765,1
AUC_1208,2387983627,27,6,364,0.2222,60.6667,989703,1150251,1000,90,9,92,8,0.087,458.8,13.28,3.08,0.3559,3379.73,0,0,1,0,0.1031,0
AUC_1017,2353890890,76,0,1956,0.0,1956.0,94649,134210,5000,60,3,48,36,0.75,52.41,12.45,2.09,0.9499,6984.72,1,0,1,1,0.99,1
AUC_1241,2498283246,39,6,351,0.1538,58.5,614154,656107,20000,180,14,85,9,0.1059,248.63,84.08,110.22,0.1907,69643.31,0,0,0,0,0.0382,0
AUC_1246,2237033217,118,8,1887,0.0678,235.875,685580,826904,1000,120,10,34,17,0.5,46.64,13.72,11.84,0.717,1137.13,0,1,1,0,0.9045,1
AUC_1178,1640007623,28,8,300,0.2857,37.5,1366454,1458649,10000,120,14,116,11,0.0948,169.5,6.76,9.89,0.4611,23645.67,0,1,1,1,0.1725,0
AUC_1242,2364567221,95,25,579,0.2632,23.16,886848,1106840,2000,60,20,156,10,0.0641,211.04,36.24,18.55,0.3806,6643.64,0,0,0,1,0.1102,0
AUC_1139,2408406800,55,8,756,0.1455,94.5,270921,321018,5000,60,9,47,15,0.3191,184.45,27.22,10.17,0.2655,12279.7,0,0,0,0,0.2556,0
AUC_1277,2982265826,45,10,452,0.2222,45.2,401880,446869,10000,60,8,73,10,0.137,318.87,13.34,20.03,0.5576,33521.45,0,0,0,1,0.2994,0
AUC_1181,2885856520,9,2,73,0.2222,36.5,1522292,1701481,5000,180,3,50,4,0.08,439.69,119.89,10.28,0.3955,9899.9,0,0,1,0,0.1227,0
AUC_1208,2725542503,38,3,369,0.0789,123.0,294215,331176,5000,240,15,75,1,0.0133,828.3,7.73,73.98,0.2387,11729.55,0,1,0,0,0.2379,0
AUC_1176,1036835167,37,11,101,0.2973,9.1818,1449105,1778109,20000,120,4,40,1,0.025,1181.34,4.94,27.68,0.3147,47327.66,0,1,0,1,0.2379,1
AUC_1259,2014474426,74,3,679,0.0405,226.3333,1362698,1509213,1000,180,23,413,18,0.0436,22.78,9.21,5.29,0.7095,1626.71,1,1,1,0,0.8951,1
AUC_1175,2633181844,3,0,24,0.0,24.0,1870540,2249570,2000,90,7,49,1,0.0204,710.6,19.18,61.66,0.2077,7446.51,0,0,0,0,0.0755,0
AUC_1054,1083269868,42,6,127,0.1429,21.1667,1785066,2258426,1000,180,18,106,12,0.1132,475.55,111.75,62.53,0.3319,1563.41,0,0,0,1,0.1895,0
AUC_1273,1947475939,44,10,156,0.2273,15.6,478984,571229,2000,180,5,71,8,0.1127,641.85,53.21,66.54,0.3405,5122.64,0,0,0,0,0.1021,1
AUC_1392,2869898230,25,0,204,0.0,204.0,985480,1072487,1000,60,10,178,8,0.0449,795.78,5.15,28.52,0.5454,3686.44,0,1,0,1,0.2924,0
AUC_1206,1841683481,94,41,931,0.4362,22.7073,1232242,1361994,1000,120,24,419,13,0.031,256.38,24.61,16.2,0.2811,1874.33,0,0,0,0,0.2149,0
AUC_1169,2103672249,33,5,69,0.1515,13.8,1173238,1394220,2000,30,6,82,7,0.0854,145.59,4.54,19.99,0.3573,8036.3,0,0,0,0,0.1272,0
AUC_1068,1231172314,51,4,490,0.0784,122.5,1766631,2070652,5000,240,11,29,22,0.7586,36.5,61.1,10.48,0.8326,6254.35,1,0,1,0,0.881,1
AUC_1078,2404562820,24,6,158,0.25,26.3333,1782176,1842450,20000,120,12,183,4,0.0219,338.22,105.2,13.02,0.6693,29303.44,0,0,1,1,0.1744,0
AUC_1014,2083880651,30,1,174,0.0333,174.0,292852,337892,2000,240,7,80,2,0.025,964.24,105.87,81.52,0.2852,3754.26,0,0,0,1,0.295,0
AUC_1162,2772758087,95,6,931,0.0632,155.1667,1120367,1230939,20000,90,16,159,28,0.1761,39.61,27.0,4.34,0.8639,25281.44,1,0,1,0,0.9343,1
AUC_1078,1594751880,51,1,781,0.0196,781.0,1777640,2221849,10000,60,16,146,23,0.1575,42.93,4.46,7.16,0.7865,14222.33,1,1,1,0,0.772,1
AUC_1024,2239124511,12,3,40,0.25,13.3333,651841,833230,2000,60,3,13,5,0.3846,504.92,45.23,23.02,0.2589,4470.16,0,0,0,1,0.1271,0
AUC_1045,2634124321,55,26,667,0.4727,25.6538,140541,165424,1000,90,20,336,9,0.0268,386.15,50.4,14.5,0.5176,2157.87,0,0,0,1,0.0403,0
AUC_1164,2695258554,54,5,716,0.0926,143.2,1070938,1482075,2000,90,7,58,30,0.5172,22.18,14.94,0.23,0.6026,3863.57,1,0,1,0,0.9475,1
AUC_1002,1876061188,95,40,384,0.4211,9.6,1466308,1744371,10000,120,13,221,7,0.0317,272.53,29.84,31.47,0.451,26681.39,0,0,0,0,0.1079,0
AUC_1100,2878649135,36,5,183,0.1389,36.6,318920,398491,1000,120,23,404,3,0.0074,551.4,27.04,47.65,0.1508,2201.6,0,0,0,0,0.2254,0
AUC_1244,1514020085,28,14,300,0.5,21.4286,62628,72839,1000,120,17,187,17,0.0909,212.19,3.07,44.78,0.2609,3134.36,0,1,0,0,0.0433,0
AUC_1153,1480430065,64,32,809,0.5,25.2812,1105850,1227482,20000,60,9,49,8,0.1633,78.32,7.13,4.85,0.4558,28464.57,0,1,1,0,0.1972,0
AUC_1189,1258640731,53,23,738,0.434,32.087,1841970,1979871,10000,180,15,60,16,0.2667,417.76,77.3,25.86,0.4433,12349.1,0,0,0,0,0.2222,0
AUC_1334,2111545536,29,2,425,0.069,212.5,1698134,1893780,20000,60,11,108,12,0.1111,16.75,9.26,4.65,0.8758,40219.77,0,0,1,0,0.6366,1
AUC_1390,1825734196,103,36,781,0.3495,21.6944,1666472,1792480,10000,120,24,182,12,0.0659,100.3,30.17,16.37,0.4009,14989.34,0,0,0,0,0.0206,0
AUC_1255,2906393245,1,0,5,0.0,5.0,561777,672271,10000,120,18,165,5,0.0303,659.22,89.91,45.68,0.3881,17921.09,0,0,0,0,0.1511,0
AUC_1121,1178704336,82,10,1000,0.122,100.0,294025,301442,1000,120,18,272,13,0.0478,203.28,5.54,11.05,0.4959,2985.02,0,1,1,0,0.3044,0
AUC_1393,1188151098,73,27,992,0.3699,36.7407,1330829,1529881,1000,90,19,234,9,0.0385,417.11,29.38,35.84,0.4996,1518.12,0,0,0,0,0.0697,0
AUC_1012,1242627975,34,0,319,0.0,319.0,738538,776635,20000,60,24,228,22,0.0965,26.46,2.6,2.14,0.8091,35354.28,1,1,1,0,0.7692,0
AUC_1384,2587464286,24,4,53,0.1667,13.25,384311,444678,20000,180,9,100,10,0.1,181.17,141.3,13.57,0.4887,30968.99,0,0,1,0,0.0534,0
AUC_1090,2136080750,100,38,1018,0.38,26.7895,1803191,1977344,2000,60,19,156,13,0.0833,466.77,7.63,9.46,0.3993,6767.5,0,0,0,1,0.1115,0
AUC_1374,2821976226,51,0,134,0.0,134.0,1520792,1646459,10000,60,7,123,7,0.0569,254.11,32.83,8.34,0.3265,12961.78,0,0,0,1,0.2948,1
AUC_1231,2336220636,30,0,477,0.0,477.0,859835,972855,20000,60,23,288,13,0.0451,34.2,5.4,3.52,0.9327,26721.63,0,1,1,0,0.7682,1
AUC_1036,2058753656,39,9,184,0.2308,20.4444,983540,1081229,20000,240,22,100,2,0.02,571.37,135.54,134.08,0.2327,75968.24,0,0,0,0,0.135,1
AUC_1000,1320661947,23,9,96,0.3913,10.6667,1430103,1671074,2000,90,4,60,7,0.1167,60.44,80.54,8.86,0.5405,3193.37,0,0,1,0,0.2439,1
AUC_1190,2885345381,34,12,98,0.3529,8.1667,971112,1149957,10000,90,10,22,5,0.2273,117.59,83.34,8.98,0.4412,29446.61,0,0,1,0,0.0742,0
AUC_1186,1420160200,28,6,144,0.2143,24.0,1602131,1715257,10000,120,24,336,2,0.006,218.2,75.74,0.46,0.6671,16217.24,0,0,1,1,0.1666,1
AUC_1108,2077799030,22,10,72,0.4545,7.2,1041030,1218937,1000,120,12,101,7,0.0693,327.6,69.18,4.46,0.2808,1988.94,0,0,1,1,0.0524,0
AUC_1329,2307633403,19,6,42,0.3158,7.0,858682,978946,20000,180,19,124,2,0.0161,321.75,97.53,1.4,0.5734,22065.93,0,0,1,0,0.1226,1
AUC_1085,1747318165,14,4,65,0.2857,16.25,880154,944588,20000,60,16,76,7,0.0921,524.08,44.78,18.0,0.3621,24308.84,0,0,0,1,0.0596,0
AUC_1176,2267144824,22,0,210,0.0,210.0,1006860,1165904,10000,120,10,85,8,0.0941,1018.53,30.69,22.32,0.3851,36116.42,0,0,0,1,0.2382,0
AUC_1269,1673550935,154,6,2491,0.039,415.1667,144575,151838,20000,240,22,174,20,0.1149,17.05,57.47,26.21,0.8974,30893.12,1,0,1,0,0.7195,0
AUC_1144,2452630246,15,0,352,0.0,352.0,595728,653118,10000,120,23,142,27,0.1901,67.08,3.73,12.27,0.8057,18485.45,1,1,1,0,0.8831,1
AUC_1045,1503853933,110,4,2198,0.0364,549.5,221678,299541,2000,60,8,41,34,0.8293,82.79,12.82,1.19,0.9756,2283.51,0,0,1,0,0.8869,1
AUC_1323,1488395112,56,4,177,0.0714,44.25,374077,404197,1000,120,11,150,9,0.06,189.2,76.32,19.46,0.5172,2557.54,0,0,0,0,0.2337,0
AUC_1234,1050182834,81,1,1682,0.0123,1682.0,500459,541796,5000,90,6,91,15,0.1648,28.27,21.42,0.52,0.7788,10353.15,0,0,1,0,0.6435,0
AUC_1244,1480595699,22,4,190,0.1818,47.5,746993,913757,2000,120,9,125,4,0.032,383.76,7.83,52.89,0.2442,3211.08,0,1,0,0,0.1883,0
AUC_1016,2277660827,51,7,274,0.1373,39.1429,457135,496512,1000,60,13,124,10,0.0806,285.4,21.51,10.51,0.5515,2007.64,0,0,0,1,0.294,1
AUC_1349,1945089178,106,25,579,0.2358,23.16,1305759,1617388,1000,120,4,33,14,0.4242,441.74,5.8,18.97,0.2935,2146.89,0,1,0,1,0.3625,0
AUC_1216,2960184140,113,3,2341,0.0265,780.3333,1845670,2210599,20000,60,14,188,25,0.133,22.21,4.61,6.42,0.6123,34666.44,1,1,1,0,0.9739,0
AUC_1014,2403773235,41,2,161,0.0488,80.5,479195,559154,5000,180,18,174,3,0.0172,780.0,37.23,119.56,0.2557,14949.58,0,0,0,0,0.3579,0
AUC_1044,1778760907,49,24,177,0.4898,7.375,1659107,1877262,2000,180,24,400,9,0.0225,392.97,133.44,2.51,0.317,2610.9,0,0,1,1,0.0832,0
AUC_1162,1603394649,24,1,486,0.0417,486.0,1123605,1272168,1000,120,20,244,16,0.0656,31.9,11.42,1.35,0.8173,1790.06,0,1,1,0,0.7498,0
AUC_1145,2461064605,71,5,740,0.0704,148.0,491789,598364,5000,180,10,129,24,0.186,40.43,39.93,12.44,0.7993,5265.66,1,0,1,0,0.9822,1
AUC_1154,2353962772,17,1,265,0.0588,265.0,138996,167753,10000,240,3,53,36,0.6792,41.62,57.34,18.51,0.6789,18088.48,1,0,1,0,0.9706,1
AUC_1194,1775822793,136,2,1915,0.0147,957.5,1705069,2036145,1000,180,3,45,41,0.9111,89.2,27.03,24.5,0.6709,1348.93,0,0,0,0,0.977,1
AUC_1317,1289326638,128,7,1279,0.0547,182.7143,1263111,1489066,1000,120,10,97,27,0.2784,34.82,0.16,12.81,0.8363,1201.5,1,1,1,0,0.9186,1
AUC_1346,2927475816,61,22,786,0.3607,35.7273,1429622,1719062,1000,180,17,89,6,0.0674,335.71,68.15,18.33,0.5193,2634.47,0,0,1,1,0.1114,0
AUC_1396,2399497449,95,14,1156,0.1474,82.5714,849188,1055843,2000,90,8,107,7,0.0654,161.08,44.06,17.29,0.4579,5880.24,0,0,0,0,0.3029,0
AUC_1100,2735695714,21,0,216,0.0,216.0,1626471,2201446,10000,90,12,60,41,0.6833,113.55,13.13,15.51,0.7145,13610.12,0,0,0,0,0.8615,1
AUC_1310,1987161349,62,4,1178,0.0645,294.5,197350,209429,10000,90,21,261,11,0.0421,20.79,22.06,2.85,0.6786,16828.55,0,0,1,0,0.7273,1
AUC_1264,1749674798,1,0,7,0.0,7.0,1214590,1255352,2000,30,18,102,2,0.0196,796.35,12.0,4.64,0.4289,3245.27,0,0,0,0,0.132,0
AUC_1386,1878997614,74,21,175,0.2838,8.3333,1326144,1687696,1000,90,7,26,7,0.2692,296.91,53.74,5.26,0.3941,1648.43,0,0,1,1,0.2592,1
AUC_1071,2060612919,26,8,250,0.3077,31.25,518831,600322,2000,120,7,116,15,0.1293,127.19,65.72,21.11,0.5811,4123.45,0,0,0,0,0.2716,0
AUC_1312,1047755137,38,15,121,0.3947,8.0667,1981165,2080332,10000,60,21,144,14,0.0972,231.76,12.97,8.77,0.2148,23450.68,0,0,0,1,0.1707,0
AUC_1344,2596308803,116,1,1909,0.0086,1909.0,1972116,2281207,5000,30,23,327,40,0.1223,107.08,1.09,3.15,0.7626,7193.93,0,1,1,0,0.7735,1
AUC_1073,1275255259,40,16,390,0.4,24.375,563999,699976,10000,90,21,72,12,0.1667,261.59,12.15,8.2,0.4275,17002.32,0,0,1,0,0.0934,0
AUC_1299,1047386255,37,10,149,0.2703,14.9,639630,769746,5000,180,18,248,11,0.0444,345.37,145.1,21.28,0.3587,10461.88,0,0,1,0,0.1466,0
AUC_1325,1232400102,23,1,768,0.0435,768.0,85399,101456,1000,240,15,158,39,0.2468,53.17,83.0,32.41,0.9017,1481.91,1,0,0,0,0.8311,1
AUC_1095,2987126819,66,2,632,0.0303,316.0,569845,692355,5000,180,10,168,19,0.1131,7.78,11.79,7.89,0.8784,8615.76,1,1,1,0,0.8328,1
AUC_1074,2775597088,22,0,119,0.0,119.0,519754,612087,2000,30,17,242,4,0.0165,191.35,13.53,1.12,0.2587,2583.05,0,0,1,1,0.2969,0
AUC_1262,2241489407,16,0,221,0.0,221.0,378479,436333,1000,60,8,84,14,0.1667,19.38,9.81,2.72,0.9452,1030.61,0,0,1,0,0.7551,0
AUC_1266,2800626006,86,0,1159,0.0,1159.0,806260,887920,1000,60,23,83,11,0.1325,24.15,16.77,5.7,0.9466,1157.83,0,0,1,1,0.99,1
AUC_1381,1256597352,44,5,346,0.1136,69.2,1056070,1247458,2000,90,14,102,1,0.0098,963.45,2.49,25.16,0.1592,5059.02,0,1,0,1,0.1377,0
AUC_1352,2909556692,17,4,62,0.2353,15.5,1758123,1951985,2000,60,20,161,2,0.0124,278.59,46.04,41.8,0.5475,5293.79,0,0,0,0,0.1091,0
AUC_1212,2600909633,55,3,1242,0.0545,414.0,1852062,2270560,10000,60,10,68,10,0.1471,28.76,9.62,0.27,0.8287,21958.61,0,0,1,0,0.8318,1
AUC_1183,2196129836,137,6,2000,0.0438,333.3333,1028881,1228396,5000,90,9,142,15,0.1056,33.15,13.44,11.82,0.8046,6142.74,0,0,0,0,0.6795,1
AUC_1076,2779331704,68,27,480,0.3971,17.7778,1966627,2179592,10000,240,12,107,2,0.0187,134.09,174.66,6.95,0.4056,19603.55,0,0,1,0,0.0723,0
AUC_1231,1419320482,61,19,465,0.3115,24.4737,104883,119367,2000,180,3,33,12,0.3636,285.42,112.17,58.28,0.3152,4031.89,0,0,0,1,0.2024,0
AUC_1386,1800447071,89,9,239,0.1011,26.5556,1064391,1142332,1000,60,13,49,7,0.1429,283.78,40.88,5.61,0.2036,2560.22,0,0,1,0,0.1212,0
AUC_1280,2817289373,112,29,1391,0.2589,47.9655,1730849,2074763,2000,180,22,360,13,0.0361,300.92,18.68,43.42,0.2718,3359.24,0,1,0,1,0.2294,1
AUC_1293,2205579285,61,29,696,0.4754,24.0,585107,725964,1000,60,5,69,11,0.1594,298.07,16.15,7.9,0.566,2892.59,0,0,0,0,0.0204,0
AUC_1122,2321770676,10,2,22,0.2,11.0,1661492,2036475,10000,240,5,83,5,0.0602,1130.65,69.86,77.2,0.4269,33585.12,0,0,0,0,0.0777,0
AUC_1045,1710508736,53,7,552,0.1321,78.8571,570581,605649,5000,180,6,45,13,0.2889,221.63,109.41,23.29,0.4982,15304.31,0,0,0,0,0.2758,1
AUC_1184,1214974729,66,30,322,0.4545,10.7333,583820,728585,20000,240,15,125,9,0.072,308.93,173.85,38.23,0.5523,56790.64,0,0,0,1,0.1082,0
AUC_1371,2447260020,57,27,277,0.4737,10.2593,1326786,1474072,2000,180,18,134,8,0.0597,318.66,140.59,4.82,0.4831,3932.06,0,0,1,1,0.06,0
AUC_1225,1251739646,26,10,315,0.3846,31.5,947241,1146610,2000,180,9,54,13,0.2407,418.26,71.56,13.14,0.3919,2097.65,0,0,1,1,0.234,0
AUC_1171,1097109631,151,7,4480,0.0464,640.0,178913,218190,10000,60,12,89,41,0.4607,111.17,4.27,9.34,0.8754,15933.37,0,1,0,0,0.8528,1
AUC_1175,2179572799,33,14,175,0.4242,12.5,1762602,2029869,10000,240,18,48,3,0.0625,175.75,111.92,3.09,0.694,27728.2,0,0,1,0,0.1282,0
AUC_1188,2559008914,41,5,408,0.122,81.6,717965,843013,1000,90,16,67,7,0.1045,72.48,47.76,14.33,0.2864,2018.97,0,0,0,1,0.2932,1
AUC_1060,2116726661,97,4,2880,0.0412,720.0,1730313,2118319,2000,30,18,52,20,0.3846,83.81,4.58,2.09,0.9044,3301.95,0,0,1,0,0.874,1
AUC_1365,2129708490,9,1,28,0.1111,28.0,937144,1057126,5000,30,10,87,7,0.0805,283.74,19.18,9.41,0.1527,6839.25,0,0,0,1,0.2487,0
AUC_1288,2454952869,94,44,366,0.4681,8.3182,1254781,1511830,1000,180,3,15,12,0.8,406.28,31.17,71.45,0.2794,2877.15,0,0,0,0,0.1833,1
AUC_1011,1557446962,52,21,407,0.4038,19.381,1257715,1429461,5000,120,13,79,14,0.1772,195.36,68.41,2.95,0.6124,15644.72,0,0,1,0,0.1931,0
AUC_1376,2190010547,28,0,298,0.0,298.0,1877353,2351712,10000,60,15,139,34,0.2446,71.36,11.06,0.72,0.6077,19517.2,0,0,1,0,0.8368,1
AUC_1398,2637172425,45,9,109,0.2,12.1111,333364,421457,5000,60,3,40,7,0.175,248.46,26.75,3.95,0.6233,13566.11,0,0,1,0,0.2623,0
AUC_1021,1021474805,32,1,507,0.0312,507.0,1972961,2274690,2000,60,17,232,17,0.0733,36.41,14.65,4.88,0.7884,2606.62,0,0,1,0,0.7109,1
AUC_1335,1067029496,1,0,5,0.0,5.0,1100711,1340269,2000,90,5,76,1,0.0132,558.55,19.32,34.33,0.5072,4607.95,0,0,0,0,0.3067,0
AUC_1096,2934868871,65,9,536,0.1385,59.5556,441199,531192,2000,60,19,252,2,0.0079,210.85,56.85,1.84,0.3699,5328.73,0,0,1,0,0.1938,0
AUC_1239,2555030177,34,12,134,0.3529,11.1667,859450,957228,1000,90,16,216,8,0.037,309.69,44.81,15.02,0.6096,1538.55,0,0,0,0,0.1127,0
AUC_1015,2295864775,95,5,1570,0.0526,314.0,525148,596929,1000,60,22,130,29,0.2231,32.28,16.04,3.68,0.8066,1060.68,1,0,1,0,0.9384,1
AUC_1028,2448918622,108,24,1188,0.2222,49.5,1535679,1825029,5000,60,15,216,14,0.0648,64.87,38.61,1.33,0.2772,11968.88,0,0,1,1,0.2861,1
AUC_1189,1939664463,66,27,512,0.4091,18.963,1340579,1650476,1000,120,19,160,11,0.0688,354.67,54.5,2.42,0.3042,1320.1,0,0,1,0,0.2008,1
AUC_1100,2415232004,40,5,291,0.125,58.2,1456340,1709550,20000,60,24,250,10,0.04,390.72,49.05,4.74,0.3982,39421.6,0,0,1,1,0.2334,0
AUC_1324,1387991172,106,4,3236,0.0377,809.0,1946311,2218464,5000,90,20,212,31,0.1462,32.34,14.15,7.35,0.8626,8768.42,1,0,1,0,0.9501,1
AUC_1061,2824370557,52,4,720,0.0769,180.0,593600,742100,1000,180,22,233,18,0.0773,64.22,36.67,7.88,0.9138,1949.65,1,0,1,0,0.6821,0
AUC_1245,2627380904,7,0,20,0.0,20.0,1940561,2194355,5000,240,13,99,9,0.0909,244.99,16.17,76.77,0.4002,10758.51,0,1,0,1,0.1695,0
AUC_1005,2895150005,53,25,482,0.4717,19.28,696566,717954,10000,120,13,34,8,0.2353,441.65,57.43,37.5,0.2405,13667.69,0,0,0,1,0.0151,0
AUC_1031,2046116115,50,2,783,0.04,391.5,1954070,2456431,5000,180,13,135,16,0.1185,81.25,38.11,4.84,0.7338,7687.68,0,0,1,1,0.5761,0
AUC_1178,1041846007,53,10,572,0.1887,57.2,1358907,1700859,10000,60,18,45,13,0.2889,252.47,19.4,20.68,0.4636,17536.26,0,0,0,0,0.2227,0
AUC_1091,1452199323,97,3,821,0.0309,273.6667,1262128,1426657,2000,240,19,223,11,0.0493,38.23,64.39,18.24,0.7229,2739.19,0,0,1,0,0.5566,0
AUC_1095,2097521872,18,9,118,0.5,13.1111,143216,170442,2000,90,14,37,6,0.1622,70.89,70.65,14.6,0.6616,4740.77,0,0,0,1,0.1015,0
AUC_1094,2076458028,70,35,390,0.5,11.1429,964776,1138904,1000,60,20,266,8,0.0301,296.18,0.14,19.18,0.2876,1967.95,0,1,0,0,0.0457,0
AUC_1302,1240417882,15,0,99,0.0,99.0,571488,639318,1000,90,20,249,9,0.0361,79.0,58.86,9.07,0.4242,2958.38,0,0,1,0,0.392,0
AUC_1166,2451424822,24,0,521,0.0,521.0,1677302,1874721,1000,120,19,335,23,0.0687,15.11,19.82,10.46,0.8653,1694.79,1,0,1,0,0.9008,1
AUC_1198,1751808915,119,1,3159,0.0084,3159.0,1279538,1406328,1000,60,16,67,18,0.2687,49.01,11.78,0.39,0.9259,1262.07,1,0,1,0,0.9083,1
AUC_1258,2475804374,30,8,150,0.2667,18.75,1714620,2142050,2000,240,20,181,3,0.0166,199.63,93.9,76.65,0.4568,3349.17,0,0,0,0,0.088,0
AUC_1372,1858552461,55,22,274,0.4,12.4545,952040,1092340,1000,90,4,61,11,0.1803,228.33,72.22,0.06,0.1744,2740.22,0,0,1,1,0.1368,0
AUC_1085,2546333892,27,10,141,0.3704,14.1,139266,163150,1000,120,13,108,13,0.1204,75.72,21.99,44.27,0.3352,1379.75,0,0,0,1,0.2239,1
AUC_1247,1481716848,23,6,222,0.2609,37.0,819830,857762,10000,90,17,163,7,0.0429,315.74,40.47,51.54,0.3025,14369.84,0,0,0,1,0.1318,0
AUC_1333,1448476376,49,12,204,0.2449,17.0,242237,256483,1000,180,24,278,8,0.0288,191.58,86.24,29.16,0.5105,1575.63,0,0,0,0,0.1742,0
AUC_1275,1723898537,67,6,541,0.0896,90.1667,625272,696878,1000,120,24,197,3,0.0152,87.17,77.95,1.83,0.5996,1927.51,0,0,1,0,0.1799,0
AUC_1217,2781812586,125,1,1065,0.008,1065.0,1086133,1230566,5000,90,18,113,39,0.3451,10.32,3.94,5.13,0.9709,8005.84,1,1,1,0,0.99,1
AUC_1032,1800125599,77,10,498,0.1299,49.8,1756223,1962082,20000,240,5,88,8,0.0909,309.7,117.41,7.64,0.3022,51475.68,0,0,1,0,0.2133,0
AUC_1215,2830978857,32,2,570,0.0625,285.0,576729,632016,5000,60,22,131,26,0.1985,73.9,4.15,4.86,0.8444,9280.42,0,1,1,1,0.8145,0
AUC_1062,1605322504,76,32,530,0.4211,16.5625,1083015,1236907,1000,120,11,161,4,0.0248,302.4,76.02,6.04,0.6273,2173.88,0,0,1,1,0.032,0
AUC_1287,2559775706,67,5,1424,0.0746,284.8,1018104,1124960,1000,60,5,40,15,0.375,83.4,14.77,5.43,0.6028,1240.02,0,0,1,0,0.657,0
AUC_1339,2224913098,43,13,276,0.3023,21.2308,1425333,1655633,5000,90,22,187,6,0.0321,596.21,45.06,56.15,0.1639,10028.43,0,0,0,1,0.0283,0
AUC_1084,1258287486,3,1,21,0.3333,21.0,78476,100605,5000,90,15,44,9,0.2045,871.4,53.43,42.74,0.1213,18329.66,0,0,0,0,0.0718,0
AUC_1003,1707683472,16,5,129,0.3125,25.8,72192,95822,2000,90,3,22,9,0.4091,1086.65,61.3,36.53,0.3233,8141.09,0,0,0,0,0.2784,0
AUC_1155,2893214051,98,31,420,0.3163,13.5484,559329,662654,5000,30,23,338,14,0.0414,140.49,14.06,11.72,0.4013,9376.72,0,0,0,0,0.021,0
AUC_1165,1628608556,38,6,341,0.1579,56.8333,571139,631050,1000,60,13,111,10,0.0901,346.83,56.26,4.23,0.6033,1799.39,0,0,1,0,0.2879,0
AUC_1064,1205548322,99,7,2641,0.0707,377.2857,1846764,2032839,10000,60,16,190,30,0.1579,9.63,8.33,0.49,0.7367,13044.8,1,0,1,0,0.915,1
AUC_1127,1177014464,3,1,16,0.3333,16.0,1034672,1159383,10000,60,11,54,6,0.1111,284.65,48.0,15.97,0.3848,39431.26,0,0,0,0,0.1672,1
AUC_1178,2510465338,96,15,1295,0.1562,86.3333,1032353,1240456,2000,120,15,228,9,0.0395,416.3,35.63,4.03,0.5448,4059.74,0,0,1,1,0.2918,0
AUC_1354,1349186156,86,1,801,0.0116,801.0,991251,1124804,2000,60,14,160,32,0.2,13.75,5.65,3.23,0.6742,2769.64,1,1,1,0,0.99,1
AUC_1081,2192949828,63,24,350,0.381,14.5833,1113929,1365401,2000,180,22,358,15,0.0419,80.31,67.68,43.3,0.5068,5676.33,0,0,0,1,0.1176,0
AUC_1228,2813909897,127,10,1245,0.0787,124.5,1976228,2265302,20000,30,8,121,36,0.2975,46.11,2.7,2.56,0.6075,36628.95,1,1,1,0,0.8657,0
AUC_1007,1328175595,28,9,118,0.3214,13.1111,169899,196452,5000,180,13,32,8,0.25,313.06,134.12,20.7,0.6331,12257.5,0,0,1,0,0.2786,0
AUC_1299,1790686861,50,24,332,0.48,13.8333,1267225,1578192,1000,90,18,136,4,0.0294,179.5,59.73,12.16,0.4241,2786.85,0,0,0,0,0.0726,0
AUC_1398,1227211759,88,21,381,0.2386,18.1429,1476543,1835118,2000,90,13,107,14,0.1308,442.68,25.95,32.67,0.6469,2845.99,0,0,0,1,0.2422,0
AUC_1398,1666378067,95,0,2146,0.0,2146.0,1302019,1526091,1000,120,23,366,14,0.0383,116.4,36.36,22.77,0.6915,1793.8,0,0,0,0,0.5659,0
AUC_1232,1896160554,36,2,672,0.0556,336.0,188173,218541,20000,90,24,177,16,0.0904,47.83,15.71,7.89,0.9058,25273.13,0,0,1,0,0.7414,1
AUC_1036,2882830719,38,19,177,0.5,9.3158,986386,1129324,10000,90,22,282,9,0.0319,115.52,51.86,11.54,0.471,11735.79,0,0,0,0,0.0818,0
AUC_1398,1557802624,28,9,100,0.3214,11.1111,762050,875563,5000,90,5,41,8,0.1951,731.6,28.54,15.22,0.2879,9235.48,0,0,0,0,0.0668,0
AUC_1186,1603613862,29,7,79,0.2414,11.2857,1114126,1244485,1000,120,22,152,6,0.0395,429.24,29.49,51.48,0.2765,1588.84,0,0,0,0,0.0692,0
AUC_1165,1337686803,20,2,141,0.1,70.5,974449,1087351,10000,180,8,95,5,0.0526,780.04,88.07,45.07,0.2181,32621.19,0,0,0,0,0.307,0
AUC_1136,1755289281,24,3,136,0.125,45.3333,582326,734297,10000,180,13,58,8,0.1379,146.89,25.96,111.29,0.5305,18338.86,0,0,0,1,0.1884,1
AUC_1267,2936574584,9,2,27,0.2222,13.5,1235073,1509405,20000,180,11,135,1,0.0074,187.5,148.0,43.37,0.2621,55061.41,0,0,0,0,0.1,0
AUC_1266,1714626691,110,7,1567,0.0636,223.8571,1810213,2220637,10000,60,11,155,35,0.2258,53.26,7.67,4.42,0.8399,15583.34,1,0,1,0,0.99,1
AUC_1254,1366491342,51,6,663,0.1176,110.5,1694237,1831639,2000,120,14,57,14,0.2456,394.47,8.72,43.39,0.4298,4284.79,0,1,0,0,0.2639,0
AUC_1161,1190276092,85,34,1175,0.4,34.5588,461268,540254,1000,180,8,120,8,0.0667,309.42,100.63,6.25,0.5696,2014.08,0,0,1,0,0.0367,0
AUC_1230,1733755949,47,0,451,0.0,451.0,330721,395052,10000,90,16,81,19,0.2346,45.13,10.55,0.12,0.7027,18833.78,1,1,1,0,0.8769,1
AUC_1321,2773116012,31,15,381,0.4839,25.4,1126231,1400944,10000,120,14,128,12,0.0938,228.81,32.44,42.71,0.4795,30298.13,0,0,0,1,0.0775,0
AUC_1369,1591688177,22,1,112,0.0455,112.0,764242,941788,5000,240,17,131,9,0.0687,144.52,179.54,87.68,0.2727,13791.46,0,0,0,1,0.3016,0
AUC_1176,2163038755,117,1,3600,0.0085,3600.0,238198,286015,20000,90,22,295,21,0.0712,86.65,23.92,5.89,0.9727,24097.69,0,0,1,0,0.6762,1
AUC_1146,2126732627,24,7,60,0.2917,8.5714,673623,806944,10000,60,18,316,3,0.0095,599.94,37.21,26.65,0.1062,22092.83,0,0,0,0,0.01,0
AUC_1330,2600587074,91,21,352,0.2308,16.7619,1306559,1530063,2000,120,20,322,17,0.0528,485.65,12.17,33.67,0.4302,2171.03,0,1,0,0,0.2454,1
AUC_1137,2410950050,98,3,2126,0.0306,708.6667,1534934,1790046,10000,90,18,189,19,0.1005,53.72,7.81,3.33,0.7295,13238.3,1,1,1,0,0.7724,0
AUC_1183,1226099734,8,2,32,0.25,16.0,1598015,1848241,10000,120,23,181,4,0.0221,243.81,75.03,8.47,0.2963,10666.22,0,0,1,1,0.1278,0
AUC_1001,1430738115,100,35,1014,0.35,28.9714,482705,558422,5000,120,4,60,15,0.25,273.69,46.84,46.78,0.54,17102.91,0,0,0,1,0.1395,0
AUC_1224,2439040290,62,0,1180,0.0,1180.0,185916,202033,5000,60,20,223,19,0.0852,29.4,14.43,5.23,0.7739,6659.78,1,0,1,0,0.8104,1
AUC_1273,1867194902,41,0,818,0.0,818.0,1832971,2045229,10000,90,4,63,30,0.4762,80.71,12.84,5.84,0.9088,14762.87,0,0,1,0,0.9427,1
AUC_1202,1832464305,27,0,470,0.0,470.0,794299,931989,2000,30,8,86,20,0.2326,38.92,5.7,1.62,0.6737,4067.62,1,0,1,0,0.781,1
AUC_1109,1899451266,86,3,1867,0.0349,622.3333,296205,348026,10000,180,6,73,17,0.2329,36.64,31.05,14.72,0.6354,12522.89,0,0,1,0,0.6812,0
AUC_1209,2466721780,128,3,3843,0.0234,1281.0,565231,724924,10000,180,9,69,36,0.5217,31.28,12.17,27.28,0.9817,16515.51,1,1,0,1,0.99,1
AUC_1335,1947074356,97,8,2538,0.0825,317.25,498870,611320,1000,60,6,86,38,0.4419,74.91,1.69,2.01,0.7717,1843.98,0,1,1,0,0.895,1
AUC_1169,2428727250,22,6,172,0.2727,28.6667,273749,325228,5000,60,10,149,3,0.0201,302.5,12.37,39.28,0.5123,10183.42,0,0,0,0,0.01,0
AUC_1226,1056050535,91,6,2114,0.0659,352.3333,174405,198911,20000,180,21,113,34,0.3009,18.04,25.72,14.65,0.6598,38243.1,1,0,1,0,0.9738,1
AUC_1232,1189909722,93,7,1352,0.0753,193.1429,1410173,1883958,10000,120,13,39,17,0.4359,19.34,12.66,10.78,0.9252,10811.51,0,1,1,0,0.9828,1
AUC_1264,1404626568,64,10,859,0.1562,85.9,1161340,1276591,1000,60,4,66,12,0.1818,250.33,23.55,15.53,0.4335,3345.27,0,0,0,0,0.351,0
AUC_1257,1415660807,35,9,121,0.2571,13.4444,868890,968582,1000,120,19,278,9,0.0324,618.09,67.32,74.41,0.1608,1433.09,0,0,0,0,0.1388,0
AUC_1351,2192910191,20,0,161,0.0,161.0,1061422,1205397,10000,90,16,178,2,0.0112,941.91,11.33,53.93,0.2993,38398.61,0,0,0,0,0.3226,0
AUC_1349,1287058381,37,1,81,0.027,81.0,1779546,1962348,10000,60,11,179,2,0.0112,296.92,13.14,38.31,0.2593,18167.59,0,0,0,1,0.1619,0
AUC_1127,1034740018,20,2,117,0.1,58.5,717466,797572,5000,30,10,178,6,0.0337,280.58,18.87,11.75,0.4701,10571.73,0,0,0,1,0.1734,0
AUC_1122,1254960745,37,2,252,0.0541,126.0,255108,308208,5000,60,5,34,5,0.1471,427.43,43.35,9.54,0.6826,13839.04,0,0,0,1,0.3323,0
AUC_1098,1832400066,38,0,837,0.0,837.0,1130536,1286936,5000,90,20,290,17,0.0586,15.95,9.39,1.56,0.7287,10981.79,0,1,1,0,0.6385,1
AUC_1175,1621186427,46,0,837,0.0,837.0,772218,893978,10000,90,21,179,16,0.0894,33.43,21.81,9.93,0.8394,15099.78,0,0,1,0,0.8057,1
AUC_1293,2787709070,28,9,271,0.3214,30.1111,123316,138319,1000,240,22,293,4,0.0137,178.74,107.72,125.56,0.4354,2862.93,0,0,0,0,0.0499,0
AUC_1323,2091778897,56,1,1082,0.0179,1082.0,1453496,1508063,2000,180,18,238,18,0.0756,35.38,2.36,5.23,0.6332,4395.43,1,1,1,1,0.7612,0
AUC_1071,2321399121,53,15,348,0.283,23.2,1269858,1586700,5000,240,19,69,2,0.029,196.79,144.99,6.52,0.2543,12222.18,0,0,1,0,0.1684,0
AUC_1365,1982076639,108,54,362,0.5,6.7037,1805016,2047851,10000,180,18,122,6,0.0492,336.02,105.14,59.69,0.2562,26068.51,0,0,0,0,0.0311,0
AUC_1306,2946153566,37,1,183,0.027,183.0,634777,674830,10000,120,17,279,2,0.0072,468.75,32.84,29.59,0.4243,17201.7,0,0,0,0,0.2128,1
AUC_1300,1082830465,15,1,87,0.0667,87.0,488983,531608,2000,90,12,156,1,0.0064,610.99,37.7,49.13,0.3335,6500.14,0,0,0,0,0.2044,0
AUC_1000,1316956423,29,0,100,0.0,100.0,1101214,1209484,2000,180,17,217,5,0.023,701.11,62.85,27.58,0.2152,5228.0,0,0,0,0,0.227,0
AUC_1085,1835350009,46,8,224,0.1739,28.0,951346,1151171,1000,180,16,68,7,0.1029,476.73,110.39,13.29,0.5111,1167.77,0,0,1,0,0.2984,0
AUC_1392,1565124126,68,18,604,0.2647,33.5556,1958660,2115909,10000,180,12,92,16,0.1739,357.83,7.65,25.83,0.594,21952.1,0,1,0,1,0.268,0
AUC_1207,1110963967,41,8,256,0.1951,32.0,795662,945163,5000,120,10,80,9,0.1125,158.32,30.16,63.45,0.3058,18047.75,0,0,0,0,0.138,0
AUC_1076,2974015188,65,1,960,0.0154,960.0,1678688,1988617,10000,90,20,347,39,0.1124,70.98,5.89,5.31,0.964,15438.61,0,1,1,0,0.7893,1
AUC_1352,1934335500,95,6,1999,0.0632,333.1667,1491134,1743290,5000,120,3,40,11,0.275,21.27,6.03,1.31,0.8229,7258.86,0,1,1,0,0.8061,1
AUC_1257,1889539346,6,1,57,0.1667,57.0,829513,911409,5000,120,16,69,8,0.1159,1033.28,53.12,69.71,0.5481,16624.15,0,0,0,0,0.145,0
AUC_1070,1920689969,27,0,572,0.0,572.0,188292,212204,1000,180,8,73,34,0.4658,75.79,11.07,7.02,0.8939,1591.03,0,1,1,0,0.9192,1
AUC_1089,1717313752,100,14,1136,0.14,81.1429,1152650,1392649,1000,120,7,79,8,0.1013,320.41,56.67,11.41,0.275,2705.72,0,0,1,0,0.1668,0
AUC_1097,2694625207,43,1,1352,0.0233,1352.0,1438138,1601799,1000,60,23,154,33,0.2143,18.46,16.93,7.8,0.9149,1563.95,1,0,0,1,0.8108,0
AUC_1144,1011743279,104,7,2832,0.0673,404.5714,1555924,1975962,5000,90,13,46,33,0.7174,53.46,1.83,1.39,0.6156,9062.15,1,1,1,0,0.99,1
AUC_1343,1444882357,43,0,267,0.0,267.0,1836703,2146431,2000,120,15,244,7,0.0287,749.93,94.71,42.93,0.162,6978.36,0,0,0,0,0.3429,0
AUC_1294,1448023377,68,28,336,0.4118,12.0,984392,1167090,5000,90,16,279,9,0.0323,374.47,74.33,11.25,0.3458,8736.3,0,0,0,0,0.0667,0
AUC_1062,2021695230,22,0,252,0.0,252.0,585679,621574,2000,120,20,299,26,0.087,27.45,32.5,6.51,0.9281,3462.35,1,0,1,0,0.9175,1
AUC_1181,2600010646,104,36,1174,0.3462,32.6111,1061287,1308626,5000,240,18,229,14,0.0611,86.58,114.21,60.67,0.5579,5227.58,0,0,0,1,0.3375,1
AUC_1244,2414560236,96,30,434,0.3125,14.4667,1745409,2016116,5000,120,9,106,11,0.1038,485.35,25.23,18.8,0.3517,12857.87,0,0,0,1,0.1397,0
AUC_1028,2089140664,60,18,436,0.3,24.2222,1523902,1587733,20000,90,12,172,6,0.0349,150.68,68.48,11.76,0.2691,29599.6,0,0,0,0,0.1362,1
AUC_1382,1399338692,23,2,178,0.087,89.0,1001408,1179710,10000,60,6,66,6,0.0909,394.37,37.51,39.24,0.1698,19405.66,0,0,0,0,0.1342,0
AUC_1173,1822015199,18,0,51,0.0,51.0,1267433,1442463,1000,120,20,57,5,0.0877,868.68,30.07,50.31,0.4279,1319.92,0,0,0,0,0.1477,0
AUC_1009,1940467719,20,7,87,0.35,12.4286,345997,417155,5000,120,6,64,6,0.0938,419.87,66.33,1.9,0.5428,14019.67,0,0,1,0,0.0723,0
AUC_1052,2568558563,92,3,1343,0.0326,447.6667,1267655,1470702,5000,180,23,232,30,0.1293,14.74,7.14,3.27,0.8065,7598.3,1,1,1,1,0.9798,1
AUC_1372,1197865911,12,2,84,0.1667,42.0,522024,644216,5000,60,13,165,3,0.0182,256.5,32.74,24.77,0.1105,22348.7,0,0,0,0,0.089,0
AUC_1036,2004524172,41,1,568,0.0244,568.0,361379,440723,5000,180,11,42,30,0.7143,66.72,33.75,23.75,0.8382,5027.78,1,0,0,0,0.9525,1
AUC_1389,1848126481,28,3,160,0.1071,53.3333,359836,406844,20000,180,13,146,16,0.1096,85.1,116.61,42.93,0.6005,45080.91,0,0,0,1,0.3049,0
AUC_1372,2421997829,47,2,1337,0.0426,668.5,1269342,1351304,2000,120,9,125,22,0.176,18.15,19.57,5.15,0.8157,2414.39,1,0,1,0,0.7909,1
AUC_1086,2863385910,48,2,633,0.0417,316.5,1655954,1861735,10000,60,3,32,13,0.4062,16.21,9.09,3.62,0.8474,19959.46,0,0,1,0,0.7861,1
AUC_1050,1011840155,17,3,83,0.1765,27.6667,1847491,1904122,10000,90,21,206,7,0.034,303.15,55.15,34.39,0.1726,15146.71,0,0,0,0,0.1256,0
AUC_1035,1501583276,41,6,544,0.1463,90.6667,426675,525815,2000,240,14,251,16,0.0637,114.73,135.03,95.17,0.6455,5983.45,0,0,0,0,0.2975,0
AUC_1307,2653453739,79,33,529,0.4177,16.0303,1447024,1642652,1000,60,12,128,7,0.0547,280.75,4.03,14.51,0.5902,1125.13,0,1,0,1,0.0585,0
AUC_1060,1627342630,98,1,1558,0.0102,1558.0,1209626,1529993,10000,180,9,151,29,0.1921,53.2,29.93,6.29,0.8576,13958.55,1,0,1,0,0.9482,1
AUC_1196,2773254944,5,2,31,0.4,15.5,1418563,1621475,1000,120,23,324,5,0.0154,94.04,101.49,10.81,0.3056,2366.62,0,0,1,0,0.1013,0
AUC_1247,2851843653,34,3,148,0.0882,49.3333,1388426,1477860,5000,120,14,115,8,0.0696,561.92,43.48,77.07,0.3526,12407.6,0,0,0,0,0.1634,0
AUC_1122,1751259896,43,1,265,0.0233,265.0,706974,878737,5000,240,22,327,3,0.0092,893.36,7.04,50.03,0.134,17203.38,0,1,0,0,0.3205,0
AUC_1315,1393392318,22,2,152,0.0909,76.0,1256622,1536441,20000,30,23,99,4,0.0404,265.36,25.66,1.88,0.1966,23376.15,0,0,1,0,0.1887,0
AUC_1359,1574242554,98,34,370,0.3469,10.8824,772573,897182,20000,90,8,118,17,0.1441,450.0,26.16,23.07,0.4411,30993.87,0,0,0,1,0.2387,0
AUC_1103,1777462915,51,25,341,0.4902,13.64,1130374,1263839,10000,60,4,69,9,0.1304,257.19,38.07,0.67,0.4683,21694.65,0,0,1,0,0.1063,0
AUC_1095,1569841664,121,5,3053,0.0413,610.6,459670,586908,1000,30,20,281,28,0.0996,73.08,4.76,0.6,0.8218,1208.09,0,0,1,0,0.8561,0
AUC_1399,2218402737,79,11,381,0.1392,34.6364,1030791,1248286,5000,120,19,148,3,0.0203,318.54,79.23,13.46,0.4549,11377.43,0,0,1,0,0.1819,0
AUC_1084,1926241997,110,5,2866,0.0455,573.2,1882988,2219061,2000,120,3,30,15,0.5,107.98,30.32,14.12,0.9826,3060.23,0,0,1,0,0.8954,1
AUC_1288,2732640330,24,8,191,0.3333,23.875,1956235,2450808,5000,240,7,50,2,0.04,731.4,181.48,69.55,0.3944,21430.62,0,0,0,0,0.0128,0
AUC_1122,2184526143,34,7,210,0.2059,30.0,480095,521205,20000,240,20,78,1,0.0128,243.2,75.01,46.1,0.3039,53158.46,0,0,0,0,0.0349,0
AUC_1333,2516133402,17,8,61,0.4706,7.625,698289,735944,1000,180,21,143,7,0.049,371.45,47.6,64.38,0.4192,1172.45,0,0,0,0,0.1994,1
AUC_1152,1452395497,42,8,143,0.1905,17.875,504557,520641,10000,90,8,116,3,0.0259,709.9,16.42,42.21,0.4502,41015.06,0,0,0,0,0.1158,1
AUC_1309,1920222324,4,0,9,0.0,9.0,1248233,1397317,2000,90,21,56,3,0.0536,1109.66,11.91,61.27,0.1052,5620.52,0,0,0,0,0.1337,0
AUC_1327,1675943788,105,19,1230,0.181,64.7368,982380,1241755,10000,60,6,38,16,0.4211,167.94,23.39,16.04,0.2841,29345.3,0,0,0,0,0.2485,1
AUC_1298,1760618284,64,15,631,0.2344,42.0667,496655,542129,5000,240,23,49,13,0.2653,473.16,59.57,89.07,0.6002,5549.7,0,0,0,0,0.1842,0
AUC_1006,2474151986,87,35,534,0.4023,15.2571,1163561,1274485,1000,60,15,46,13,0.2826,342.41,9.76,22.85,0.3155,1405.25,0,0,0,0,0.183,0
AUC_1059,2588309819,5,1,18,0.2,18.0,754870,947807,5000,60,6,64,9,0.1406,1161.61,22.19,36.54,0.3385,9386.81,0,0,0,1,0.1439,0
AUC_1053,1472480803,149,1,3862,0.0067,3862.0,1414450,1813598,5000,30,9,34,18,0.5294,60.98,8.92,5.69,0.8194,7820.85,1,0,0,0,0.99,1
AUC_1390,1585347764,27,9,140,0.3333,15.5556,737664,891217,10000,120,11,147,5,0.034,821.06,31.9,54.38,0.4732,39691.78,0,0,0,0,0.0224,0
AUC_1171,1557772336,17,0,403,0.0,403.0,1514958,1815620,1000,30,6,80,14,0.175,38.06,3.14,1.04,0.8178,1208.99,0,1,1,0,0.7122,1
AUC_1070,2221550813,41,12,272,0.2927,22.6667,110409,136167,20000,180,21,74,2,0.027,213.16,54.92,88.04,0.1077,55323.86,0,0,0,0,0.1239,1
AUC_1169,1394261648,14,5,120,0.3571,24.0,958807,1200687,2000,90,11,59,2,0.0339,75.85,69.73,8.76,0.6814,2510.52,0,0,1,0,0.1527,0
AUC_1025,1337563033,41,4,133,0.0976,33.25,780650,854000,5000,240,10,60,3,0.05,638.23,157.95,140.23,0.4039,19379.75,0,0,0,1,0.1417,0
AUC_1030,1381421979,134,5,3529,0.0373,705.8,1055772,1240421,10000,240,8,107,43,0.4019,93.67,39.75,43.19,0.8988,11113.16,0,0,0,0,0.8507,1
AUC_1236,2189038390,23,4,94,0.1739,23.5,467319,585817,2000,90,19,210,3,0.0143,78.55,36.34,11.12,0.4015,5521.97,0,0,0,1,0.1544,0
AUC_1178,2689181401,96,5,1070,0.0521,214.0,456038,500926,20000,180,6,61,16,0.2623,34.73,31.95,17.85,0.8877,36345.66,0,0,1,0,0.8111,0
AUC_1298,2993771741,16,4,56,0.25,14.0,1025071,1132454,10000,90,10,120,8,0.0667,777.74,4.54,61.75,0.2136,24738.78,0,1,0,0,0.0661,0
AUC_1091,1617148111,82,10,541,0.122,54.1,978452,1190343,1000,240,16,78,11,0.141,430.05,3.42,41.7,0.6403,1156.41,0,1,0,1,0.2324,1
AUC_1229,2664943865,39,9,154,0.2308,17.1111,442852,550148,1000,120,6,60,3,0.05,1062.78,77.7,33.3,0.2505,2209.11,0,0,0,0,0.1671,1
AUC_1342,2070854178,24,4,235,0.1667,58.75,175196,182382,1000,120,21,69,4,0.058,714.29,21.37,74.66,0.4751,1276.91,0,0,0,0,0.1832,0
AUC_1391,1871194540,118,10,1483,0.0847,148.3,1192951,1345530,5000,30,13,60,25,0.4167,14.38,5.83,2.15,0.8548,5014.5,1,0,1,0,0.9309,1
AUC_1166,2292392500,39,2,704,0.0513,352.0,880735,1102083,1000,240,6,106,25,0.2358,31.62,37.32,5.3,0.9136,1891.9,1,0,1,0,0.8608,0
AUC_1381,2608400728,125,1,2509,0.008,2509.0,439742,549248,20000,30,17,114,37,0.3246,65.58,5.71,3.37,0.9047,20555.17,1,0,1,0,0.9751,1
AUC_1342,1995922315,21,5,69,0.2381,13.8,1479960,1607855,5000,90,4,15,4,0.2667,264.37,22.17,30.01,0.4297,13016.55,0,0,0,1,0.1596,0
AUC_1006,1372045825,3,1,20,0.3333,20.0,78755,83070,5000,60,18,97,6,0.0619,1016.73,11.86,29.98,0.2702,6964.61,0,0,0,1,0.013,0
AUC_1235,1953366838,56,21,691,0.375,32.9048,364680,431618,5000,180,9,108,16,0.1481,67.24,83.48,44.54,0.4357,7716.58,0,0,0,1,0.1964,0
AUC_1321,2653107784,32,0,586,0.0,586.0,155411,168710,2000,180,12,210,25,0.119,97.68,55.06,26.58,0.9674,3002.45,0,0,0,0,0.6927,1
AUC_1386,1008105142,43,7,187,0.1628,26.7143,1394965,1507255,5000,120,10,29,4,0.1379,699.02,11.25,26.65,0.2692,14188.83,0,1,0,0,0.1305,0
AUC_1354,1825307274,74,37,667,0.5,18.027,1961394,2127689,5000,120,8,59,16,0.2712,98.59,30.15,26.73,0.4949,10209.21,0,0,0,1,0.1282,0
AUC_1150,2821234569,3,1,24,0.3333,24.0,204200,238581,1000,90,21,217,7,0.0323,477.96,30.39,58.9,0.375,3918.61,0,0,0,0,0.01,0
AUC_1188,2995343058,80,14,331,0.175,23.6429,1121907,1231266,1000,120,16,136,3,0.0221,219.34,109.31,10.62,0.1592,2919.64,0,0,1,0,0.238,0
AUC_1394,2686272003,40,0,117,0.0,117.0,587481,677548,5000,60,13,164,4,0.0244,465.8,5.43,28.1,0.2626,6725.75,0,1,0,0,0.2506,0
AUC_1282,2754019083,100,21,565,0.21,26.9048,643497,810750,20000,120,5,75,12,0.16,260.1,35.59,44.84,0.3472,50713.65,0,0,0,1,0.102,0
AUC_1168,2993172550,27,12,195,0.4444,16.25,1998246,2262714,2000,120,18,323,7,0.0217,400.42,48.18,8.93,0.1581,3173.58,0,0,1,1,0.01,0
AUC_1322,1492076972,48,2,1599,0.0417,799.5,1003288,1235359,1000,180,9,132,36,0.2727,59.54,39.56,10.12,0.6901,1351.29,1,0,1,1,0.9435,1
AUC_1198,1202251345,42,10,155,0.2381,15.5,558260,586125,2000,60,12,57,7,0.1228,742.7,1.77,38.82,0.3302,3667.48,0,1,0,0,0.0367,0
AUC_1268,2914287558,65,26,561,0.4,21.5769,1218523,1464295,5000,90,9,64,9,0.1406,76.28,44.9,32.72,0.2077,9368.31,0,0,0,1,0.1189,0
AUC_1281,1438336990,35,2,170,0.0571,85.0,250509,291454,5000,120,6,49,8,0.1633,932.34,57.69,60.17,0.3537,20436.3,0,0,0,0,0.2064,0
AUC_1099,1056499902,13,3,46,0.2308,15.3333,1112107,1370749,5000,180,14,62,7,0.1129,1118.92,127.92,116.8,0.5217,12143.51,0,0,0,1,0.156,0
AUC_1205,1262024976,68,23,377,0.3382,16.3913,1499921,1826349,2000,180,15,256,4,0.0156,335.05,141.02,20.53,0.3314,4441.41,0,0,1,0,0.1669,0
AUC_1310,1725108840,28,3,237,0.1071,79.0,126367,157864,10000,120,19,338,11,0.0325,410.47,76.89,3.15,0.5645,22047.24,0,0,1,0,0.1987,0
AUC_1334,1398632975,64,22,554,0.3438,25.1818,382066,439818,2000,180,23,333,11,0.033,179.09,92.63,70.62,0.5143,4561.61,0,0,0,0,0.0537,0
AUC_1386,1394242063,27,2,87,0.0741,43.5,950847,1118490,2000,240,6,25,4,0.16,160.66,90.27,2.69,0.6221,2713.0,0,0,1,1,0.2025,0
AUC_1379,1254434449,88,25,930,0.2841,37.2,583607,728043,10000,30,12,176,15,0.0852,182.44,8.61,7.6,0.4876,24852.32,0,0,0,0,0.1901,0
AUC_1268,2569995001,38,9,142,0.2368,15.7778,1331706,1560310,5000,120,16,277,10,0.0361,149.07,87.62,9.5,0.4519,10957.73,0,0,1,0,0.1469,0
AUC_1394,2691220202,33,0,448,0.0,448.0,1457743,1809598,5000,90,23,279,25,0.0896,63.16,8.42,5.27,0.791,6894.62,1,1,1,0,0.8454,1
AUC_1253,2624102331,69,19,392,0.2754,20.6316,1295528,1408811,1000,30,15,250,2,0.008,300.51,14.35,3.82,0.4473,2068.59,0,0,0,0,0.2394,0
AUC_1337,2168937692,57,0,1044,0.0,1044.0,1797652,2210951,5000,120,16,103,17,0.165,22.77,12.07,9.35,0.5948,7842.68,0,1,1,0,0.8303,1
AUC_1273,1178453969,27,0,215,0.0,215.0,635886,675273,20000,240,7,25,2,0.08,295.19,165.98,161.79,0.467,64605.04,0,0,0,1,0.3584,0
AUC_1297,1464028664,116,20,1003,0.1724,50.15,452010,552161,2000,60,6,95,13,0.1368,193.16,22.77,7.56,0.5044,3496.38,0,0,0,1,0.0879,0
AUC_1155,2357725000,46,1,379,0.0217,379.0,1339497,1584442,2000,120,16,167,35,0.2096,53.76,18.59,10.19,0.8616,3454.83,1,0,1,0,0.9342,1
AUC_1348,1898464068,46,2,713,0.0435,356.5,295885,331899,2000,90,7,98,22,0.2245,58.64,9.8,5.31,0.9606,2914.15,1,1,1,0,0.888,1
AUC_1282,1667080948,76,31,768,0.4079,24.7742,1981601,2334179,1000,120,4,41,10,0.2439,60.61,53.01,12.27,0.6336,2112.14,0,0,1,0,0.1829,1
AUC_1014,2154505460,33,10,159,0.303,15.9,1267068,1505066,1000,240,15,149,3,0.0201,191.71,67.63,83.4,0.4172,2582.22,0,0,0,0,0.1094,0
AUC_1104,2398197464,17,0,134,0.0,134.0,583160,676313,2000,240,9,131,6,0.0458,812.24,117.95,125.82,0.5135,3741.8,0,0,0,0,0.3137,1
AUC_1074,2795914438,23,6,133,0.2609,22.1667,1993046,2248987,1000,240,4,58,5,0.0862,266.71,152.42,28.11,0.2676,1170.1,0,0,1,0,0.1603,0
AUC_1058,1024643404,62,21,193,0.3387,9.1905,236293,261813,1000,120,12,211,8,0.0379,434.53,110.63,11.92,0.6688,1051.47,0,0,1,1,0.1528,0
AUC_1295,1909320476,59,0,311,0.0,311.0,321559,353300,20000,60,7,68,8,0.1176,224.5,33.39,8.59,0.6192,53460.78,0,0,0,0,0.2717,0
AUC_1348,1886965870,9,1,80,0.1111,80.0,447896,511279,2000,60,20,261,8,0.0307,342.42,37.41,35.79,0.5031,7648.58,0,0,0,0,0.1787,0
AUC_1232,1024060992,59,2,1399,0.0339,699.5,943064,1017705,5000,180,12,195,23,0.1179,50.76,8.61,12.67,0.8312,6032.66,1,1,1,0,0.831,1
AUC_1044,2838986690,39,18,270,0.4615,15.0,1241437,1513345,10000,120,14,54,2,0.037,71.62,69.64,14.44,0.6661,26983.6,0,0,0,1,0.2477,0
AUC_1217,1726033738,60,27,299,0.45,11.0741,1522937,1778236,10000,180,16,224,9,0.0402,453.02,76.85,52.2,0.2912,28006.79,0,0,0,0,0.1066,0
AUC_1015,1040781356,18,0,142,0.0,142.0,1281990,1368088,20000,60,9,40,4,0.1,644.23,1.57,25.24,0.4266,28311.59,0,1,0,0,0.3779,0
AUC_1240,1872109351,78,6,832,0.0769,138.6667,1407853,1721799,5000,120,7,93,14,0.1505,39.9,27.12,2.24,0.7462,7303.83,0,0,1,0,0.6831,1
AUC_1367,2714866221,17,4,160,0.2353,40.0,881023,1075805,5000,180,11,145,6,0.0414,361.25,11.17,125.47,0.29,8214.24,0,1,0,0,0.1617,0
AUC_1228,1426355302,39,10,264,0.2564,26.4,1094204,1356257,10000,90,18,155,3,0.0194,775.74,25.93,24.32,0.3532,43189.89,0,0,0,0,0.1672,0
AUC_1247,1483374709,17,1,268,0.0588,268.0,286343,348106,1000,120,10,132,28,0.2121,22.91,19.02,10.45,0.5589,1163.74,1,0,1,0,0.7638,1
AUC_1158,1682666320,74,30,176,0.4054,5.8667,1249725,1371124,2000,180,17,301,7,0.0233,319.17,141.62,20.44,0.3355,3761.88,0,0,1,1,0.0857,0
AUC_1037,1937189580,79,11,298,0.1392,27.0909,376008,439581,1000,120,12,214,11,0.0514,60.98,64.97,19.92,0.3877,1273.07,0,0,0,0,0.2399,0
AUC_1397,2480569838,24,0,395,0.0,395.0,994182,1288371,20000,240,16,58,16,0.2759,25.59,5.25,11.5,0.7096,26018.7,0,1,1,0,0.8437,1
AUC_1049,2731309623,104,37,509,0.3558,13.7568,774982,985092,1000,180,21,46,8,0.1739,312.22,46.11,63.52,0.4906,2618.13,0,0,0,1,0.1524,0
AUC_1176,1405688178,34,2,88,0.0588,44.0,681536,813682,10000,30,7,42,7,0.1667,1044.1,21.43,7.97,0.5037,44796.44,0,0,0,1,0.1646,0
AUC_1162,1976015746,87,10,403,0.1149,40.3,1617458,1747387,5000,30,9,106,10,0.0943,310.57,4.86,1.32,0.4526,7764.9,0,0,1,1,0.1822,1
AUC_1276,2411721032,60,1,1133,0.0167,1133.0,1630992,1933853,2000,90,10,118,22,0.1864,36.89,12.13,4.8,0.7944,2734.99,1,0,1,1,0.8319,1
AUC_1268,1521768000,58,2,1299,0.0345,649.5,1879427,2147297,20000,90,20,230,18,0.0783,17.6,6.89,6.64,0.9358,37434.58,1,1,1,1,0.859,1
AUC_1189,2604947825,4,0,34,0.0,34.0,1790824,1851633,5000,90,24,95,4,0.0421,197.18,44.1,35.89,0.1513,11680.37,0,0,0,1,0.2312,0
AUC_1064,2532523976,55,23,318,0.4182,13.8261,1607223,1918582,5000,240,24,104,10,0.0962,242.97,189.42,9.03,0.3123,10009.61,0,0,1,1,0.01,0
AUC_1255,1647220016,30,0,65,0.0,65.0,966371,1183047,20000,120,23,183,1,0.0055,971.27,12.35,21.14,0.2782,83507.91,0,1,0,0,0.1974,0
AUC_1028,1093528234,50,2,797,0.04,398.5,899959,1089760,10000,180,17,134,32,0.2388,17.55,0.11,13.24,0.7828,14166.36,1,1,1,0,0.9868,1
AUC_1153,1823629865,150,7,4798,0.0467,685.4286,1917559,2193719,10000,90,8,51,17,0.3333,57.52,12.17,17.08,0.7854,10627.82,0,0,0,0,0.6792,0
AUC_1141,2596779618,91,0,631,0.0,631.0,324175,398614,2000,180,4,69,22,0.3188,6.04,25.44,4.43,0.9426,2921.61,1,0,1,1,0.99,1
AUC_1106,2157630245,90,7,558,0.0778,79.7143,1623842,1938451,10000,90,17,304,22,0.0724,37.19,3.51,3.24,0.8029,14896.92,1,1,1,0,0.812,1
AUC_1165,1023399453,37,0,511,0.0,511.0,1546455,1756162,5000,90,4,54,33,0.6111,56.22,11.12,13.56,0.8091,5343.08,1,0,0,0,0.99,1
AUC_1154,2526710989,70,29,298,0.4143,10.2759,836169,1015933,20000,90,20,57,10,0.1754,126.5,83.3,14.72,0.5988,32926.05,0,0,0,0,0.1568,0
AUC_1168,2580907980,137,5,1137,0.0365,227.4,99258,116779,5000,30,17,168,34,0.2024,76.26,3.61,0.88,0.7637,6983.41,0,0,1,0,0.6771,0
AUC_1275,2623071902,95,41,348,0.4316,8.4878,1871457,2140707,2000,90,16,82,9,0.1098,157.18,17.08,8.64,0.3388,3139.62,0,0,1,0,0.1062,0
AUC_1392,2690032579,64,15,698,0.2344,46.5333,1431131,1685301,5000,120,8,19,9,0.4737,275.78,66.75,13.02,0.3907,10553.05,0,0,1,1,0.3209,1
AUC_1294,1623567803,4,0,24,0.0,24.0,620039,636360,10000,60,8,78,3,0.0385,1022.44,17.66,34.28,0.2376,23171.34,0,0,0,1,0.1191,0
AUC_1247,1505070495,102,27,1257,0.2647,46.5556,1658238,1798540,20000,90,5,44,10,0.2273,130.08,41.72,32.52,0.3096,44882.76,0,0,0,0,0.1491,1
AUC_1246,1936107649,45,18,424,0.4,23.5556,549748,632965,20000,120,24,275,10,0.0364,218.17,45.72,45.23,0.4301,29739.15,0,0,0,1,0.1439,1
AUC_1189,1749001211,32,16,223,0.5,13.9375,354832,405286,5000,90,9,155,7,0.0452,275.88,3.6,12.84,0.2552,17255.1,0,1,0,0,0.0164,0
AUC_1124,1318654920,79,34,477,0.4304,14.0294,439032,530000,2000,60,6,92,10,0.1087,68.93,48.77,7.89,0.6875,2738.77,0,0,0,0,0.2168,0
AUC_1181,2370695835,25,7,60,0.28,8.5714,282169,315789,2000,240,10,135,1,0.0074,1178.52,13.74,89.48,0.3257,3943.15,0,1,0,1,0.1357,0
AUC_1205,2877925843,137,10,2750,0.073,275.0,1726644,2059810,20000,120,18,37,22,0.5946,44.6,29.68,0.08,0.6591,26860.75,1,0,1,1,0.9436,1
AUC_1213,2623942786,15,4,97,0.2667,24.25,1175129,1204786,10000,30,20,339,2,0.0059,1017.83,16.2,12.88,0.4653,18727.15,0,0,0,0,0.1103,0
AUC_1052,1673405029,101,2,1237,0.0198,618.5,1500911,1765828,10000,60,16,141,24,0.1702,42.49,4.12,3.18,0.8801,17623.87,1,1,1,1,0.8985,1
AUC_1296,2345846801,42,8,334,0.1905,41.75,1321002,1502886,10000,60,11,132,7,0.053,1114.39,40.22,23.27,0.2576,22490.1,0,0,0,0,0.1302,0
AUC_1142,2811555908,33,10,74,0.303,7.4,1981297,2301963,5000,30,15,74,7,0.0946,236.39,15.06,12.77,0.3434,9210.93,0,0,0,0,0.1002,1
AUC_1286,1626420489,22,6,305,0.2727,50.8333,595402,722409,5000,240,14,215,9,0.0419,182.72,112.04,21.59,0.3965,5170.03,0,0,1,0,0.118,0
AUC_1314,2844856772,9,1,133,0.1111,133.0,1512418,1743829,5000,240,19,106,15,0.1415,17.18,3.39,14.36,0.831,5248.67,0,1,1,0,0.782,1
AUC_1133,2311697556,82,0,1215,0.0,1215.0,1110675,1382851,20000,120,20,244,29,0.1189,41.58,5.29,0.39,0.7061,31567.54,1,1,1,1,0.8951,1
AUC_1351,2898278201,70,3,1049,0.0429,349.6667,1342942,1539473,5000,120,3,52,44,0.8462,69.7,23.35,13.06,0.8335,8753.71,1,0,1,0,0.99,1
AUC_1036,2906127296,5,0,41,0.0,41.0,252738,267490,2000,30,21,260,7,0.0269,444.2,8.52,16.65,0.1579,3632.69,0,0,0,1,0.2671,0
AUC_1010,1883703317,72,0,2410,0.0,2410.0,1165459,1613016,1000,240,17,65,44,0.6769,111.88,30.53,20.26,0.6799,1702.06,0,0,1,0,0.9017,1
AUC_1262,1429174157,7,1,29,0.1429,29.0,1599943,1904314,2000,120,23,151,7,0.0464,472.08,46.93,47.71,0.4792,5283.6,0,0,0,1,0.0599,0
AUC_1264,2515062295,65,19,191,0.2923,10.0526,1766192,1854710,1000,180,19,276,7,0.0254,200.96,99.77,32.12,0.2282,1083.44,0,0,0,0,0.056,0
AUC_1299,2520863125,15,7,49,0.4667,7.0,688532,787203,20000,60,4,49,3,0.0612,299.63,52.94,3.36,0.6301,46938.76,0,0,1,1,0.0849,0
AUC_1270,2677413265,65,32,236,0.4923,7.375,936223,1057536,20000,120,5,73,9,0.1233,421.27,36.81,5.15,0.4837,59038.95,0,0,1,0,0.0731,0
AUC_1071,2153933772,28,7,164,0.25,23.4286,669110,801223,1000,60,15,60,9,0.15,329.44,29.77,10.81,0.4811,3158.05,0,0,0,0,0.0875,0
AUC_1350,1681663638,29,0,538,0.0,538.0,797852,914077,1000,60,22,94,21,0.2234,29.68,5.8,2.25,0.7027,1155.56,1,1,1,1,0.9088,0
AUC_1030,1009490431,58,27,255,0.4655,9.4444,633010,651853,10000,120,17,266,15,0.0564,251.96,34.79,6.37,0.2292,31085.96,0,0,1,0,0.0709,0
AUC_1173,1677935655,25,0,171,0.0,171.0,1869771,2029584,5000,120,5,76,18,0.2368,32.27,30.88,8.69,0.9088,10896.84,1,0,1,1,0.9058,1
AUC_1223,2312518929,20,5,81,0.25,16.2,283601,346400,5000,180,8,117,2,0.0171,999.16,96.33,68.03,0.1163,11077.33,0,0,0,0,0.1126,0
AUC_1329,1474114315,50,4,1133,0.08,283.25,848046,1022123,1000,60,4,30,24,0.8,46.03,1.38,0.32,0.9552,1825.4,1,1,1,0,0.987,1
AUC_1003,1806802638,42,3,144,0.0714,48.0,543853,610239,10000,180,15,130,3,0.0231,1182.88,90.72,66.16,0.5349,14430.0,0,0,0,0,0.1646,0
AUC_1083,1956984241,22,0,455,0.0,455.0,974290,1263753,10000,30,22,94,26,0.2766,57.86,5.38,4.56,0.8412,14575.87,1,0,0,0,0.7928,1
AUC_1024,1520049198,35,10,347,0.2857,34.7,1835545,2154128,1000,240,12,125,7,0.056,1054.44,94.1,52.62,0.5078,4437.86,0,0,0,0,0.1963,1
AUC_1395,1494263669,84,1,1418,0.0119,1418.0,1232901,1363274,10000,90,20,80,20,0.25,42.51,17.21,10.44,0.7094,17493.09,1,0,1,0,0.9207,1
AUC_1164,1846492239,4,1,19,0.25,19.0,1216821,1421979,20000,30,18,242,9,0.0372,564.72,13.2,20.48,0.293,76161.87,0,0,0,0,0.0257,0
AUC_1351,2420756297,122,12,1408,0.0984,117.3333,1872885,1953526,10000,30,23,148,31,0.2095,79.71,2.13,1.26,0.9032,13725.18,0,1,1,0,0.9503,1
AUC_1235,1353161447,20,1,414,0.05,414.0,1866205,2074345,2000,180,7,64,34,0.5312,31.08,9.08,13.85,0.8851,3054.57,1,1,1,0,0.99,1
AUC_1205,1708918813,92,0,2101,0.0,2101.0,317288,400791,1000,120,11,58,29,0.5,33.71,25.73,0.38,0.7333,1093.71,1,0,1,1,0.9683,1
AUC_1040,2936431139,89,34,782,0.382,23.0,851462,1057491,2000,120,22,97,3,0.0309,392.69,83.56,18.24,0.1556,2745.9,0,0,0,0,0.0744,0
AUC_1198,1403007818,15,0,37,0.0,37.0,1523808,1645161,1000,60,11,140,1,0.0071,464.78,5.96,20.75,0.2375,4464.75,0,1,0,1,0.1758,0
AUC_1188,1006706665,29,1,917,0.0345,917.0,938373,1146509,5000,240,12,110,22,0.2,46.33,26.61,42.68,0.9614,6098.51,1,1,0,0,0.9194,1
AUC_1219,2330304419,63,1,891,0.0159,891.0,1361940,1645501,2000,120,20,328,30,0.0915,15.22,6.13,8.16,0.6947,2725.87,1,1,1,0,0.99,1
AUC_1324,2717848714,95,6,1309,0.0632,218.1667,1129271,1469978,20000,30,11,97,38,0.3918,55.88,1.4,0.38,0.7337,36511.71,1,1,1,0,0.8538,1
AUC_1234,2953380967,97,0,1778,0.0,1778.0,986421,1097274,10000,240,3,42,23,0.5476,76.7,77.87,15.87,0.6739,16992.09,0,0,1,0,0.8563,1
AUC_1002,1930513221,116,50,535,0.431,10.7,971764,1084860,5000,120,19,171,17,0.0994,430.09,55.72,30.01,0.5122,15427.45,0,0,0,0,0.1157,0
AUC_1155,2427086011,57,20,144,0.3509,7.2,1632281,2064990,10000,90,3,10,3,0.3,261.52,83.66,3.29,0.1593,19850.41,0,0,1,0,0.1566,1
AUC_1066,1909456445,44,4,342,0.0909,85.5,1820441,1950750,5000,90,24,341,8,0.0235,889.76,9.64,22.99,0.2772,11689.09,0,1,0,1,0.2577,0
AUC_1321,1487793805,90,4,1470,0.0444,367.5,403204,484231,1000,120,3,41,21,0.5122,5.27,25.11,10.25,0.7917,1372.86,1,0,1,0,0.99,1
AUC_1374,1710833114,75,0,2007,0.0,2007.0,547910,639783,2000,90,13,155,32,0.2065,56.54,19.0,2.54,0.8121,3465.26,1,0,1,1,0.9729,1
AUC_1140,2788443390,23,0,579,0.0,579.0,384199,459386,5000,180,9,45,32,0.7111,103.75,28.73,11.08,0.7782,7085.51,0,0,1,0,0.9479,1
AUC_1252,2731838845,30,2,715,0.0667,357.5,1431450,1809547,2000,180,7,70,36,0.5143,55.71,14.35,12.06,0.9637,2169.15,1,1,1,0,0.99,1
AUC_1231,1095790042,72,23,277,0.3194,12.0435,1460785,1523628,5000,60,19,264,5,0.0189,107.5,28.44,4.17,0.6975,11725.74,0,0,1,0,0.1587,0
AUC_1132,1308411314,34,4,261,0.1176,65.25,1372594,1611528,1000,240,6,69,9,0.1304,561.0,34.91,99.99,0.1283,1377.23,0,0,0,0,0.1417,0
AUC_1235,1793962229,23,10,181,0.4348,18.1,1113950,1245786,2000,120,22,362,11,0.0304,164.75,42.34,11.47,0.2876,2113.25,0,0,1,0,0.01,0
AUC_1062,1516883931,101,40,888,0.396,22.2,1560038,1839111,2000,120,15,183,11,0.0601,354.86,67.74,9.75,0.5442,4932.79,0,0,1,0,0.2397,0
AUC_1231,1270811470,31,0,657,0.0,657.0,524414,569627,10000,180,24,224,23,0.1027,51.76,53.88,29.56,0.8046,12859.55,1,0,0,0,0.8771,1
AUC_1242,1343535785,42,13,147,0.3095,11.3077,1592623,2035014,10000,120,6,40,13,0.325,174.43,53.23,28.0,0.6414,14567.91,0,0,0,0,0.1799,0
AUC_1174,1637644085,14,1,143,0.0714,143.0,1351207,1705924,2000,180,20,146,16,0.1096,24.38,36.68,12.39,0.7636,4025.85,0,0,1,0,0.7919,1
AUC_1229,1175023997,29,0,493,0.0,493.0,761583,819158,10000,90,24,225,26,0.1156,99.83,3.83,4.19,0.7986,11750.83,0,1,1,0,0.7834,1
AUC_1220,1224743605,46,15,167,0.3261,11.1333,385766,422008,20000,180,11,101,7,0.0693,219.41,148.27,30.38,0.1792,32697.94,0,0,0,1,0.1508,0
AUC_1177,2226548392,83,32,359,0.3855,11.2188,1842376,2284801,1000,30,4,23,3,0.1304,336.16,17.17,2.78,0.3819,2009.27,0,0,1,0,0.0556,0
AUC_1185,1727465418,46,10,193,0.2174,19.3,1449522,1668494,5000,120,7,100,3,0.03,248.07,61.81,1.11,0.2631,10507.82,0,0,1,0,0.0845,0
AUC_1010,2400168889,64,9,367,0.1406,40.7778,1552554,1905760,5000,240,8,133,11,0.0827,363.88,176.31,41.25,0.2621,11191.34,0,0,0,0,0.1301,0
AUC_1025,1278279020,77,4,769,0.0519,192.25,1440713,1733897,20000,60,21,362,28,0.0773,43.99,9.32,6.38,0.8871,35930.1,1,0,1,0,0.8787,1
AUC_1034,1314904759,77,2,698,0.026,349.0,1312037,1393827,1000,180,17,177,28,0.1582,11.07,45.29,6.57,0.9474,1169.53,1,0,1,0,0.8563,1
AUC_1319,1933572178,61,18,837,0.2951,46.5,109702,131071,20000,120,22,63,7,0.1111,487.64,76.51,8.68,0.6252,33514.47,0,0,1,0,0.1718,0
AUC_1330,1832835600,94,37,544,0.3936,14.7027,547948,686987,5000,240,13,61,11,0.1803,165.37,118.03,32.52,0.6416,16498.98,0,0,0,1,0.167,0
AUC_1070,2966634962,47,9,247,0.1915,27.4444,385878,478615,1000,60,20,324,7,0.0216,382.57,48.61,3.36,0.3397,2939.35,0,0,1,1,0.186,1
AUC_1058,2824334435,127,4,3240,0.0315,810.0,1551762,1969913,5000,120,10,102,39,0.3824,85.46,1.17,7.56,0.7222,6472.07,0,1,1,0,0.8657,1
AUC_1163,1562844821,119,7,2636,0.0588,376.5714,886966,991526,2000,120,9,159,32,0.2013,77.18,2.52,9.75,0.715,3805.75,0,1,1,0,0.8519,0
AUC_1131,1595587693,92,5,659,0.0543,131.8,611970,778811,2000,120,5,62,21,0.3387,13.34,27.1,1.51,0.9168,2537.65,1,0,1,0,0.8531,1
AUC_1000,2161177456,89,16,600,0.1798,37.5,125894,146043,1000,90,15,95,3,0.0316,358.17,68.43,13.59,0.4841,1920.28,0,0,0,0,0.1007,0
AUC_1364,2963546224,85,13,584,0.1529,44.9231,1500852,1806150,5000,120,22,308,5,0.0162,398.6,42.31,9.69,0.6104,5352.14,0,0,1,1,0.2029,0
AUC_1312,2899743653,43,11,351,0.2558,31.9091,366648,425832,2000,120,12,204,6,0.0294,506.41,47.89,45.62,0.4178,6971.91,0,0,0,0,0.0736,0
AUC_1289,2298858727,51,25,314,0.4902,12.56,824648,965313,5000,30,14,158,10,0.0633,447.1,15.64,11.98,0.3857,5484.29,0,0,0,1,0.0791,0
AUC_1094,2226630977,48,2,155,0.0417,77.5,1896816,1989471,20000,30,17,271,7,0.0258,381.96,28.28,2.67,0.3224,53829.97,0,0,1,0,0.2251,0
AUC_1229,2393905357,56,0,581,0.0,581.0,1382132,1463341,1000,30,16,198,14,0.0707,22.6,0.15,2.21,0.6761,1842.16,0,1,1,0,0.6135,0
AUC_1019,1606966433,67,23,322,0.3433,14.0,1100363,1188561,5000,90,4,20,10,0.5,302.59,66.65,1.09,0.3428,10323.97,0,0,1,0,0.296,0
AUC_1133,1249821760,28,6,135,0.2143,22.5,1224707,1313788,2000,120,12,169,4,0.0237,478.96,21.89,23.9,0.1746,3385.98,0,0,0,1,0.1175,0
AUC_1280,1659539882,38,10,318,0.2632,31.8,1299520,1537927,20000,180,6,48,2,0.0417,680.6,114.37,50.54,0.1096,46577.02,0,0,0,0,0.1356,0
AUC_1287,1768858792,45,4,831,0.0889,207.75,853243,1047503,10000,30,6,71,37,0.5211,83.51,5.67,0.41,0.6398,18999.85,0,0,1,0,0.8997,1
AUC_1141,2136739592,72,3,1124,0.0417,374.6667,1063450,1278465,10000,90,3,43,34,0.7907,10.33,10.32,7.31,0.754,13009.51,1,1,1,0,0.99,1
AUC_1303,1983119364,56,20,421,0.3571,21.05,1005344,1262672,20000,60,6,47,5,0.1064,390.32,48.43,3.52,0.4943,27415.65,0,0,1,0,0.2081,0
AUC_1161,1760579909,16,5,81,0.3125,16.2,1676899,2032002,2000,180,22,322,8,0.0248,51.48,168.67,32.09,0.429,5940.07,0,0,0,0,0.1178,0
AUC_1064,2713276354,75,21,528,0.28,25.1429,710999,869281,1000,90,15,263,3,0.0114,126.01,55.46,4.51,0.5849,2704.33,0,0,1,0,0.1451,0
AUC_1367,2659928762,94,28,511,0.2979,18.25,259393,306320,2000,180,10,89,12,0.1348,382.21,20.17,54.18,0.4433,6883.18,0,1,0,0,0.1826,0
AUC_1166,1900617513,11,0,214,0.0,214.0,1017268,1319248,1000,120,10,89,30,0.3371,6.42,0.17,10.41,0.6547,1284.48,1,1,1,0,0.8482,0
AUC_1262,2010596710,45,8,489,0.1778,61.125,1111988,1302481,5000,240,4,67,16,0.2388,185.56,27.45,37.08,0.4596,12344.22,0,1,0,1,0.2867,0
AUC_1159,2928410424,113,39,650,0.3451,16.6667,1706847,1888788,5000,240,22,321,6,0.0187,109.93,143.92,91.93,0.4248,16998.67,0,0,0,1,0.0935,1
AUC_1287,1259655455,116,51,546,0.4397,10.7059,898176,1090595,2000,30,10,129,6,0.0465,127.97,4.09,1.13,0.289,6706.76,0,0,1,0,0.1265,0
AUC_1078,1950653158,69,2,435,0.029,217.5,961300,1175922,5000,180,24,81,11,0.1358,11.06,35.14,11.54,0.8507,6481.48,0,0,1,0,0.5836,0
AUC_1184,2312606996,41,9,110,0.2195,12.2222,1852129,2033537,1000,240,24,291,5,0.0172,478.85,19.52,93.49,0.5297,2648.53,0,1,0,1,0.1792,0
AUC_1075,2956200691,29,2,94,0.069,47.0,832692,874105,1000,30,3,18,5,0.2778,232.29,1.79,7.96,0.4756,3387.95,0,1,0,0,0.3762,0
AUC_1087,1503863297,42,0,569,0.0,569.0,1901062,1984195,2000,90,8,92,29,0.3152,13.35,9.07,8.12,0.8005,3411.08,1,1,1,1,0.99,1
AUC_1206,2844218342,81,6,1939,0.0741,323.1667,710073,849624,10000,90,21,162,28,0.1728,13.84,26.57,7.63,0.9487,21245.4,1,0,1,0,0.99,1
AUC_1354,1809801350,34,1,560,0.0294,560.0,1918856,2154627,1000,90,18,122,15,0.123,97.81,18.04,13.55,0.8644,1092.36,0,0,0,0,0.7917,1
AUC_1351,1601141305,8,0,52,0.0,52.0,1828097,2322903,1000,90,3,25,11,0.44,185.18,61.49,5.77,0.6764,2008.75,0,0,1,1,0.4883,0
AUC_1152,2031169410,28,5,184,0.1786,36.8,380209,468900,5000,90,22,309,9,0.0291,385.17,57.67,11.17,0.6926,13137.23,0,0,0,1,0.1344,0
AUC_1251,2130234340,92,7,2370,0.0761,338.5714,496129,616862,5000,120,8,135,38,0.2815,62.4,16.22,6.73,0.7699,5710.01,1,0,1,0,0.9789,1
AUC_1158,1268960969,152,5,3573,0.0329,714.6,528254,685242,1000,120,4,55,39,0.7091,57.62,31.83,18.03,0.9606,1116.39,1,0,0,0,0.99,1
AUC_1005,2475867966,36,2,256,0.0556,128.0,1973161,2358627,20000,90,8,37,5,0.1351,965.52,66.4,38.51,0.1098,54230.29,0,0,0,0,0.2553,1
AUC_1318,2515068235,73,19,1010,0.2603,53.1579,1000423,1243807,10000,180,4,65,7,0.1077,105.36,48.1,9.67,0.3919,13362.36,0,0,1,0,0.1089,0
AUC_1184,2464774714,7,1,19,0.1429,19.0,1519081,1748560,1000,30,11,33,11,0.3333,220.91,23.44,1.16,0.5757,1584.69,0,0,1,0,0.3059,1
AUC_1098,2070407446,41,2,359,0.0488,179.5,1281150,1615079,10000,180,17,230,38,0.1652,41.03,20.32,15.29,0.6753,12044.04,1,1,1,0,0.9838,1
AUC_1227,2670738112,8,2,58,0.25,29.0,1933012,2088190,5000,240,22,302,2,0.0066,260.65,202.77,110.36,0.2903,9277.55,0,0,0,0,0.1608,0
AUC_1271,1400770996,86,0,730,0.0,730.0,1612091,2128168,10000,120,22,118,30,0.2542,23.89,25.36,6.99,0.5698,21732.44,1,0,1,0,0.8737,0
AUC_1076,1232859587,13,3,30,0.2308,10.0,1155816,1404949,20000,180,17,272,6,0.0221,820.19,91.88,117.87,0.4515,75132.55,0,0,0,0,0.168,1
AUC_1285,1019569445,14,1,51,0.0714,51.0,764022,959853,2000,90,16,67,6,0.0896,943.07,59.02,46.47,0.3347,4305.01,0,0,0,1,0.0638,0
AUC_1341,2134734325,75,37,541,0.4933,14.6216,1411536,1679280,20000,90,10,28,17,0.6071,82.21,9.33,27.33,0.4674,57439.41,0,1,0,1,0.2557,0
AUC_1149,1458067379,129,3,3537,0.0233,1179.0,1338686,1509227,20000,120,10,91,37,0.4066,39.92,17.59,0.9,0.7798,22296.95,1,0,1,0,0.99,1
AUC_1387,1794866427,47,12,565,0.2553,47.0833,457011,573289,20000,180,5,22,8,0.3636,105.83,116.34,19.65,0.2014,31001.44,0,0,1,1,0.2703,0
AUC_1030,2742948530,110,11,1681,0.1,152.8182,1278349,1624333,5000,180,11,158,22,0.1392,78.25,11.18,17.68,0.7765,7266.87,0,1,1,0,0.7687,1
AUC_1374,1987985154,91,37,419,0.4066,11.3243,1430001,1508460,20000,120,6,102,9,0.0882,104.96,18.3,11.15,0.3236,32915.73,0,0,1,0,0.2157,0
AUC_1273,2432419906,3,0,26,0.0,26.0,1133029,1402836,1000,60,21,124,8,0.0645,229.72,43.91,16.54,0.3261,2320.26,0,0,0,1,0.1554,0
AUC_1109,2029989241,88,35,253,0.3977,7.2286,944660,986758,10000,120,7,96,7,0.0729,121.27,95.04,17.34,0.2656,24455.29,0,0,0,0,0.0396,0
AUC_1069,2849604929,2,0,13,0.0,13.0,393730,479077,10000,180,20,297,3,0.0101,1038.95,146.06,28.84,0.3255,37460.07,0,0,0,1,0.1437,0
AUC_1208,2662635139,42,3,286,0.0714,95.3333,1276206,1472151,10000,30,6,100,7,0.07,64.35,17.54,1.15,0.6849,23441.51,0,0,1,0,0.3525,0
AUC_1277,2567694558,115,5,2399,0.0435,479.8,1878540,2303764,5000,180,20,260,42,0.1615,61.66,58.94,9.18,0.7379,6871.94,1,0,1,0,0.9059,1
AUC_1337,2524987913,114,2,3575,0.0175,1787.5,826586,1000133,1000,180,15,125,31,0.248,53.58,32.68,24.63,0.7981,1517.51,1,0,0,0,0.7012,1
AUC_1250,1002961335,97,5,777,0.0515,155.4,1042961,1143979,2000,30,16,226,27,0.1195,15.05,1.97,2.44,0.8462,2524.93,1,1,1,0,0.831,1
AUC_1136,2040603198,43,13,520,0.3023,40.0,755745,853159,10000,60,9,157,6,0.0382,359.14,7.81,15.86,0.3599,12396.63,0,0,0,1,0.165,0
AUC_1080,2702890026,91,21,1180,0.2308,56.1905,675637,694678,2000,240,15,192,12,0.0625,121.06,135.05,52.2,0.214,6791.21,0,0,0,0,0.1786,0
AUC_1266,1192870222,58,25,205,0.431,8.2,1869021,2056967,10000,60,16,161,16,0.0994,297.99,37.91,15.12,0.4316,15968.0,0,0,0,0,0.0432,0
AUC_1315,1540148660,27,5,78,0.1852,15.6,960142,1072355,10000,60,6,78,10,0.1282,318.91,56.95,1.81,0.5256,26485.18,0,0,1,1,0.1909,0
AUC_1188,1868199756,58,15,626,0.2586,41.7333,1730035,2137053,2000,120,24,56,17,0.3036,492.38,65.01,18.94,0.2188,3111.9,0,0,0,0,0.2344,0
AUC_1215,2977447670,44,14,388,0.3182,27.7143,783937,839957,1000,180,9,61,6,0.0984,788.44,9.25,85.0,0.1809,2528.66,0,1,0,0,0.0335,0
AUC_1221,2781306524,25,10,90,0.4,9.0,1090326,1279594,10000,30,14,235,14,0.0596,432.52,1.11,4.29,0.2258,33277.63,0,1,0,0,0.2896,1
AUC_1275,2761326267,6,0,48,0.0,48.0,88726,102262,1000,30,22,180,11,0.0611,355.02,23.72,4.24,0.6173,1085.41,0,0,0,1,0.2272,0
AUC_1190,2036284569,25,0,336,0.0,336.0,530753,633711,5000,120,23,362,28,0.0773,35.92,13.1,4.27,0.6544,8333.92,1,1,1,0,0.8202,1
AUC_1095,1989082513,18,0,171,0.0,171.0,447251,505327,1000,120,3,50,21,0.42,84.75,12.64,6.75,0.8055,1039.79,0,1,1,0,0.7709,0
AUC_1386,1213747502,32,11,318,0.3438,28.9091,141838,174402,20000,180,18,318,6,0.0189,413.54,16.6,67.83,0.5637,59480.8,0,1,0,1,0.2427,0
AUC_1034,2994852840,3,1,16,0.3333,16.0,1095521,1223882,20000,180,5,41,4,0.0976,169.66,152.44,52.96,0.4161,86938.67,0,0,0,1,0.048,0
AUC_1299,2663904873,136,7,1808,0.0515,258.2857,498102,592660,2000,90,24,300,34,0.1133,74.62,5.42,1.48,0.8304,3752.65,0,1,1,0,0.703,1
AUC_1186,1418807781,58,3,1043,0.0517,347.6667,85782,106974,1000,180,19,115,17,0.1478,26.11,0.19,3.75,0.6418,1296.52,0,1,1,0,0.6876,1
AUC_1046,2440201733,10,0,64,0.0,64.0,730222,870341,20000,180,11,81,3,0.037,366.59,58.63,32.11,0.3598,73425.52,0,0,0,0,0.2089,0
AUC_1287,1594423299,51,16,121,0.3137,7.5625,228767,302791,20000,90,3,28,11,0.3929,92.4,58.28,12.48,0.6871,26217.92,0,0,0,0,0.1665,0
AUC_1306,1951750687,67,7,384,0.1045,54.8571,277524,302628,20000,180,6,33,3,0.0909,183.9,141.83,12.69,0.3862,54935.68,0,0,1,0,0.2255,1
AUC_1147,2087837791,1,1,8,1.0,8.0,959586,1091159,5000,120,8,100,8,0.08,287.44,47.32,81.59,0.4961,11132.87,0,0,0,0,0.0698,0
AUC_1226,1846280903,64,0,1217,0.0,1217.0,162597,175947,10000,120,16,151,14,0.0927,24.05,34.43,0.12,0.7961,11794.62,0,0,1,0,0.6279,1
AUC_1100,1822371578,41,13,171,0.3171,13.1538,991547,1184834,5000,180,5,42,9,0.2143,326.91,92.22,19.26,0.4821,8051.28,0,0,1,0,0.3586,1
AUC_1246,1977856781,22,8,51,0.3636,6.375,1526528,1658573,2000,30,22,255,11,0.0431,238.3,22.37,1.86,0.1706,4534.99,0,0,1,1,0.1684,0
AUC_1254,1085866670,22,5,191,0.2273,38.2,711275,824119,10000,60,22,217,8,0.0369,414.86,37.69,3.72,0.487,24116.19,0,0,1,0,0.1926,0
AUC_1139,1507390321,81,28,377,0.3457,13.4643,1750668,1957466,2000,60,16,252,6,0.0238,293.01,41.34,0.7,0.2353,3517.01,0,0,1,1,0.011,0
AUC_1196,1015470830,28,11,123,0.3929,11.1818,1560313,1689663,1000,60,7,66,8,0.1212,248.02,28.58,3.92,0.3086,2423.46,0,0,1,0,0.1143,0
AUC_1278,1003782776,29,6,253,0.2069,42.1667,961546,1035168,5000,60,14,59,1,0.0169,770.61,15.91,11.75,0.4514,12433.76,0,0,0,0,0.2709,1
AUC_1058,2800240445,38,11,387,0.2895,35.1818,1073221,1219736,1000,90,19,157,17,0.1083,211.7,19.95,29.47,0.4826,2013.25,0,0,0,0,0.1922,1
AUC_1366,1035229741,116,18,590,0.1552,32.7778,1875037,2253317,10000,30,14,250,17,0.068,237.56,8.8,5.52,0.6381,19502.19,0,0,0,0,0.2518,0
AUC_1082,2813696545,31,0,927,0.0,927.0,1705821,2136929,1000,180,8,123,18,0.1463,12.19,24.7,20.06,0.6781,1442.69,1,0,1,0,0.7299,1
AUC_1285,2353189162,13,0,122,0.0,122.0,1468685,1646780,10000,120,5,48,15,0.3125,34.56,10.0,11.21,0.8761,21618.04,0,1,1,0,0.8942,1
AUC_1101,2838808499,96,23,760,0.2396,33.0435,779809,997496,5000,30,7,70,11,0.1571,324.89,0.03,7.93,0.4175,6365.93,0,1,0,0,0.2721,1
AUC_1182,1909585690,114,10,3322,0.0877,332.2,1610613,2024766,2000,120,13,170,17,0.1,66.38,16.28,5.86,0.6811,3210.83,0,0,1,0,0.6423,0
AUC_1126,2862896309,100,5,2330,0.05,466.0,490431,570596,2000,30,8,57,29,0.5088,89.08,3.17,1.99,0.6835,2409.83,0,1,1,0,0.8745,1
AUC_1228,2323877547,106,26,699,0.2453,26.8846,547326,614938,10000,30,6,82,8,0.0976,399.27,3.29,4.07,0.315,11176.61,0,1,0,0,0.1828,0
AUC_1173,2473146461,15,0,350,0.0,350.0,448336,488714,2000,180,5,30,10,0.3333,21.78,13.55,9.09,0.567,2097.1,0,1,1,0,0.8026,1
AUC_1048,2775128644,83,2,784,0.0241,392.0,1172002,1297779,20000,30,19,114,21,0.1842,8.68,4.86,2.15,0.8753,41235.62,1,0,1,0,0.8117,1
AUC_1139,2598314096,103,1,1188,0.0097,1188.0,181022,229484,20000,180,20,135,30,0.2222,69.93,35.69,5.97,0.7246,30986.77,1,0,1,0,0.861,1
AUC_1032,2913003337,38,9,325,0.2368,36.1111,998554,1177082,10000,120,23,117,10,0.0855,407.19,46.94,18.95,0.1855,29661.37,0,0,0,0,0.1196,0
AUC_1183,2982474193,6,0,32,0.0,32.0,931101,951230,10000,180,11,100,1,0.01,160.33,19.4,44.59,0.1133,26450.05,0,1,0,0,0.1423,0
AUC_1135,2259911227,123,12,3406,0.0976,283.8333,1106319,1467388,20000,90,4,48,21,0.4375,55.64,21.03,5.52,0.6355,37916.2,1,0,1,0,0.807,1
AUC_1032,2519755541,109,54,989,0.4954,18.3148,1078826,1251543,5000,60,10,54,8,0.1481,334.48,0.09,21.45,0.5914,11801.07,0,1,0,0,0.1533,0
AUC_1002,2480393170,57,17,221,0.2982,13.0,845173,969458,1000,120,18,70,17,0.2429,121.14,50.9,5.66,0.2745,2176.83,0,0,1,0,0.1324,0
AUC_1373,2911925376,2,1,13,0.5,13.0,1277940,1432693,5000,60,10,95,8,0.0842,808.83,46.56,30.97,0.3612,22346.62,0,0,0,0,0.01,0
AUC_1089,2115832111,51,19,599,0.3725,31.5263,1484470,1652121,10000,120,8,99,12,0.1212,105.1,70.7,14.87,0.4537,33559.29,0,0,0,1,0.1021,0
AUC_1350,1249091000,78,3,1662,0.0385,554.0,1694686,2062057,10000,120,9,157,21,0.1338,31.26,20.86,10.88,0.7275,11586.15,1,0,1,0,0.7663,1
AUC_1367,2225184276,66,13,435,0.197,33.4615,1716732,2027517,2000,180,3,43,9,0.2093,430.97,78.9,2.22,0.2348,4881.13,0,0,1,0,0.223,1
AUC_1120,1995422431,41,20,193,0.4878,9.65,931836,1102264,5000,120,5,13,2,0.1538,297.85,102.23,17.74,0.6088,5172.3,0,0,0,1,0.01,0
AUC_1249,1081309252,67,6,1788,0.0896,298.0,97402,124710,5000,120,17,60,37,0.6167,14.12,17.94,13.21,0.7593,8850.83,1,0,1,0,0.99,1
AUC_1285,1206766469,10,3,82,0.3,27.3333,519118,590750,20000,120,18,303,4,0.0132,372.51,92.81,68.06,0.5326,53154.08,0,0,0,1,0.1892,1
AUC_1064,2924972609,97,5,1840,0.0515,368.0,532529,668621,10000,60,7,26,14,0.5385,27.38,7.08,2.56,0.7384,16137.69,0,1,1,0,0.7699,1
AUC_1317,2341198521,37,6,243,0.1622,40.5,817759,978969,2000,180,11,175,7,0.04,602.74,152.63,77.44,0.4454,7647.23,0,0,0,1,0.1261,1
AUC_1202,1175445026,35,9,183,0.2571,20.3333,165964,203095,10000,90,20,228,5,0.0219,1104.52,25.7,51.86,0.4369,13642.6,0,0,0,0,0.0841,0
AUC_1053,1393784261,29,8,178,0.2759,22.25,1601900,1643431,20000,120,16,207,5,0.0242,400.57,9.62,60.28,0.1324,52384.21,0,1,0,0,0.2456,0
AUC_1289,1185471065,30,9,274,0.3,30.4444,950454,1055601,5000,90,13,173,6,0.0347,436.78,29.77,17.35,0.3548,21853.39,0,0,0,0,0.1606,0
AUC_1284,1770433827,115,2,1667,0.0174,833.5,1709185,1852176,20000,60,22,184,32,0.1739,119.23,12.18,2.41,0.9596,23334.32,0,0,1,0,0.7782,1
AUC_1280,2461996458,38,2,878,0.0526,439.0,1627657,1792920,2000,120,20,295,32,0.1085,44.39,9.62,14.32,0.8228,3667.76,1,1,1,0,0.99,1
AUC_1128,1606674794,21,8,161,0.381,20.125,400300,424550,20000,120,15,143,11,0.0769,416.77,13.4,37.59,0.5678,66982.71,0,1,0,0,0.2399,0
AUC_1255,2462286534,57,11,535,0.193,48.6364,1570831,1800430,2000,180,18,208,16,0.0769,80.17,76.01,35.58,0.4462,6466.41,0,0,0,0,0.2567,0
AUC_1019,2116453070,153,0,2050,0.0,2050.0,1392201,1636436,10000,180,3,44,36,0.8182,63.77,35.8,0.22,0.8784,14148.24,1,0,1,1,0.99,1
AUC_1071,1602626221,60,10,255,0.1667,25.5,1704943,1793351,20000,90,19,294,17,0.0578,151.41,20.74,17.39,0.5034,49529.65,0,0,0,0,0.2121,0
AUC_1040,1736203343,51,1,514,0.0196,514.0,307293,386426,5000,60,7,73,26,0.3562,19.92,16.29,5.96,0.9003,9776.86,1,0,1,0,0.99,1
AUC_1133,1039227769,31,1,366,0.0323,366.0,702532,817317,1000,90,4,65,26,0.4,13.29,18.72,3.98,0.636,1708.13,1,0,1,0,0.89,1
AUC_1107,2724612280,47,3,199,0.0638,66.3333,1133531,1361005,1000,90,3,31,9,0.2903,175.08,55.15,10.45,0.6502,2352.1,0,0,1,0,0.2696,0
AUC_1292,2890879312,15,3,96,0.2,32.0,600407,685756,20000,240,4,32,2,0.0625,1108.49,170.02,87.37,0.2404,43548.31,0,0,0,0,0.0849,0
AUC_1116,2390962471,59,0,717,0.0,717.0,87916,108694,10000,180,13,96,32,0.3333,95.83,31.42,11.72,0.9145,10856.23,0,0,1,0,0.7736,1
AUC_1367,2016240999,118,9,3389,0.0763,376.5556,1830047,1929777,5000,120,15,173,19,0.1098,32.44,9.02,1.85,0.9458,5324.41,1,1,1,0,0.8472,1
AUC_1253,1681578924,68,3,873,0.0441,291.0,243706,292127,20000,240,3,43,27,0.6279,59.73,19.55,23.97,0.8922,28904.26,1,1,1,0,0.9423,1
AUC_1324,1200224757,1,0,7,0.0,7.0,1215737,1274256,10000,120,16,209,7,0.0335,224.08,48.31,75.11,0.2858,43788.27,0,0,0,0,0.1849,0
AUC_1133,1211851460,95,18,976,0.1895,54.2222,234476,283283,20000,180,13,71,7,0.0986,422.76,42.37,19.08,0.6193,43444.75,0,0,1,1,0.2675,0
AUC_1059,1880877271,60,28,421,0.4667,15.0357,86433,109681,20000,60,22,88,8,0.0909,53.34,21.46,1.22,0.5914,29929.93,0,0,1,0,0.2413,0
AUC_1372,1676258182,26,0,695,0.0,695.0,1498236,2146307,10000,120,4,46,42,0.913,86.29,17.68,21.94,0.9745,13589.62,0,0,0,0,0.9564,1
AUC_1218,1701186967,44,5,374,0.1136,74.8,1310282,1591218,5000,60,12,75,3,0.04,532.17,3.82,21.22,0.3084,19741.88,0,1,0,0,0.3175,1
AUC_1244,1031513474,24,7,201,0.2917,28.7143,1272796,1542033,10000,180,12,140,1,0.0071,1183.4,50.31,54.88,0.3294,20723.89,0,0,0,0,0.01,0
AUC_1098,1404911093,72,3,2068,0.0417,689.3333,165454,211492,2000,180,17,61,36,0.5902,66.37,30.89,32.4,0.9409,2850.54,1,0,0,0,0.99,1
AUC_1072,2319937174,81,6,2061,0.0741,343.5,1319283,1472796,5000,240,4,67,15,0.2239,43.2,38.88,20.38,0.7215,9404.13,0,0,1,0,0.7541,1
AUC_1029,2833361691,91,7,1302,0.0769,186.0,1465668,1595678,2000,240,13,64,36,0.5625,13.53,33.8,17.45,0.931,2947.09,1,0,1,1,0.99,1
AUC_1174,1967716338,58,19,595,0.3276,31.3158,1962797,2391434,2000,60,23,318,15,0.0472,325.13,9.78,3.52,0.3628,6482.08,0,0,1,0,0.1084,0
AUC_1126,1499878756,96,0,1344,0.0,1344.0,1613068,1974252,5000,60,16,280,26,0.0929,8.61,6.4,4.08,0.6008,8122.07,1,1,1,0,0.9134,1
AUC_1064,1692236678,89,44,1122,0.4944,25.5,1153018,1320068,2000,180,12,27,13,0.4815,367.38,74.91,69.6,0.2107,4173.31,0,0,0,0,0.1147,0
AUC_1147,1145503932,36,11,359,0.3056,32.6364,461362,496042,1000,90,9,124,4,0.0323,635.97,5.5,28.6,0.1644,1498.03,0,1,0,1,0.0941,0
AUC_1114,2128871847,54,3,325,0.0556,108.3333,1521235,1900945,20000,90,3,19,2,0.1053,208.69,72.48,3.4,0.673,38434.18,0,0,1,0,0.267,1
AUC_1184,1671963797,9,0,68,0.0,68.0,1826952,2136792,5000,180,4,62,6,0.0968,175.93,64.65,29.04,0.4908,7304.25,0,0,0,0,0.1905,0
AUC_1392,2127884340,29,3,74,0.1034,24.6667,1509134,1888553,2000,240,11,44,3,0.0682,170.55,46.04,87.94,0.1488,7338.84,0,0,0,1,0.1253,0
AUC_1097,1975386053,18,1,86,0.0556,86.0,708124,851643,10000,90,10,99,5,0.0505,184.84,11.27,47.36,0.2068,30714.84,0,0,0,0,0.2435,0
AUC_1032,1721939746,41,11,309,0.2683,28.0909,422789,457549,5000,60,21,305,4,0.0131,260.61,7.85,20.73,0.3204,17573.25,0,0,0,0,0.1105,0
AUC_1121,1385355394,28,0,557,0.0,557.0,792462,930426,2000,90,13,196,20,0.102,20.05,17.1,1.77,0.8043,3787.32,1,0,1,0,0.8344,0
AUC_1274,2299053417,39,11,483,0.2821,43.9091,1963853,2189213,20000,60,5,34,8,0.2353,286.01,33.77,22.14,0.2566,35156.79,0,0,0,1,0.2787,1
AUC_1231,2529178647,90,16,884,0.1778,55.25,827139,997291,2000,60,15,84,6,0.0714,113.0,20.68,4.68,0.3726,5914.34,0,0,1,0,0.1698,0
AUC_1251,1282324381,75,21,365,0.28,17.381,1458462,1723230,1000,180,21,243,4,0.0165,172.53,142.42,21.56,0.6998,2187.86,0,0,1,0,0.2775,0
AUC_1194,1151342000,148,3,4685,0.0203,1561.6667,886570,1082325,5000,180,24,336,41,0.122,17.21,61.49,25.84,0.7335,6907.73,1,0,0,0,0.8879,1
AUC_1023,1150136133,83,2,1033,0.0241,516.5,328838,363274,2000,180,9,90,31,0.3444,111.32,43.68,3.93,0.7208,3483.07,0,0,1,0,0.8061,1
AUC_1020,2338668840,22,4,228,0.1818,57.0,1897847,2166935,20000,240,16,45,11,0.2444,395.25,99.96,90.77,0.3715,66568.45,0,0,0,1,0.2259,0
AUC_1041,2748525800,29,0,209,0.0,209.0,497190,546427,2000,90,16,94,5,0.0532,914.93,47.67,26.44,0.3393,8027.1,0,0,0,0,0.2738,0
AUC_1202,1524907834,24,7,138,0.2917,19.7143,1754335,1834406,20000,180,12,59,7,0.1186,81.81,125.42,31.27,0.5754,49810.32,0,0,0,1,0.2113,0
AUC_1284,1830619858,31,0,991,0.0,991.0,260278,317843,20000,30,11,102,41,0.402,27.87,9.46,4.49,0.6691,24355.24,1,0,0,1,0.977,1
AUC_1021,1234854558,20,4,110,0.2,27.5,235852,293878,5000,240,16,99,8,0.0808,1077.31,32.6,36.82,0.433,15907.6,0,0,0,0,0.1461,0
AUC_1047,2561828940,107,24,750,0.2243,31.25,1533071,1762660,5000,180,22,115,16,0.1391,494.48,38.67,52.51,0.3896,5346.69,0,0,0,1,0.0703,0
AUC_1028,1595103380,9,1,43,0.1111,43.0,1275066,1534489,2000,180,17,118,3,0.0254,333.21,1.9,28.95,0.293,3607.61,0,1,0,0,0.091,0
AUC_1053,2832376601,27,3,232,0.1111,77.3333,1965149,2170709,20000,120,11,161,9,0.0559,1090.1,14.48,54.81,0.1083,70082.56,0,0,0,0,0.1701,0
AUC_1335,1384156191,109,34,1432,0.3119,42.1176,138906,160557,2000,180,17,108,17,0.1574,125.69,116.59,40.78,0.3406,5026.24,0,0,0,0,0.154,0
AUC_1210,1817584310,139,11,2279,0.0791,207.1818,912648,1148007,10000,120,12,54,17,0.3148,36.12,2.0,6.8,0.9682,12491.63,0,1,1,0,0.99,1
AUC_1086,1952792744,22,2,210,0.0909,105.0,1010960,1216532,1000,60,6,35,17,0.4857,431.8,29.66,16.98,0.5316,1419.14,0,0,0,0,0.409,0
AUC_1221,1252162483,33,7,219,0.2121,31.2857,1158386,1311839,5000,120,24,287,4,0.0139,149.53,63.03,29.34,0.1668,11909.76,0,0,0,0,0.0609,0
AUC_1061,2737616357,48,19,419,0.3958,22.0526,1137603,1230907,5000,120,14,250,7,0.028,161.68,73.52,14.11,0.2012,17148.27,0,0,1,0,0.1624,0
AUC_1300,2428591678,8,0,89,0.0,89.0,476159,516874,20000,120,19,115,25,0.2174,28.02,22.19,10.62,0.6424,24135.07,1,0,1,1,0.7719,1
AUC_1292,2202556289,57,24,732,0.4211,30.5,1786301,1982367,10000,30,20,206,11,0.0534,494.12,6.41,3.45,0.5004,26854.94,0,0,1,1,0.2707,0
AUC_1187,1374167259,122,0,2833,0.0,2833.0,846745,932927,1000,90,24,362,25,0.0691,9.86,20.68,9.3,0.6284,1254.9,1,0,1,0,0.8711,1
AUC_1153,2597621948,106,8,1183,0.0755,147.875,1722713,1833162,2000,180,7,119,26,0.2185,74.73,4.67,14.3,0.8961,3085.84,0,1,1,0,0.7884,1
AUC_1328,1195994817,57,1,541,0.0175,541.0,1664114,2253785,2000,60,3,40,18,0.45,32.8,2.38,3.17,0.7705,4131.72,1,1,1,0,0.9567,1
AUC_1238,1319000213,74,29,658,0.3919,22.6897,1573643,1944669,10000,120,10,112,8,0.0714,143.26,86.82,17.18,0.254,25865.21,0,0,0,1,0.1418,0
AUC_1346,1977923932,70,7,566,0.1,80.8571,1278884,1354509,1000,120,24,333,8,0.024,186.63,54.39,12.12,0.2551,2578.29,0,0,1,0,0.3085,0
AUC_1274,2412144851,22,6,93,0.2727,15.5,409334,456633,5000,30,19,253,8,0.0316,320.49,22.57,6.03,0.5473,11423.23,0,0,0,0,0.0585,1
AUC_1256,2856500026,12,4,98,0.3333,24.5,1391456,1466973,5000,60,14,76,2,0.0263,1054.08,34.83,19.38,0.5183,11608.65,0,0,0,1,0.0833,0
AUC_1112,1807987039,16,1,120,0.0625,120.0,600380,693454,10000,60,3,44,8,0.1818,386.71,13.33,39.49,0.4056,25100.73,0,0,0,0,0.4509,1
AUC_1054,1426735491,7,0,46,0.0,46.0,1198901,1281929,1000,60,16,124,6,0.0484,320.02,14.0,26.78,0.3204,3893.69,0,0,0,0,0.1158,0
AUC_1351,2043109357,56,26,723,0.4643,27.8077,1592337,1731131,20000,120,13,139,7,0.0504,180.87,1.46,21.73,0.6393,42404.24,0,1,0,1,0.1287,0
AUC_1286,2207734343,100,42,616,0.42,14.6667,1606162,1786307,5000,90,12,76,13,0.1711,224.78,0.71,29.09,0.5103,8224.56,0,1,0,0,0.3289,0
AUC_1334,2311190994,81,3,1831,0.037,610.3333,1755394,2195323,5000,60,15,238,44,0.1849,12.11,18.2,1.89,0.9852,7028.74,1,0,1,1,0.99,1
AUC_1161,2830570406,70,4,344,0.0571,86.0,1177547,1348352,2000,60,22,234,2,0.0085,180.43,46.29,0.47,0.6611,5147.58,0,0,1,1,0.3356,0
AUC_1339,2543856415,22,2,121,0.0909,60.5,1651097,2265371,2000,180,5,15,8,0.5333,139.81,67.02,42.09,0.3992,3812.13,0,0,0,0,0.3477,0
AUC_1245,2005545945,9,1,79,0.1111,79.0,765661,944678,10000,120,9,101,5,0.0495,723.34,99.11,79.15,0.1939,22129.18,0,0,0,0,0.0292,0
AUC_1080,2724040486,20,7,274,0.35,39.1429,747620,785929,10000,30,13,151,15,0.0993,497.59,13.48,10.8,0.2208,25589.41,0,0,0,1,0.0274,0
AUC_1334,2861329117,59,23,812,0.3898,35.3043,977026,1015851,5000,60,10,129,7,0.0543,345.91,25.6,8.8,0.4707,7471.65,0,0,0,0,0.0744,0
AUC_1362,1118564070,24,0,204,0.0,204.0,1339284,1635525,5000,30,4,49,19,0.3878,14.68,8.8,2.92,0.6254,5146.82,1,0,1,0,0.9388,1
AUC_1129,2821465380,66,5,1408,0.0758,281.6,1006230,1242380,5000,120,12,73,39,0.5342,60.86,29.91,5.09,0.6869,6648.87,1,0,1,0,0.9744,1
AUC_1158,1026521561,44,11,307,0.25,27.9091,1120509,1379363,20000,60,21,158,9,0.057,485.51,22.92,34.6,0.5125,30926.38,0,0,0,0,0.0202,0
AUC_1174,2026873598,64,29,335,0.4531,11.5517,955433,1106054,5000,120,16,273,13,0.0476,332.24,27.0,38.82,0.2737,17406.55,0,0,0,1,0.0744,0
AUC_1278,1339970633,23,1,203,0.0435,203.0,1591469,1938767,5000,180,23,361,11,0.0305,11.34,17.94,15.82,0.7697,7610.48,0,1,1,1,0.6629,1
AUC_1283,1729784463,27,9,230,0.3333,25.5556,956973,1005854,20000,120,17,66,9,0.1364,622.36,67.04,35.31,0.177,24896.43,0,0,0,0,0.1753,1
AUC_1237,2321366092,11,1,136,0.0909,136.0,1913981,2397469,1000,30,21,64,23,0.3594,26.91,5.02,1.14,0.7347,2188.11,1,0,1,0,0.99,1
AUC_1060,1076914461,122,6,1363,0.0492,227.1667,1994122,2248442,5000,120,7,106,30,0.283,25.47,12.54,5.41,0.6223,8999.07,1,1,1,0,0.9253,1
AUC_1076,1841373737,74,6,1102,0.0811,183.6667,358137,445536,20000,60,22,72,29,0.4028,30.96,12.81,4.12,0.875,28157.35,1,0,1,0,0.99,1
AUC_1176,2191941856,37,2,247,0.0541,123.5,783299,847683,10000,30,9,86,6,0.0698,285.03,21.0,6.16,0.5307,17265.93,0,0,0,0,0.3204,0
AUC_1355,2246521129,23,5,118,0.2174,23.6,352215,383315,20000,180,16,74,9,0.1216,232.58,106.83,17.47,0.3208,43908.38,0,0,1,1,0.1016,0
AUC_1051,1891107051,37,0,102,0.0,102.0,337345,402960,1000,120,23,273,4,0.0147,779.22,58.39,24.19,0.2619,2244.95,0,0,0,0,0.247,0
AUC_1286,1265269950,33,14,402,0.4242,28.7143,1044818,1317740,20000,180,22,199,8,0.0402,407.22,105.69,22.94,0.2316,40959.85,0,0,0,0,0.0665,0
AUC_1306,1155189033,86,3,1445,0.0349,481.6667,1460949,1718463,20000,90,23,249,37,0.1486,88.91,19.34,4.77,0.7436,31701.36,0,0,1,0,0.7966,0
AUC_1183,2128683666,4,0,32,0.0,32.0,1165724,1367425,20000,180,13,75,4,0.0533,429.9,96.84,45.7,0.3507,62232.99,0,0,0,1,0.2536,0
AUC_1225,2249322812,44,8,396,0.1818,49.5,142058,158346,2000,120,13,129,5,0.0388,1199.27,95.14,28.09,0.2494,4257.8,0,0,0,0,0.1646,0
AUC_1028,1006955734,65,6,773,0.0923,128.8333,847120,894809,2000,120,24,138,25,0.1812,14.15,15.8,5.65,0.6265,3260.97,1,0,1,0,0.7835,0
AUC_1346,2750925041,39,6,224,0.1538,37.3333,931861,1110157,20000,30,5,86,6,0.0698,489.08,10.71,19.81,0.1948,26607.98,0,0,0,1,0.0819,0
AUC_1066,1836620389,14,1,89,0.0714,89.0,60260,66236,10000,90,24,227,2,0.0088,373.57,77.52,13.71,0.366,15083.36,0,0,0,1,0.1987,0
AUC_1168,2310144913,80,4,1355,0.05,338.75,1445102,1618950,5000,180,15,69,32,0.4638,68.64,26.07,19.7,0.9266,7121.91,1,0,1,0,0.9682,1
AUC_1283,2348367610,13,0,63,0.0,63.0,556432,674787,10000,120,14,192,1,0.0052,989.69,77.85,35.93,0.1669,40792.45,0,0,0,1,0.1116,0
AUC_1043,1383203225,43,13,408,0.3023,31.3846,1513051,1697685,2000,180,11,92,9,0.0978,172.48,57.19,47.08,0.2719,8477.49,0,0,0,1,0.01,0
AUC_1002,2941454639,42,14,351,0.3333,25.0714,1956449,2111922,20000,240,11,79,12,0.1519,462.45,129.9,66.87,0.5299,22960.56,0,0,0,1,0.1101,0
AUC_1085,1088496217,41,0,318,0.0,318.0,1085934,1162860,1000,90,18,240,13,0.0542,34.76,2.61,4.31,0.6277,2112.95,0,1,1,0,0.6881,1
AUC_1383,2570761639,2,0,16,0.0,16.0,342120,369068,10000,180,24,390,1,0.0026,218.6,137.49,33.49,0.3929,28347.23,0,0,0,1,0.1455,0
AUC_1253,1351135225,15,1,317,0.0667,317.0,690055,752852,5000,180,17,71,14,0.1972,27.46,32.56,13.22,0.7973,7651.92,0,0,1,0,0.7918,0
AUC_1333,2644288032,30,6,299,0.2,49.8333,1591310,1857553,1000,120,20,242,6,0.0248,722.34,31.75,76.02,0.3233,3913.46,0,0,0,1,0.1209,0
AUC_1356,2147968871,13,3,75,0.2308,25.0,705219,853748,20000,180,18,51,5,0.098,403.06,102.12,15.7,0.5735,49742.23,0,0,1,1,0.1515,0
AUC_1036,2005031802,122,5,3571,0.041,714.2,1528144,1726586,2000,120,15,261,24,0.092,73.43,0.12,4.17,0.6276,3424.07,0,1,1,0,0.7632,1
AUC_1012,1044747092,37,6,207,0.1622,34.5,1558682,1667476,10000,120,8,113,2,0.0177,1072.11,21.44,52.06,0.1151,38514.96,0,0,0,1,0.0588,0
AUC_1260,1305632824,61,16,313,0.2623,19.5625,1765754,2156287,10000,120,3,32,12,0.375,374.28,62.26,3.89,0.2675,29757.16,0,0,1,1,0.3783,0
AUC_1122,1308704809,16,0,160,0.0,160.0,756843,967181,20000,30,13,161,18,0.1118,18.73,1.1,1.38,0.8156,34565.78,1,1,1,0,0.9294,1
AUC_1141,2122023329,26,5,309,0.1923,61.8,1607987,1984617,20000,180,13,138,16,0.1159,397.01,23.26,12.61,0.4762,34946.21,0,0,1,1,0.3728,0
AUC_1139,2203897923,65,20,253,0.3077,12.65,133726,144382,20000,120,7,74,16,0.2162,329.17,26.97,43.24,0.4442,28659.25,0,0,0,0,0.1503,0
AUC_1188,2340378154,95,30,1079,0.3158,35.9667,1322828,1583327,10000,240,17,47,7,0.1489,440.16,21.8,42.23,0.203,16547.26,0,1,0,1,0.2402,0
AUC_1300,2458849659,29,7,107,0.2414,15.2857,747822,810995,5000,120,19,151,9,0.0596,153.88,1.01,22.58,0.3747,19438.92,0,1,0,0,0.1853,0
AUC_1265,1627137349,43,20,406,0.4651,20.3,124407,131745,20000,180,10,173,14,0.0809,430.03,101.2,51.88,0.2782,67901.07,0,0,0,0,0.1618,0
AUC_1039,1683107827,33,7,195,0.2121,27.8571,1196823,1394999,20000,120,17,106,2,0.0189,1064.87,28.19,25.12,0.3965,40918.93,0,0,0,0,0.1256,0
AUC_1270,1499349323,89,8,831,0.0899,103.875,314796,328424,20000,90,3,47,19,0.4043,69.48,13.71,1.83,0.6358,27333.25,1,0,1,0,0.7651,0
AUC_1337,1234096764,95,44,1100,0.4632,25.0,1868209,2350118,10000,90,11,86,11,0.1279,238.36,21.4,9.95,0.5826,17002.81,0,0,1,1,0.1173,0
AUC_1234,1954102487,18,4,90,0.2222,22.5,1712516,1995280,1000,120,11,131,15,0.1145,247.95,64.15,16.52,0.6401,3039.21,0,0,0,0,0.1239,0
AUC_1157,2795685616,23,3,54,0.1304,18.0,161921,170289,1000,60,17,138,5,0.0362,494.55,40.51,12.49,0.2367,2508.82,0,0,0,0,0.1509,0
AUC_1026,1292760724,40,13,89,0.325,6.8462,784808,874146,2000,90,10,84,2,0.0238,879.05,53.9,36.27,0.5263,2868.96,0,0,0,0,0.0321,0
AUC_1034,1576547936,117,0,3452,0.0,3452.0,743083,866963,5000,90,14,218,32,0.1468,17.4,21.65,4.14,0.8833,6020.82,1,0,1,0,0.99,1
AUC_1335,2837950560,55,6,218,0.1091,36.3333,129943,135397,10000,60,24,262,14,0.0534,124.85,7.89,13.01,0.5621,19976.84,0,0,0,0,0.2803,0
AUC_1179,2907388886,112,0,3236,0.0,3236.0,758363,995913,10000,180,4,60,44,0.7333,18.64,31.69,13.01,0.9223,16494.21,1,0,1,0,0.99,1
AUC_1105,2417521805,36,3,1005,0.0833,335.0,1586979,2052234,10000,60,9,73,21,0.2877,15.66,9.33,3.58,0.6229,10341.42,1,0,1,0,0.7839,0
AUC_1107,2582117872,27,5,219,0.1852,43.8,1227481,1536748,5000,240,12,174,9,0.0517,887.08,131.65,44.03,0.3337,8024.1,0,0,0,0,0.1507,0
AUC_1199,1203003553,53,12,440,0.2264,36.6667,75848,88320,2000,180,20,317,5,0.0158,388.4,122.29,31.5,0.3559,3128.42,0,0,0,1,0.2227,0
AUC_1347,1551749587,79,1,1998,0.0127,1998.0,975835,1229395,20000,60,3,43,33,0.7674,44.64,14.2,11.17,0.6716,20919.36,1,0,0,0,0.99,1
AUC_1052,2644995985,82,1,1272,0.0122,1272.0,1448351,1686949,20000,60,22,122,19,0.1557,79.11,0.71,0.34,0.9112,21407.44,0,1,1,0,0.8003,0
AUC_1206,1859833312,98,43,412,0.4388,9.5814,252515,324020,5000,120,17,63,11,0.1746,74.85,72.19,7.82,0.5541,15624.35,0,0,1,0,0.28,0
AUC_1254,1936582460,86,18,869,0.2093,48.2778,363930,384584,5000,30,18,209,6,0.0287,395.68,15.01,6.31,0.3871,13011.29,0,0,0,0,0.2267,0
AUC_1077,2304778479,68,3,438,0.0441,146.0,1786650,2222727,1000,180,15,262,21,0.0802,34.78,50.08,1.76,0.6492,1075.89,1,0,1,0,0.7759,1
AUC_1274,2392103476,11,3,29,0.2727,9.6667,1592469,1802331,20000,180,8,116,8,0.069,282.04,9.43,62.91,0.1427,30585.58,0,1,0,1,0.0524,0
AUC_1232,2614362745,25,1,107,0.04,107.0,240462,254604,5000,90,6,83,1,0.012,1079.44,11.27,33.83,0.3188,20929.4,0,0,0,0,0.2124,0
AUC_1114,1868309249,73,3,1652,0.0411,550.6667,377335,433296,20000,240,19,195,16,0.0821,38.99,70.8,8.71,0.8658,26478.46,0,0,1,0,0.7196,1
AUC_1268,2958116305,43,17,592,0.3953,34.8235,502347,531968,1000,120,14,69,11,0.1594,360.36,72.68,30.47,0.3637,1784.23,0,0,0,0,0.1159,1
AUC_1222,1801468070,88,3,833,0.0341,277.6667,1176479,1273793,2000,60,16,106,19,0.1792,74.68,9.12,1.75,0.7295,2573.26,0,0,1,0,0.6834,1
AUC_1103,1086565310,103,20,930,0.1942,46.5,641285,709798,10000,180,4,52,14,0.2692,63.67,5.14,61.92,0.3845,19060.34,0,1,0,1,0.314,0
AUC_1386,1078347493,42,14,501,0.3333,35.7857,1115084,1216304,20000,120,20,104,15,0.1442,479.9,25.94,39.52,0.4546,32212.59,0,0,0,0,0.1648,0
AUC_1304,2307513686,101,2,2000,0.0198,1000.0,1744217,2509463,20000,240,3,35,26,0.7429,34.02,62.88,1.24,0.7674,28520.3,1,0,1,0,0.9763,1
AUC_1096,2866860385,12,6,42,0.5,7.0,469365,539904,5000,90,5,11,6,0.5455,358.31,73.4,10.12,0.3052,6829.89,0,0,1,0,0.2062,0
AUC_1034,1661253307,78,3,1244,0.0385,414.6667,1918569,2453478,2000,180,12,71,14,0.1972,89.62,1.82,28.27,0.9585,2143.82,0,1,0,0,0.8357,1
AUC_1349,1801352928,88,2,2482,0.0227,1241.0,116816,136860,5000,90,21,364,38,0.1044,24.18,3.93,9.42,0.6695,7909.92,1,1,1,1,0.9409,1
AUC_1297,2353312263,6,0,43,0.0,43.0,753220,819063,2000,30,5,13,3,0.2308,902.61,14.87,8.58,0.4935,6089.67,0,0,0,0,0.3726,0
AUC_1051,1007049564,64,2,1285,0.0312,642.5,873773,943624,10000,120,19,149,27,0.1812,39.79,20.69,2.18,0.6946,16375.1,1,0,1,0,0.8084,1
AUC_1061,1212056961,124,5,2791,0.0403,558.2,1215099,1602604,5000,120,12,55,21,0.3818,16.17,20.7,8.77,0.7211,8190.23,1,0,1,0,0.9063,1
AUC_1150,1612005393,67,14,580,0.209,41.4286,1216402,1475296,10000,90,21,152,3,0.0197,132.92,72.36,1.58,0.4595,27208.71,0,0,1,0,0.2076,0
AUC_1287,2004700090,92,23,440,0.25,19.1304,1513797,1880128,20000,240,4,64,10,0.1562,463.75,66.79,42.42,0.4002,56544.78,0,0,0,0,0.0622,0
AUC_1228,1006677622,75,30,277,0.4,9.2333,1735070,2008194,2000,30,3,32,6,0.1875,401.17,7.83,1.64,0.4743,3395.54,0,0,1,0,0.0793,0
AUC_1226,2167061658,68,28,266,0.4118,9.5,1254364,1353776,1000,180,7,19,4,0.2105,216.62,168.87,30.92,0.6706,2190.32,0,0,0,0,0.1321,0
AUC_1238,1397532097,38,11,315,0.2895,28.6364,783618,915139,2000,120,9,68,6,0.0882,765.42,8.43,67.75,0.2595,3833.7,0,1,0,1,0.142,0
AUC_1292,2393924711,7,0,35,0.0,35.0,1733547,1897280,10000,120,7,61,2,0.0328,319.83,70.71,3.57,0.5428,18871.13,0,0,1,1,0.2939,0
AUC_1282,2178670172,31,13,104,0.4194,8.0,1759757,2124228,1000,30,10,162,10,0.0617,436.61,13.81,0.9,0.4652,1362.35,0,0,1,1,0.1037,0
AUC_1255,2323175906,38,1,849,0.0263,849.0,1788451,2407817,10000,240,13,73,37,0.5068,17.52,19.75,13.19,0.8524,14176.82,1,1,1,0,0.99,1
AUC_1093,2774634233,72,1,1239,0.0139,1239.0,1329691,1620824,20000,90,12,77,24,0.3117,26.99,17.19,11.94,0.822,29986.58,1,0,0,0,0.8052,1
AUC_1075,2718379240,121,10,3523,0.0826,352.3,902176,1039559,5000,90,6,69,29,0.4203,60.93,5.39,9.37,0.7916,8450.71,1,1,1,0,0.9307,1
AUC_1256,1067387689,30,14,116,0.4667,8.2857,556633,638245,1000,120,20,82,3,0.0366,69.1,58.82,11.28,0.448,1498.85,0,0,1,1,0.1965,0
AUC_1306,1006407545,11,2,86,0.1818,43.0,1656666,2069731,2000,240,14,30,6,0.2,1060.79,143.57,160.58,0.3563,4805.2,0,0,0,0,0.0771,0
AUC_1181,2955509501,20,0,110,0.0,110.0,654315,760665,5000,180,4,64,9,0.1406,638.41,6.41,79.29,0.3831,12946.3,0,1,0,0,0.3898,1
AUC_1385,1581575718,47,2,1058,0.0426,529.0,1968449,2221633,20000,180,9,72,12,0.1667,27.51,5.96,11.82,0.8228,21198.66,0,1,1,0,0.6836,1
AUC_1033,2797555431,64,3,1321,0.0469,440.3333,1790414,2134124,1000,60,16,90,14,0.1556,21.15,16.83,0.67,0.7867,1460.34,0,0,1,0,0.81,1
AUC_1307,1160263930,7,3,51,0.4286,17.0,910052,1114297,2000,60,14,152,10,0.0658,282.12,52.08,9.25,0.2718,4580.07,0,0,0,1,0.0377,0
AUC_1164,2231611445,32,0,723,0.0,723.0,1476205,1787935,5000,120,17,121,16,0.1322,38.64,15.57,7.75,0.9187,5985.3,0,0,1,0,0.7309,1
AUC_1354,2288767367,27,1,283,0.037,283.0,1411479,1609641,1000,240,23,132,24,0.1818,10.92,23.66,14.21,0.6036,1660.86,1,1,1,0,0.872,1
AUC_1252,1756291746,21,6,85,0.2857,14.1667,1720028,1970431,20000,120,17,240,6,0.025,202.25,29.6,32.95,0.406,63858.24,0,0,0,1,0.0835,0
AUC_1372,2252049640,8,3,32,0.375,10.6667,1966123,2274662,1000,120,20,82,3,0.0366,104.85,113.9,9.63,0.4464,2232.91,0,0,1,0,0.0804,0
AUC_1184,2419706395,8,1,26,0.125,26.0,1526698,1727746,2000,30,17,39,6,0.1538,170.2,8.86,14.05,0.4756,3623.46,0,0,0,0,0.1512,1
AUC_1390,2204529899,84,28,471,0.3333,16.8214,1125406,1230013,10000,60,7,62,16,0.2581,450.94,21.57,16.87,0.381,28630.08,0,0,0,0,0.0761,0
AUC_1118,1461219682,55,10,489,0.1818,48.9,639510,694582,1000,120,18,133,6,0.0451,66.11,73.45,6.13,0.154,1160.56,0,0,1,0,0.1229,0
AUC_1099,2808782881,89,5,1510,0.0562,302.0,152397,174451,5000,240,20,267,18,0.0674,38.01,2.58,13.82,0.8754,5030.86,1,1,1,0,0.91,1
AUC_1014,1481582356,84,22,276,0.2619,12.5455,669402,757572,10000,120,4,70,4,0.0571,303.83,113.81,8.97,0.6525,27848.91,0,0,1,1,0.2313,0
AUC_1147,1822712780,30,4,311,0.1333,77.75,1858294,2324605,2000,240,12,170,6,0.0353,264.04,137.99,90.92,0.3478,3495.12,0,0,0,1,0.2425,0
AUC_1055,2858679678,47,15,326,0.3191,21.7333,1056169,1264036,1000,240,15,141,9,0.0638,341.93,77.72,56.43,0.3618,1128.86,0,0,0,0,0.1226,0
AUC_1288,1537209056,19,7,113,0.3684,16.1429,96542,117841,20000,60,3,18,8,0.4444,145.93,4.45,21.51,0.4172,63861.87,0,1,0,1,0.4374,0
AUC_1251,1307369158,16,0,159,0.0,159.0,563746,599454,2000,120,9,154,7,0.0455,199.83,97.51,45.77,0.1461,8816.53,0,0,0,0,0.2745,1
AUC_1287,1581352992,95,15,905,0.1579,60.3333,1352207,1455361,2000,180,12,99,14,0.1414,333.13,43.79,31.59,0.5524,4593.14,0,0,0,0,0.2998,0
AUC_1017,1702569377,29,5,214,0.1724,42.8,1308250,1492133,5000,60,22,264,9,0.0341,1060.53,3.72,37.37,0.4217,16659.24,0,1,0,1,0.2344,0
AUC_1396,1658442819,38,2,244,0.0526,122.0,88753,97774,5000,30,19,106,1,0.0094,241.14,7.52,4.53,0.128,13762.33,0,0,0,0,0.2825,1
AUC_1398,2539784973,108,40,788,0.3704,19.7,429524,461417,2000,240,9,67,16,0.2388,357.31,86.85,16.22,0.5763,2917.93,0,0,1,0,0.2959,0
AUC_1176,1877439101,81,30,661,0.3704,22.0333,1191038,1275586,5000,60,9,55,14,0.2545,384.35,35.5,20.95,0.244,7146.34,0,0,0,0,0.1557,0
AUC_1394,2562443999,35,4,212,0.1143,53.0,599427,725399,1000,120,7,81,1,0.0123,1102.07,78.78,78.31,0.2648,4304.57,0,0,0,1,0.1371,0
AUC_1092,1084203249,21,0,329,0.0,329.0,1949188,2072113,10000,60,13,177,22,0.1243,21.52,3.35,3.34,0.8283,15813.91,1,1,1,1,0.9515,1
AUC_1052,2926931630,90,0,1088,0.0,1088.0,361934,526374,1000,60,3,42,34,0.8095,32.73,10.1,4.76,0.7236,1705.61,1,0,1,0,0.99,1
AUC_1029,1924858283,74,32,702,0.4324,21.9375,1928617,2164472,1000,120,19,273,12,0.044,389.5,37.03,43.59,0.4251,1025.47,0,0,0,0,0.1661,0
AUC_1289,1214871625,15,1,43,0.0667,43.0,1604002,1658281,1000,90,18,157,2,0.0127,294.37,58.48,32.02,0.1122,4345.59,0,0,0,0,0.1079,0
AUC_1135,1190694622,10,2,33,0.2,16.5,1270451,1464412,20000,90,5,82,1,0.0122,236.46,44.73,54.79,0.3523,82281.15,0,0,0,0,0.0807,0
AUC_1338,1194647915,22,0,74,0.0,74.0,1148499,1213695,5000,120,24,356,1,0.0028,588.12,45.94,63.13,0.4042,12202.17,0,0,0,1,0.2679,0
AUC_1207,2261342417,65,1,1600,0.0154,1600.0,1524631,1800896,10000,60,7,119,19,0.1597,30.75,7.44,1.42,0.8789,10448.86,1,0,1,0,0.7366,1
AUC_1212,2944418951,22,11,182,0.5,16.5455,1468739,1575068,20000,180,22,65,11,0.1692,233.87,137.38,28.29,0.6264,33480.36,0,0,0,0,0.1647,0
AUC_1191,1558468806,117,37,1083,0.3162,29.2703,873714,1036595,2000,90,22,155,14,0.0903,168.68,34.51,30.64,0.4693,5003.52,0,0,0,0,0.1312,0
AUC_1289,2514061803,34,9,289,0.2647,32.1111,526387,642845,1000,120,8,45,5,0.1111,351.85,8.94,46.63,0.4257,1306.77,0,1,0,0,0.01,0
AUC_1308,2610748634,36,9,283,0.25,31.4444,918835,1024544,5000,30,12,205,8,0.039,347.78,10.88,19.9,0.4848,14062.2,0,0,0,0,0.2218,0
AUC_1113,1807352900,50,2,974,0.04,487.0,1672415,1963382,20000,120,7,92,28,0.3043,22.87,5.5,5.19,0.6671,23136.72,1,1,1,0,0.9529,1
AUC_1020,2303415349,89,3,568,0.0337,189.3333,1530147,1836089,5000,240,7,100,5,0.05,266.08,224.18,20.78,0.509,7344.0,0,0,1,0,0.3787,1
AUC_1381,2654779999,32,3,230,0.0938,76.6667,1974019,2376153,2000,60,21,223,6,0.0269,736.29,8.63,30.4,0.1132,6362.48,0,0,0,1,0.196,0
AUC_1020,2772740347,43,8,174,0.186,21.75,498159,621157,10000,240,8,27,8,0.2963,596.41,78.35,84.7,0.4252,28699.03,0,0,0,0,0.221,0
AUC_1010,1985795197,75,0,1664,0.0,1664.0,1461720,1568526,5000,180,8,62,17,0.2742,16.16,11.55,6.42,0.648,7918.17,0,1,1,1,0.7959,1
AUC_1151,1799450438,105,37,323,0.3524,8.7297,1865673,1965156,5000,120,24,220,15,0.0682,171.98,51.36,45.28,0.2971,8836.0,0,0,0,0,0.01,0
AUC_1072,2660754583,89,2,3005,0.0225,1502.5,1972002,2586908,5000,60,15,39,30,0.7692,49.73,7.32,8.98,0.7737,6400.1,1,0,0,0,0.8967,1
AUC_1342,1740999222,17,6,49,0.3529,8.1667,546111,622274,1000,240,7,85,10,0.1176,279.29,139.87,34.05,0.3717,2117.11,0,0,0,0,0.1612,0
AUC_1083,2806029476,36,1,284,0.0278,284.0,1593570,1739124,5000,120,12,96,9,0.0938,295.9,28.26,44.77,0.1561,22057.12,0,0,0,0,0.1642,1
AUC_1306,1970448002,76,6,1064,0.0789,177.3333,490666,551529,5000,180,9,150,28,0.1867,19.74,42.56,10.33,0.8739,6916.33,1,0,1,0,0.8137,1
AUC_1391,2049150325,41,0,521,0.0,521.0,1552781,2000873,5000,240,10,74,27,0.3649,9.32,39.23,0.68,0.8832,10239.0,1,0,1,0,0.9045,1
AUC_1236,1289599209,23,6,160,0.2609,26.6667,1670401,1963825,1000,180,21,318,6,0.0189,320.92,125.13,46.17,0.4797,3253.59,0,0,0,0,0.1782,1
AUC_1134,2258975943,94,35,784,0.3723,22.4,1553946,1826687,2000,120,8,115,13,0.113,372.01,45.18,14.46,0.4617,6448.81,0,0,0,0,0.1941,0
AUC_1360,1016139125,67,4,1075,0.0597,268.75,958488,1135794,20000,60,4,63,34,0.5397,40.56,2.57,1.87,0.6243,21121.0,1,1,1,1,0.99,1
AUC_1161,2394090964,25,12,73,0.48,6.0833,1931558,2056525,1000,90,24,358,4,0.0112,84.47,71.59,9.53,0.3945,2817.44,0,0,1,0,0.1216,0
AUC_1095,1996214600,17,3,57,0.1765,19.0,542308,653756,10000,180,10,37,11,0.2973,481.28,21.5,65.87,0.5838,34482.0,0,1,0,0,0.3061,0
AUC_1079,1431864394,98,6,1888,0.0612,314.6667,250071,318396,1000,240,4,54,21,0.3889,87.9,14.22,17.96,0.7544,1090.3,0,1,1,0,0.8386,0
AUC_1010,1671694444,15,3,52,0.2,17.3333,169930,201742,10000,180,9,34,9,0.2647,306.55,137.36,115.67,0.3153,18336.17,0,0,0,0,0.243,0
AUC_1271,1206607621,76,29,625,0.3816,21.5517,272388,292471,10000,120,24,112,17,0.1518,469.4,44.82,46.39,0.3834,14836.48,0,0,0,0,0.1775,1
AUC_1354,1932259703,131,12,1992,0.0916,166.0,585090,705709,5000,90,7,39,30,0.7692,78.41,4.87,5.11,0.7854,9606.19,0,1,1,1,0.99,1
AUC_1155,2274804171,22,8,72,0.3636,9.0,1833493,2066510,5000,180,18,299,4,0.0134,292.38,170.02,23.07,0.2364,13626.67,0,0,0,1,0.0748,0
AUC_1015,1436702807,30,1,507,0.0333,507.0,60539,74185,1000,90,12,131,10,0.0763,18.87,3.58,8.78,0.6216,1302.54,0,1,1,0,0.6381,1
AUC_1268,2589966646,120,5,2167,0.0417,433.4,177326,204111,5000,60,5,63,29,0.4603,31.97,10.82,6.0,0.7551,5755.79,1,0,1,0,0.891,0
AUC_1322,1675597991,58,0,615,0.0,615.0,470220,619372,1000,90,20,85,36,0.4235,92.58,15.86,2.26,0.6582,1053.79,0,0,1,0,0.9545,1
AUC_1349,1492241421,40,6,136,0.15,22.6667,769719,831454,20000,180,5,83,6,0.0723,265.67,112.9,68.98,0.103,52761.4,0,0,0,1,0.0573,0
AUC_1208,2141328941,106,2,2663,0.0189,1331.5,216021,253868,1000,180,15,84,19,0.2262,63.17,21.97,3.13,0.759,1262.51,1,0,1,0,0.7288,1
AUC_1254,1073445074,50,7,322,0.14,46.0,1963922,2064502,5000,240,21,96,4,0.0417,363.9,151.0,30.31,0.3411,10774.3,0,0,0,1,0.0921,0
AUC_1141,1650645179,113,3,1509,0.0265,503.0,1953815,2615586,2000,120,4,46,43,0.9348,30.57,8.11,2.85,0.7435,2910.16,1,1,1,0,0.99,1
AUC_1192,1924645306,41,9,117,0.2195,13.0,502826,583332,20000,60,20,102,9,0.0882,379.56,23.35,26.37,0.3962,27030.18,0,0,0,0,0.1264,0
AUC_1211,2704257093,19,5,63,0.2632,12.6,330144,370044,2000,180,24,238,10,0.042,313.9,92.04,29.05,0.3,3536.31,0,0,0,0,0.0679,0
AUC_1111,2181025252,139,0,2355,0.0,2355.0,1363185,1549155,5000,60,20,187,19,0.1016,80.98,4.19,7.65,0.9721,8747.77,0,1,0,0,0.7354,1
AUC_1292,2108106579,13,0,58,0.0,58.0,174645,216820,1000,90,24,141,5,0.0355,359.72,15.52,18.61,0.3753,4101.71,0,0,0,1,0.1851,1
AUC_1141,2108397187,60,1,582,0.0167,582.0,257687,282929,5000,30,11,69,10,0.1449,17.77,4.69,1.46,0.5913,5300.76,0,0,1,0,0.5972,0
AUC_1028,2663955705,5,0,12,0.0,12.0,1174816,1396805,20000,180,11,121,2,0.0165,431.21,148.05,111.7,0.5062,56452.53,0,0,0,0,0.1676,0
AUC_1078,2635234607,55,12,382,0.2182,31.8333,412295,480498,5000,120,10,142,10,0.0704,358.84,94.16,6.18,0.2214,8563.39,0,0,1,0,0.1272,0
AUC_1363,2123088241,153,2,2014,0.0131,1007.0,1526533,1623415,10000,30,20,71,35,0.493,83.01,0.67,4.59,0.7568,11844.1,0,1,0,0,0.8862,1
AUC_1125,1152699802,76,6,523,0.0789,87.1667,1409029,1677873,2000,90,6,54,28,0.5185,6.87,8.09,6.03,0.6232,2238.09,1,1,1,0,0.8397,0
AUC_1089,1779099906,23,9,81,0.3913,9.0,475666,532491,1000,120,6,22,5,0.2273,163.19,68.64,12.54,0.4857,1842.31,0,0,1,1,0.075,0
AUC_1269,2402232514,105,6,2471,0.0571,411.8333,623929,875349,10000,180,11,56,38,0.6786,21.59,15.77,4.92,0.7182,19684.15,1,1,1,0,0.99,1
AUC_1297,2514325425,77,14,458,0.1818,32.7143,1731394,2210346,5000,180,3,20,5,0.25,71.39,139.81,26.93,0.2404,8252.32,0,0,0,0,0.2818,0
AUC_1078,1984487743,97,2,1240,0.0206,620.0,733427,888082,10000,120,12,64,23,0.3594,18.8,7.44,7.14,0.9301,14253.96,1,1,1,0,0.9306,1
AUC_1164,2369323775,6,1,29,0.1667,29.0,1767922,1958366,20000,90,22,251,5,0.0199,451.15,54.89,49.95,0.2706,61328.63,0,0,0,1,0.1986,0
AUC_1054,1511276320,81,17,506,0.2099,29.7647,115687,128309,10000,60,18,45,2,0.0444,152.92,50.91,7.8,0.6531,10681.43,0,0,0,1,0.2144,0
AUC_1011,2927315461,136,13,3605,0.0956,277.3077,289863,348087,10000,120,5,83,19,0.2289,17.1,8.46,12.63,0.9503,10876.87,1,1,1,0,0.8662,1
AUC_1178,1949667141,46,9,348,0.1957,38.6667,1184823,1445687,5000,180,19,88,2,0.0227,132.01,69.66,24.84,0.581,10983.7,0,0,0,0,0.277,0
AUC_1396,2319784334,67,19,432,0.2836,22.7368,921603,1070287,5000,240,20,118,10,0.0847,457.3,29.6,17.74,0.2311,10321.31,0,0,1,1,0.2328,0
AUC_1093,2043348762,76,1,778,0.0132,778.0,1295777,1525779,10000,180,20,353,30,0.085,54.96,42.14,11.61,0.8078,15160.67,1,0,1,0,0.8972,1
AUC_1328,2551467744,34,5,143,0.1471,28.6,131663,146639,1000,60,10,135,4,0.0296,1126.13,24.87,17.45,0.3172,4225.3,0,0,0,0,0.1406,0
AUC_1151,2325664618,21,5,184,0.2381,36.8,1131264,1376996,2000,180,17,297,2,0.0067,263.74,156.0,5.6,0.4021,4572.94,0,0,1,0,0.1871,0
AUC_1318,2002213426,35,8,246,0.2286,30.75,1044595,1251370,1000,120,7,90,3,0.0333,196.35,12.26,18.38,0.198,1631.24,0,1,0,0,0.0369,0
AUC_1266,2285657065,22,3,113,0.1364,37.6667,1572460,1753720,2000,30,14,156,9,0.0577,757.8,25.07,8.76,0.1007,8424.83,0,0,0,0,0.0391,0
AUC_1270,2428080605,121,12,1842,0.0992,153.5,651030,803065,10000,120,11,70,20,0.2857,68.57,16.19,13.45,0.8611,19815.68,1,0,1,0,0.8543,1
AUC_1397,2231132406,15,6,171,0.4,28.5,1665603,1846554,20000,120,20,248,9,0.0363,432.3,2.33,42.74,0.4405,29578.81,0,1,0,1,0.0424,0
AUC_1208,2305354366,19,1,166,0.0526,166.0,1583463,1699041,1000,120,22,137,18,0.1314,29.59,12.52,4.26,0.5644,1093.18,1,1,1,0,0.869,1
AUC_1067,1446885834,89,2,1653,0.0225,826.5,1683343,1741354,20000,180,23,335,21,0.0627,61.13,44.51,34.63,0.6507,32622.91,1,0,0,0,0.7789,1
AUC_1253,2554639502,114,44,383,0.386,8.7045,1641087,1908510,10000,180,14,84,14,0.1667,140.6,55.74,46.53,0.5135,33034.12,0,0,0,1,0.0802,0
AUC_1217,1649859879,6,0,22,0.0,22.0,1107738,1207053,2000,240,3,52,1,0.0192,726.2,102.96,61.1,0.4434,4163.44,0,0,0,1,0.1936,0
AUC_1117,2218321013,16,2,109,0.125,54.5,1750934,1954624,10000,120,22,290,7,0.0241,227.39,57.65,42.67,0.2428,27177.78,0,0,0,1,0.1463,1
AUC_1332,2482274081,74,9,745,0.1216,82.7778,1860167,2036628,2000,120,13,51,15,0.2941,469.37,56.59,10.5,0.5529,4233.52,0,0,1,1,0.3748,1
AUC_1302,2296570705,58,2,438,0.0345,219.0,225175,278842,20000,180,15,122,28,0.2295,24.43,51.65,16.19,0.5623,28451.36,1,0,1,0,0.9881,1
AUC_1388,2180076852,118,7,3496,0.0593,499.4286,661398,746807,5000,120,14,226,23,0.1018,23.65,20.62,0.6,0.6027,8077.92,1,0,1,0,0.7867,1
AUC_1262,2133659558,61,1,835,0.0164,835.0,229411,252129,10000,180,13,103,16,0.1553,32.94,23.46,2.45,0.7334,13604.28,0,0,1,1,0.6156,0
AUC_1012,2101693547,57,0,1158,0.0,1158.0,927742,1132487,5000,90,16,252,33,0.131,45.26,19.57,10.62,0.7188,9872.15,1,0,1,0,0.9189,1
AUC_1158,2234193637,75,4,1561,0.0533,390.25,341674,428399,2000,240,7,45,19,0.4222,35.24,26.22,6.26,0.8298,2863.67,1,1,1,0,0.9468,1
AUC_1228,1920174317,63,26,410,0.4127,15.7692,436816,489149,5000,120,10,75,10,0.1333,446.83,14.44,43.93,0.5859,16272.35,0,0,0,1,0.1853,0
AUC_1236,1418821781,56,3,988,0.0536,329.3333,828880,990945,1000,180,21,44,24,0.5455,25.75,23.24,2.7,0.8581,1497.34,1,0,1,0,0.9526,1
AUC_1269,1770359168,48,0,916,0.0,916.0,1358412,1667648,5000,120,23,245,29,0.1184,36.89,5.07,14.51,0.8926,8463.71,1,1,0,0,0.8921,1
AUC_1068,1640669254,40,12,391,0.3,32.5833,370033,425145,1000,60,22,304,7,0.023,942.61,3.46,40.58,0.1034,3349.1,0,1,0,0,0.1004,0
AUC_1052,1339867864,56,2,1184,0.0357,592.0,231955,266104,5000,60,13,55,17,0.3091,37.61,16.74,2.13,0.7565,6190.45,0,0,1,1,0.8343,1
AUC_1288,2837164922,12,3,34,0.25,11.3333,1724743,2004857,2000,60,13,74,6,0.0811,322.42,43.73,5.33,0.1957,5940.75,0,0,1,0,0.1384,0
AUC_1233,1612647633,67,24,430,0.3582,17.9167,897176,1102221,20000,60,18,139,8,0.0576,146.14,4.32,13.21,0.3707,56330.1,0,1,0,0,0.2044,0
AUC_1393,2874232472,38,5,209,0.1316,41.8,67172,73149,5000,90,22,219,5,0.0228,567.64,8.99,33.23,0.488,12153.05,0,1,0,0,0.1806,0
AUC_1323,1813679150,41,3,301,0.0732,100.3333,1016853,1059736,5000,60,20,317,2,0.0063,659.3,47.49,27.82,0.1256,6610.58,0,0,0,1,0.2633,0
AUC_1129,2943449250,15,4,170,0.2667,42.5,1333731,1546374,20000,60,12,48,14,0.2917,111.69,35.91,16.67,0.5073,68630.71,0,0,0,0,0.2622,0
AUC_1200,2838183939,116,32,1309,0.2759,40.9062,460999,530374,5000,180,15,207,8,0.0386,274.38,116.2,49.98,0.5248,8516.41,0,0,0,0,0.1172,0
AUC_1274,1536051294,40,7,523,0.175,74.7143,997042,1044593,1000,60,23,347,15,0.0432,121.58,12.06,3.5,0.2974,1929.72,0,0,1,1,0.1545,0
AUC_1065,2543720863,50,3,704,0.06,234.6667,1447807,1787925,20000,240,3,42,34,0.8095,55.2,24.32,20.58,0.6842,25252.22,1,1,1,0,0.9682,1
AUC_1085,1982059439,16,3,41,0.1875,13.6667,1899855,2220470,1000,180,7,89,11,0.1236,398.36,138.91,0.41,0.6229,2793.47,0,0,1,0,0.1096,0
AUC_1100,1962874222,33,8,328,0.2424,41.0,1687102,1861439,1000,60,19,111,7,0.0631,554.13,45.67,32.53,0.1556,4257.48,0,0,0,0,0.1894,0
AUC_1159,1077540762,81,18,456,0.2222,25.3333,333657,353812,1000,30,20,290,10,0.0345,364.79,21.18,2.04,0.4222,1283.25,0,0,1,0,0.1213,0
AUC_1261,1971644440,43,3,235,0.0698,78.3333,792454,866325,5000,180,16,233,9,0.0386,1148.17,111.94,38.8,0.4605,7470.53,0,0,0,0,0.2767,0
AUC_1122,2011245255,91,9,1543,0.0989,171.4444,350243,449855,5000,120,5,40,31,0.775,86.58,11.28,12.46,0.8507,6893.02,0,1,1,0,0.9306,1
AUC_1085,1186989349,41,10,370,0.2439,37.0,471228,569112,2000,60,21,57,7,0.1228,428.53,12.67,2.89,0.2506,6083.04,0,0,1,0,0.1898,0
AUC_1023,2005507966,141,0,4933,0.0,4933.0,1658212,1831753,1000,60,17,270,38,0.1407,60.87,4.91,2.29,0.7563,1474.03,1,1,1,0,0.9259,1
AUC_1262,1775233534,17,3,65,0.1765,21.6667,1691042,2066105,5000,30,21,192,3,0.0156,636.21,22.14,16.46,0.3047,11137.13,0,0,0,0,0.1748,1
AUC_1132,2818597339,5,0,26,0.0,26.0,1896652,2265950,5000,60,24,342,9,0.0263,828.47,18.94,12.63,0.3795,6775.52,0,0,0,1,0.1687,0
AUC_1301,2718652376,30,6,178,0.2,29.6667,1024268,1146541,5000,30,23,128,6,0.0469,82.53,16.43,5.16,0.2107,10558.42,0,0,0,1,0.1346,0
AUC_1325,2725674399,50,0,505,0.0,505.0,165858,196067,10000,120,22,387,18,0.0465,105.87,4.88,11.66,0.9355,16680.08,0,1,1,1,0.6946,1
AUC_1116,1511092174,105,29,621,0.2762,21.4138,1779075,2357594,10000,90,3,13,10,0.7692,491.38,46.79,22.27,0.5658,18008.54,0,0,0,1,0.2324,0
AUC_1049,1931884486,33,1,147,0.0303,147.0,381525,412861,20000,120,4,26,1,0.0385,272.09,1.53,23.36,0.4047,30818.57,0,1,0,0,0.297,1
AUC_1097,2405802942,11,2,51,0.1818,25.5,940146,1091669,20000,90,18,285,5,0.0175,372.86,22.56,51.89,0.3468,45852.4,0,0,0,0,0.0792,0
AUC_1059,2233102972,63,5,1762,0.0794,352.4,301752,350939,10000,240,8,116,17,0.1466,12.25,58.23,22.41,0.8254,14594.79,0,0,1,0,0.6812,1
AUC_1101,2928894897,31,7,94,0.2258,13.4286,106825,117213,20000,240,9,134,6,0.0448,307.09,1.78,61.38,0.5586,22922.88,0,1,0,0,0.1734,1
AUC_1323,2899574919,93,29,1296,0.3118,44.6897,1822275,1934058,5000,90,17,185,17,0.0919,270.76,21.06,32.44,0.4165,14987.12,0,0,0,1,0.2506,0
AUC_1143,2696017377,8,1,33,0.125,33.0,1709360,1905366,2000,180,24,170,6,0.0353,90.9,123.79,19.99,0.6672,2538.4,0,0,1,0,0.1932,1
AUC_1288,1082646654,54,7,400,0.1296,57.1429,747936,932217,5000,240,13,118,10,0.0847,80.95,8.97,88.97,0.4776,6266.4,0,1,0,1,0.2469,0
AUC_1088,2694205319,22,9,117,0.4091,13.0,829089,911250,5000,60,9,88,16,0.1818,392.74,21.97,6.87,0.2805,11445.02,0,0,1,0,0.1267,0
AUC_1162,1951318173,50,11,343,0.22,31.1818,128022,133807,2000,60,20,298,10,0.0336,338.12,49.36,6.94,0.5662,2663.01,0,0,1,1,0.1812,0
AUC_1018,2016815893,67,4,560,0.0597,140.0,972439,1168806,20000,120,13,194,5,0.0258,367.17,81.84,2.15,0.5357,46642.95,0,0,1,1,0.3594,0
AUC_1366,1631088566,91,32,907,0.3516,28.3438,1294988,1404906,2000,240,18,97,7,0.0722,327.89,98.25,35.61,0.218,4687.41,0,0,0,0,0.092,0
AUC_1284,1953338941,69,0,895,0.0,895.0,709010,861929,1000,60,23,380,24,0.0632,32.86,11.14,2.19,0.6263,2143.42,1,0,1,0,0.7915,1
AUC_1097,2233530001,7,0,29,0.0,29.0,1638866,1782912,2000,30,9,117,3,0.0256,657.41,4.94,16.66,0.1231,7211.1,0,0,0,1,0.0119,0
AUC_1061,1085384507,30,2,232,0.0667,116.0,56015,69971,20000,180,9,22,5,0.2273,156.14,139.88,88.62,0.3645,27216.21,0,0,0,0,0.1842,0
AUC_1142,2776751966,107,24,870,0.2243,36.25,1521775,1744114,2000,90,16,223,7,0.0314,378.47,14.96,24.91,0.4617,3253.81,0,0,0,1,0.1511,0
AUC_1101,2259606244,7,2,33,0.2857,16.5,942749,1026463,1000,180,20,86,5,0.0581,349.38,60.77,85.86,0.1898,4393.61,0,0,0,0,0.032,0
AUC_1179,2142017668,38,10,253,0.2632,25.3,1052545,1164083,10000,60,20,120,8,0.0667,266.07,41.88,29.0,0.3459,39603.28,0,0,0,0,0.1193,0
AUC_1259,2475120895,37,3,358,0.0811,119.3333,276386,306155,2000,60,17,182,11,0.0604,15.23,3.42,3.75,0.9067,2871.01,0,1,1,0,0.767,1
AUC_1218,1890942873,19,0,451,0.0,451.0,1794428,2090577,1000,120,23,298,17,0.057,9.23,12.21,2.58,0.6175,1594.31,0,1,1,1,0.6924,0
AUC_1181,1112343326,112,3,2019,0.0268,673.0,1413532,1742224,1000,240,22,320,38,0.1187,63.92,58.33,28.0,0.7826,1658.4,1,0,1,0,0.8996,1
AUC_1312,1019509625,63,14,483,0.2222,34.5,805560,1010640,5000,120,24,83,11,0.1325,422.57,81.55,6.25,0.6723,12019.37,0,0,1,1,0.2101,0
AUC_1300,2066801889,73,3,1499,0.0411,499.6667,620141,791784,20000,180,9,91,10,0.1099,19.66,17.45,14.31,0.6415,24363.75,0,1,1,0,0.7142,0
AUC_1224,2551587224,21,2,118,0.0952,59.0,684961,781147,1000,60,5,86,3,0.0349,950.87,12.23,11.07,0.4229,1974.11,0,0,0,0,0.0738,0
AUC_1360,1903681830,99,1,2804,0.0101,2804.0,1870637,2040383,5000,90,19,327,28,0.0856,88.85,23.36,9.57,0.9818,6438.35,0,0,1,0,0.8413,1
AUC_1334,1793496417,104,10,1523,0.0962,152.3,593593,652955,20000,90,10,160,26,0.1625,50.07,17.6,1.12,0.9323,23798.75,1,0,1,0,0.8471,1
AUC_1274,2142604651,88,7,683,0.0795,97.5714,1856551,2274127,10000,120,4,58,11,0.1897,246.52,60.7,10.79,0.3253,21289.21,0,0,1,1,0.2716,1
AUC_1023,1321146841,57,2,699,0.0351,349.5,1344517,1675532,2000,90,22,207,28,0.1353,5.99,18.97,7.48,0.6398,2762.83,1,0,1,0,0.99,1
AUC_1096,1144728492,96,0,2024,0.0,2024.0,1000647,1116564,5000,180,20,287,14,0.0488,79.6,22.12,31.3,0.8814,5580.77,0,0,0,0,0.6056,1
AUC_1159,1857567832,91,7,1329,0.0769,189.8571,582017,607726,5000,120,15,127,20,0.1575,9.47,22.25,1.41,0.7713,6143.73,1,0,1,0,0.854,1
AUC_1018,2998291753,22,2,251,0.0909,125.5,594357,718612,1000,120,12,153,32,0.2092,12.9,6.16,5.98,0.8102,1544.63,1,1,1,0,0.8662,1
AUC_1095,1916700646,44,8,328,0.1818,41.0,1433722,1592287,20000,240,20,304,14,0.0461,431.7,93.81,13.08,0.4409,52093.93,0,0,1,0,0.0622,0
AUC_1235,1992734467,138,4,4564,0.029,1141.0,158330,192212,1000,60,12,38,22,0.5789,23.41,12.4,8.05,0.9261,1388.73,1,0,0,0,0.9114,1
AUC_1280,2768981088,7,0,16,0.0,16.0,345911,441517,20000,120,9,41,9,0.2195,380.85,96.53,32.68,0.4889,62351.56,0,0,0,1,0.3787,1
AUC_1398,2557852400,11,0,90,0.0,90.0,303192,318824,20000,60,19,96,8,0.0833,145.57,33.15,25.67,0.3666,35053.26,0,0,0,0,0.2505,1
AUC_1377,2162914147,7,0,35,0.0,35.0,771813,970255,10000,120,17,135,7,0.0519,817.58,0.14,41.07,0.3001,23413.55,0,1,0,0,0.1856,0
AUC_1228,1678347710,2,0,17,0.0,17.0,308667,318484,1000,180,16,272,3,0.011,1168.67,105.86,104.54,0.3297,1384.52,0,0,0,0,0.1659,1
AUC_1382,2933954827,137,10,1665,0.073,166.5,1948918,2124367,2000,180,19,315,30,0.0952,49.4,41.9,16.79,0.6929,3615.54,1,0,1,0,0.7228,1
AUC_1303,1271281882,111,10,2847,0.0901,284.7,1883145,2384416,5000,60,23,195,32,0.1641,23.43,10.79,4.64,0.6127,8891.03,1,0,1,0,0.8165,1
AUC_1045,2913790508,102,8,867,0.0784,108.375,852339,1000696,5000,90,19,112,35,0.3125,74.55,2.08,2.61,0.9513,5855.97,0,1,1,0,0.854,1
AUC_1353,2431824383,86,9,283,0.1047,31.4444,560903,669370,1000,240,13,225,3,0.0133,140.06,140.93,21.28,0.663,2955.12,0,0,1,0,0.2025,0
AUC_1343,2989711410,15,3,92,0.2,30.6667,789485,868245,2000,180,13,205,4,0.0195,450.41,80.2,110.71,0.2805,6755.13,0,0,0,0,0.1017,0
AUC_1120,2988127158,15,0,143,0.0,143.0,220119,268969,2000,180,5,72,7,0.0972,367.4,17.25,40.89,0.3104,6785.37,0,1,0,0,0.3782,1
AUC_1359,2060031079,73,8,340,0.1096,42.5,1253577,1551669,2000,240,20,147,10,0.068,124.5,108.45,9.49,0.277,5695.15,0,0,1,0,0.2123,0
AUC_1052,1096895342,94,4,813,0.0426,203.25,490715,628380,1000,60,5,41,31,0.7561,22.39,16.77,1.29,0.7707,1637.83,1,0,1,0,0.99,1
AUC_1353,2394335451,72,32,374,0.4444,11.6875,1457211,1832992,10000,60,17,284,16,0.0563,450.37,24.49,21.62,0.3933,10045.91,0,0,0,1,0.1353,1
AUC_1263,2928526351,28,0,614,0.0,614.0,1250143,1411009,20000,180,21,47,16,0.3404,86.71,44.48,13.22,0.7955,30326.85,0,0,1,0,0.7344,1
AUC_1035,1436513285,3,1,29,0.3333,29.0,742192,910650,5000,90,8,94,5,0.0532,465.54,23.04,17.89,0.3279,12895.45,0,0,0,0,0.0882,0
AUC_1118,2087298435,37,15,90,0.4054,6.0,249365,306678,1000,180,9,42,11,0.2619,292.14,113.04,28.06,0.4561,2572.91,0,0,0,0,0.1384,0
AUC_1057,2442175942,73,0,338,0.0,338.0,936270,993276,2000,60,3,23,4,0.1739,257.07,50.5,8.65,0.3054,3204.18,0,0,0,1,0.3037,1
AUC_1022,2030524006,47,15,168,0.3191,11.2,1168964,1398248,2000,30,17,45,15,0.3333,85.95,16.41,11.91,0.5049,3590.6,0,0,0,1,0.1941,0
AUC_1081,2772060672,56,16,177,0.2857,11.0625,1589711,1925521,5000,60,16,100,10,0.1,345.43,31.16,10.63,0.2516,8433.19,0,0,0,0,0.01,0
AUC_1149,2272749271,4,0,26,0.0,26.0,251609,315913,10000,90,13,192,9,0.0469,228.74,8.12,27.09,0.271,44768.37,0,1,0,0,0.1599,0
AUC_1000,1886959053,39,0,1095,0.0,1095.0,1924461,2538314,1000,180,4,64,37,0.5781,73.78,30.35,10.15,0.6891,1504.34,0,0,1,0,0.904,1
AUC_1000,2654220097,136,10,3995,0.0735,399.5,431028,520308,20000,60,16,194,26,0.134,61.82,13.04,4.73,0.733,32617.42,1,0,1,0,0.7927,0
AUC_1355,1426939693,15,7,44,0.4667,6.2857,1607914,1934621,1000,30,11,25,8,0.32,102.44,28.24,4.41,0.4716,2816.92,0,0,0,0,0.1026,0
AUC_1059,1835581914,88,3,707,0.0341,235.6667,1329924,1449171,10000,120,5,66,13,0.197,14.7,7.08,7.45,0.9163,11692.81,0,1,1,0,0.7559,1
AUC_1217,1501514371,129,7,2128,0.0543,304.0,698595,813941,1000,120,14,226,28,0.1239,39.64,0.43,7.5,0.8656,1577.5,1,1,1,0,0.8584,1
AUC_1050,1321526137,16,5,121,0.3125,24.2,859595,929431,2000,240,19,100,1,0.01,222.3,195.73,45.57,0.3236,6659.08,0,0,0,1,0.1068,0
AUC_1224,1629231859,6,1,52,0.1667,52.0,795461,834087,1000,180,13,118,7,0.0593,824.0,105.66,101.03,0.1944,2177.63,0,0,0,0,0.0536,0
AUC_1241,2690179104,16,4,105,0.25,26.25,1913429,2128400,20000,240,5,73,3,0.0411,255.18,131.23,117.07,0.1303,47841.78,0,0,0,1,0.143,0
AUC_1390,2961529601,89,31,476,0.3483,15.3548,114091,133335,5000,120,4,26,13,0.5,217.63,37.81,27.66,0.3492,15120.43,0,0,0,0,0.1864,1
AUC_1298,1790409813,21,4,123,0.1905,30.75,683816,724244,10000,30,22,110,6,0.0545,213.31,2.24,6.33,0.2751,20883.49,0,1,0,0,0.1451,0
AUC_1244,1058499629,53,5,530,0.0943,106.0,1435499,1782713,10000,30,3,41,28,0.6829,57.19,7.07,2.36,0.9726,19677.83,1,0,1,0,0.9676,1
AUC_1320,1886126023,24,1,537,0.0417,537.0,1134412,1363696,20000,30,20,221,35,0.1584,70.84,0.9,0.26,0.8363,39501.29,0,1,1,0,0.8256,1
AUC_1094,2213285558,41,5,409,0.122,81.8,950620,1143189,2000,90,11,108,8,0.0741,502.9,70.49,35.4,0.229,2776.27,0,0,0,0,0.2402,0
AUC_1358,2936871952,18,5,44,0.2778,8.8,1987033,2375689,5000,120,18,320,4,0.0125,247.55,98.95,7.99,0.5439,10832.35,0,0,1,0,0.2368,0
AUC_1378,1864907002,39,4,346,0.1026,86.5,139229,163031,2000,30,13,33,3,0.0909,393.79,12.09,0.92,0.3597,3503.26,0,0,1,0,0.2193,0
AUC_1366,2490179581,131,1,3849,0.0076,3849.0,1585832,1988315,10000,180,14,42,21,0.5,75.23,11.34,20.95,0.8516,15120.96,0,1,1,0,0.8523,0
AUC_1375,1121512310,51,17,255,0.3333,15.0,248857,304539,2000,60,19,116,14,0.1207,159.86,13.79,10.59,0.5181,4681.99,0,0,0,1,0.0974,0
AUC_1270,1754610113,3,1,20,0.3333,20.0,1358076,1488678,2000,120,6,22,3,0.1364,184.93,36.46,63.91,0.3186,4721.8,0,0,0,0,0.2192,0
AUC_1044,1272936825,58,18,189,0.3103,10.5,188256,198654,2000,60,8,83,9,0.1084,329.21,19.07,2.89,0.6388,4111.58,0,0,1,0,0.0128,0
AUC_1301,1239760356,31,4,284,0.129,71.0,1677338,2088939,2000,90,11,113,9,0.0796,265.2,56.82,2.56,0.3271,6828.35,0,0,1,0,0.148,0
AUC_1212,2401141094,71,19,844,0.2676,44.4211,424857,465360,20000,240,19,277,11,0.0397,204.05,154.43,76.16,0.4183,38680.02,0,0,0,0,0.2131,0
AUC_1008,1828665916,83,3,923,0.0361,307.6667,1688656,2021392,5000,180,12,139,31,0.223,24.0,7.1,31.45,0.8623,8740.37,1,1,0,0,0.9346,1
AUC_1021,1133655908,11,4,36,0.3636,9.0,226096,231731,2000,120,22,230,3,0.013,267.37,89.03,15.13,0.6789,3679.77,0,0,0,0,0.1679,0
AUC_1379,1071696645,18,2,137,0.1111,68.5,235436,264780,1000,60,6,84,9,0.1071,127.04,20.31,10.82,0.489,1431.43,0,0,0,0,0.3763,0
AUC_1322,1796187933,35,4,289,0.1143,72.25,982269,1175972,5000,90,6,72,8,0.1111,227.35,24.41,20.07,0.3811,17494.29,0,0,0,1,0.1361,1
AUC_1209,1435212358,90,35,1039,0.3889,29.6857,1352683,1465467,10000,30,14,144,6,0.0417,383.47,13.38,5.73,0.5285,25260.16,0,0,0,0,0.1431,0
AUC_1099,2055173772,82,1,1235,0.0122,1235.0,1106569,1387433,5000,60,3,40,18,0.45,31.31,11.9,5.28,0.7192,8397.0,1,0,1,1,0.8425,1
AUC_1163,1084879603,43,6,417,0.1395,69.5,1432720,1786962,10000,60,8,29,9,0.3103,292.46,4.82,29.05,0.4007,16324.91,0,1,0,0,0.2126,0
AUC_1195,2620361991,89,8,1099,0.0899,137.375,1307875,1679364,5000,240,7,90,35,0.3889,9.96,1.88,14.33,0.7562,9896.39,1,1,1,1,0.99,1
AUC_1204,1104864489,81,28,459,0.3457,16.3929,1961065,2179287,20000,240,8,92,14,0.1522,331.02,123.72,88.92,0.4151,42884.51,0,0,0,1,0.0127,0
AUC_1295,2445777009,136,8,2275,0.0588,284.375,1832098,2194939,2000,180,22,212,22,0.1038,78.71,31.74,12.08,0.96,2093.34,0,0,1,0,0.6826,1
AUC_1324,1425081752,115,42,1059,0.3652,25.2143,879661,1089300,5000,60,20,173,7,0.0405,122.53,10.4,9.07,0.3715,7161.55,0,0,0,0,0.0282,0
AUC_1244,2132847056,35,10,167,0.2857,16.7,1222933,1416143,10000,120,8,86,3,0.0349,543.39,67.76,38.59,0.3392,17792.32,0,0,0,0,0.0303,0
AUC_1033,2439615923,46,6,393,0.1304,65.5,1437018,1536485,10000,90,18,196,4,0.0204,298.5,50.86,1.1,0.3276,14355.34,0,0,1,1,0.1718,0
AUC_1366,2728035676,84,3,817,0.0357,272.3333,1654391,1924868,20000,180,5,23,16,0.6957,15.96,29.91,1.63,0.9187,38780.67,0,0,1,0,0.9285,1
AUC_1253,1555164743,29,12,121,0.4138,10.0833,507747,541380,2000,180,23,319,11,0.0345,287.14,69.86,21.8,0.3106,5834.67,0,0,0,1,0.0868,0
AUC_1278,2443678511,88,1,1010,0.0114,1010.0,1458551,1619121,5000,240,7,46,16,0.3478,112.67,53.84,43.31,0.7593,6318.99,0,0,0,0,0.7268,1
AUC_1039,1723102770,111,16,879,0.1441,54.9375,1727346,2120484,20000,30,17,46,7,0.1522,225.28,13.79,2.26,0.3912,63168.47,0,0,1,0,0.1697,0
AUC_1174,2152822260,70,28,419,0.4,14.9643,1003698,1159882,5000,120,16,166,9,0.0542,99.14,91.78,19.94,0.2459,13381.29,0,0,0,0,0.06,0
AUC_1185,1068938388,154,2,3050,0.013,1525.0,1231240,1276014,2000,120,9,155,29,0.1871,98.37,33.23,22.67,0.9411,3290.52,0,0,0,0,0.708,1
AUC_1313,2664154520,42,3,210,0.0714,70.0,1855600,1957909,1000,90,12,203,8,0.0394,774.57,57.5,51.66,0.2872,3604.1,0,0,0,0,0.2242,0
AUC_1264,1413344391,94,17,711,0.1809,41.8235,126425,153604,2000,180,16,259,13,0.0502,75.21,112.43,19.54,0.6088,5270.35,0,0,1,0,0.3141,0
AUC_1256,1759848897,14,6,37,0.4286,6.1667,1082295,1225886,5000,60,19,135,4,0.0296,446.55,44.1,8.47,0.4673,9642.47,0,0,0,0,0.01,0
AUC_1335,2787078379,51,18,501,0.3529,27.8333,1274241,1496825,20000,60,9,49,6,0.1224,427.95,9.75,14.91,0.6462,57065.48,0,0,0,0,0.236,0
AUC_1004,2464610964,35,2,106,0.0571,53.0,1196364,1302305,1000,180,3,49,2,0.0408,205.26,88.11,64.33,0.1534,2765.28,0,0,0,0,0.0859,0
AUC_1025,1913459217,33,9,247,0.2727,27.4444,829025,998754,1000,120,15,59,13,0.2203,106.68,25.37,24.28,0.5122,1732.77,0,0,0,1,0.2707,0
AUC_1085,1743910088,43,5,373,0.1163,74.6,1236753,1524956,10000,60,17,154,5,0.0325,476.85,7.89,28.55,0.4329,19708.05,0,0,0,0,0.1785,0
AUC_1090,1833861173,44,12,217,0.2727,18.0833,1226607,1367450,1000,180,19,264,7,0.0265,1191.6,27.52,106.06,0.4966,2950.08,0,0,0,1,0.0381,0
AUC_1256,1051485685,25,0,155,0.0,155.0,687267,778881,2000,120,5,87,8,0.092,351.43,87.22,6.06,0.5748,5846.07,0,0,1,1,0.3137,0
AUC_1042,1750807071,54,9,481,0.1667,53.4444,1148876,1380348,10000,120,17,121,12,0.0992,246.46,4.48,39.65,0.4523,17958.95,0,1,0,0,0.3288,0
AUC_1066,2571125889,88,42,701,0.4773,16.6905,950197,1200562,2000,180,11,30,14,0.4667,121.77,7.74,20.45,0.524,3858.28,0,1,1,1,0.2293,0
AUC_1146,1036707457,42,3,490,0.0714,163.3333,641903,854537,2000,180,3,50,29,0.58,30.92,9.48,17.02,0.697,2948.38,1,1,1,0,0.9633,1
AUC_1065,2140793553,26,1,329,0.0385,329.0,277120,303181,10000,240,8,125,15,0.12,51.38,60.95,40.61,0.7959,14409.22,0,0,0,1,0.5663,1
AUC_1114,2989797284,17,1,103,0.0588,103.0,1565126,1641137,1000,30,14,251,6,0.0239,499.85,10.32,9.44,0.2013,1400.89,0,0,0,0,0.3592,0
AUC_1326,1621426276,37,6,189,0.1622,31.5,1415804,1775580,10000,60,14,125,10,0.08,230.9,51.88,1.92,0.3641,15895.01,0,0,1,1,0.2675,0
AUC_1399,2137597129,41,10,294,0.2439,29.4,285743,334791,20000,90,3,23,6,0.2609,429.54,44.29,33.28,0.5395,37352.67,0,0,0,0,0.2003,0
AUC_1182,1811670862,38,11,335,0.2895,30.4545,168333,207279,5000,120,14,48,6,0.125,371.39,30.22,22.65,0.488,7385.06,0,0,0,1,0.1282,0
AUC_1265,2043971674,17,2,90,0.1176,45.0,1716629,1812922,10000,90,5,36,5,0.1389,206.31,73.77,60.02,0.1082,29835.15,0,0,0,0,0.1541,1
AUC_1107,1017298480,16,2,36,0.125,18.0,479158,531876,1000,240,22,274,8,0.0292,127.67,180.55,156.64,0.435,4300.53,0,0,0,0,0.0875,0
AUC_1098,1702986049,84,0,2049,0.0,2049.0,900301,998161,5000,120,15,108,23,0.213,84.35,18.88,6.34,0.7303,5069.06,0,0,1,0,0.5849,1
AUC_1225,1503354359,27,1,660,0.037,660.0,1952898,2300880,1000,90,23,100,15,0.15,68.38,21.7,2.64,0.9282,1730.24,0,0,1,0,0.6141,0
AUC_1379,1317250420,53,0,433,0.0,433.0,509384,579644,10000,120,12,62,15,0.2419,5.3,25.35,6.53,0.6053,15221.52,0,0,1,0,0.8179,1
AUC_1288,2460298518,115,24,1010,0.2087,42.0833,1464500,1730564,5000,240,20,47,15,0.3191,120.83,146.4,54.33,0.5395,15866.09,0,0,0,1,0.2139,1
AUC_1270,2516650122,9,3,25,0.3333,8.3333,1760498,2021356,10000,60,10,144,8,0.0556,1109.63,1.8,29.23,0.3622,19780.5,0,1,0,1,0.1241,0
AUC_1331,2895501971,147,4,2840,0.0272,710.0,470362,557669,5000,60,22,239,30,0.1255,38.68,2.97,2.36,0.8226,6277.31,1,1,1,0,0.9873,1
AUC_1166,2060196042,74,10,368,0.1351,36.8,1347229,1493058,5000,240,17,51,3,0.0588,304.68,159.47,21.19,0.3188,7021.39,0,0,1,1,0.1366,0
AUC_1343,1861278719,12,2,42,0.1667,21.0,470295,510973,1000,120,11,156,3,0.0192,217.96,99.78,23.74,0.3862,1276.34,0,0,0,0,0.0857,0
AUC_1394,1911525239,59,7,809,0.1186,115.5714,1832997,1930710,5000,90,17,280,12,0.0429,370.98,46.03,29.18,0.5486,6713.77,0,0,0,1,0.4003,0
AUC_1068,1272674426,23,1,600,0.0435,600.0,215359,244231,10000,180,16,274,20,0.073,32.64,24.48,8.43,0.8361,17184.96,1,0,1,0,0.7883,0
AUC_1073,1653450116,129,6,2492,0.0465,415.3333,1133427,1360986,1000,240,16,183,29,0.1585,54.69,3.92,28.7,0.809,1155.57,1,1,1,0,0.8192,1
AUC_1118,2441185752,84,3,670,0.0357,223.3333,1835298,1989348,5000,120,23,320,9,0.0281,164.84,86.68,13.64,0.209,5891.65,0,0,1,0,0.1389,0
AUC_1380,1815879491,16,6,179,0.375,29.8333,763127,1042647,5000,120,10,23,13,0.5652,244.39,11.8,11.06,0.3659,11549.97,0,1,1,0,0.2999,0
AUC_1097,2160376669,7,0,58,0.0,58.0,1413606,1530000,5000,240,9,25,7,0.28,1190.55,13.8,41.55,0.2197,12047.63,0,1,0,0,0.3175,1
AUC_1204,2799860001,27,2,91,0.0741,45.5,455980,569735,2000,120,18,187,9,0.0481,259.26,19.82,64.4,0.2251,7094.87,0,0,0,0,0.1046,0
AUC_1021,1628482763,29,2,559,0.069,279.5,1825266,2322386,20000,90,6,77,32,0.4156,87.11,6.23,2.44,0.9618,29791.17,0,1,1,0,0.8406,1
AUC_1060,2501664531,97,4,2236,0.0412,559.0,807994,938096,5000,120,9,61,11,0.1803,14.58,11.04,7.2,0.9122,8941.96,0,1,1,0,0.7471,1
AUC_1086,1148025656,63,19,618,0.3016,32.5263,1329326,1400450,1000,120,16,92,9,0.0978,263.54,68.08,20.82,0.4951,2989.61,0,0,0,1,0.2459,0
AUC_1398,2971210092,85,0,1760,0.0,1760.0,1438338,1626737,5000,120,3,52,25,0.4808,9.44,32.2,6.92,0.8512,5903.88,1,0,1,0,0.99,1
AUC_1095,2050636092,8,0,43,0.0,43.0,1262554,1354036,1000,180,24,94,4,0.0426,392.26,57.46,83.41,0.2772,3154.66,0,0,0,0,0.2406,0
AUC_1024,2958658616,17,0,49,0.0,49.0,1768586,1937277,1000,180,15,83,9,0.1084,1121.27,127.34,43.87,0.122,2942.02,0,0,0,0,0.256,0
AUC_1303,2337182518,18,0,289,0.0,289.0,204743,221359,10000,240,15,76,22,0.2895,33.54,58.5,17.21,0.6056,12661.47,1,0,1,0,0.7778,1
AUC_1036,2469414117,12,0,55,0.0,55.0,961162,1050077,10000,60,17,236,7,0.0297,726.23,29.89,18.55,0.482,38043.89,0,0,0,1,0.2114,1
AUC_1133,2520504298,23,0,190,0.0,190.0,817770,968553,2000,180,18,279,10,0.0358,156.05,80.56,30.81,0.2778,2887.56,0,0,0,0,0.3228,0
AUC_1235,2962410838,132,10,3729,0.0758,372.9,71842,81528,5000,120,18,225,19,0.0844,73.47,19.62,9.86,0.6931,5653.51,0,0,1,0,0.706,1
AUC_1353,1965817745,40,8,371,0.2,46.375,1668461,1886840,2000,60,20,94,7,0.0745,1092.64,41.93,40.78,0.4151,6430.45,0,0,0,0,0.0832,0
AUC_1021,1592001581,153,5,2674,0.0327,534.8,1545939,1713815,5000,180,19,71,21,0.2958,91.94,58.88,14.35,0.9643,7909.39,0,0,1,0,0.7705,1
AUC_1160,2804710330,24,2,189,0.0833,94.5,1708147,2069821,10000,180,10,160,7,0.0437,539.44,116.02,33.13,0.4601,19089.14,0,0,0,0,0.2126,0
AUC_1075,2213631380,43,0,1196,0.0,1196.0,1936248,2441176,5000,180,5,44,28,0.6364,52.64,35.73,9.41,0.9342,8578.82,1,0,1,0,0.99,1
AUC_1209,1948670855,38,3,487,0.0789,162.3333,155504,168809,1000,120,21,142,15,0.1056,19.74,16.32,3.22,0.5934,1363.1,0,0,1,0,0.5684,1
AUC_1243,2755355949,72,23,414,0.3194,18.0,332676,422564,1000,120,14,124,9,0.0726,297.13,107.14,6.98,0.4539,2129.26,0,0,1,0,0.205,1
AUC_1198,2272839211,73,7,1318,0.0959,188.2857,318385,376377,2000,240,22,337,25,0.0742,80.92,39.02,6.25,0.9457,2487.39,0,0,1,0,0.7646,1
AUC_1148,1990242400,32,2,587,0.0625,293.5,499729,553567,5000,90,7,83,10,0.1205,22.43,5.64,0.43,0.7553,7610.48,0,1,1,0,0.7589,1
AUC_1066,2421293855,40,1,136,0.025,136.0,571354,627261,2000,60,22,336,7,0.0208,82.02,24.63,1.67,0.1664,5049.53,0,0,1,1,0.3468,1
AUC_1053,1655578326,33,10,67,0.303,6.7,907167,1042715,1000,60,8,62,9,0.1452,424.82,50.01,3.81,0.2433,2007.6,0,0,1,0,0.0928,0
AUC_1384,2362259266,71,1,1564,0.0141,1564.0,128698,159132,20000,240,7,125,23,0.184,39.55,45.25,1.32,0.5635,30311.73,1,0,1,0,0.8086,1
AUC_1335,2530228566,13,4,102,0.3077,25.5,1030644,1145394,5000,60,14,58,2,0.0345,1166.34,48.93,9.73,0.2383,20839.03,0,0,0,0,0.1089,1
AUC_1130,2396467733,92,3,763,0.0326,254.3333,1077984,1315053,1000,60,4,69,25,0.3623,39.67,4.54,4.85,0.8766,2123.08,1,1,1,0,0.9132,1
AUC_1380,1348516948,21,0,169,0.0,169.0,1951617,2335984,1000,240,18,124,1,0.0081,545.03,90.46,95.5,0.2699,2378.28,0,0,0,0,0.4095,1
AUC_1273,1724296380,66,6,180,0.0909,30.0,249726,292786,5000,60,7,109,9,0.0826,403.33,23.78,2.8,0.5204,12112.15,0,0,1,0,0.0851,0
AUC_1196,1643836173,4,1,12,0.25,12.0,808334,915998,5000,180,19,272,7,0.0257,130.53,84.06,32.77,0.2002,11840.02,0,0,0,0,0.0569,1
AUC_1243,2752454157,33,15,73,0.4545,4.8667,466333,508592,5000,60,13,115,2,0.0174,353.52,26.79,7.69,0.3701,11208.06,0,0,0,0,0.041,0
AUC_1317,1411972015,62,22,191,0.3548,8.6818,1673915,1874651,5000,180,14,209,12,0.0574,107.19,9.58,48.57,0.6203,16557.94,0,1,0,1,0.1953,0
AUC_1013,1676483398,31,5,67,0.1613,13.4,1764026,1906440,2000,60,21,218,1,0.0046,401.3,24.06,33.31,0.2656,3896.79,0,0,0,0,0.1168,0
AUC_1013,1063701996,22,6,114,0.2727,19.0,1212188,1267324,2000,240,8,56,8,0.1429,661.64,185.16,149.61,0.513,4013.49,0,0,0,1,0.1545,1
AUC_1194,2270019059,10,1,62,0.1,62.0,85186,99188,20000,180,10,22,10,0.4545,320.4,147.06,13.89,0.4607,22729.9,0,0,1,0,0.4455,1
AUC_1378,2366869128,37,2,755,0.0541,377.5,434835,480428,1000,30,12,148,18,0.1216,22.61,5.15,2.7,0.8273,1289.43,1,0,1,0,0.8507,1
AUC_1290,1112648714,77,15,396,0.1948,26.4,441050,464943,1000,240,21,172,7,0.0407,249.04,148.98,37.58,0.4508,2885.54,0,0,0,0,0.106,0
AUC_1069,2734719307,43,10,314,0.2326,31.4,895967,999964,10000,120,4,18,1,0.0556,1178.23,64.9,78.42,0.4853,30440.95,0,0,0,0,0.1153,0
AUC_1084,1463691162,52,3,647,0.0577,215.6667,1762108,2168018,2000,120,24,148,26,0.1757,29.52,10.05,7.89,0.7903,3071.94,1,1,1,0,0.99,1
AUC_1344,1230035248,34,0,310,0.0,310.0,1848865,2152442,20000,90,19,69,30,0.4348,17.14,23.44,6.08,0.5676,33436.5,1,0,1,0,0.949,1
AUC_1156,2662219955,102,29,327,0.2843,11.2759,539182,644918,2000,120,8,139,16,0.1151,72.92,0.8,9.61,0.6199,5961.67,0,1,1,0,0.2199,1
AUC_1232,1848590399,25,0,216,0.0,216.0,728523,846811,5000,120,18,141,1,0.0071,463.93,49.38,73.66,0.3192,9437.08,0,0,0,0,0.3079,0
AUC_1129,2629591109,56,6,475,0.1071,79.1667,1369398,1529719,5000,180,20,80,10,0.125,391.41,145.02,1.1,0.5687,13280.54,0,0,1,1,0.2264,0
AUC_1167,2790909478,13,0,53,0.0,53.0,1503412,1832629,5000,180,10,134,3,0.0224,917.47,150.84,74.06,0.4013,10099.56,0,0,0,0,0.2595,1
AUC_1381,2477360103,28,3,221,0.1071,73.6667,1710503,1786357,10000,240,20,230,2,0.0087,145.19,129.42,112.15,0.1179,25556.09,0,0,0,0,0.1401,0
AUC_1186,2947743692,12,1,74,0.0833,74.0,1576699,1988089,5000,120,8,29,5,0.1724,248.82,5.82,21.67,0.2957,18038.54,0,1,0,1,0.1796,0
AUC_1032,1228781872,69,2,1778,0.029,889.0,488745,642440,20000,90,7,76,40,0.5263,98.08,22.19,17.59,0.6901,30282.43,0,0,0,0,0.7985,1
AUC_1190,1006299928,4,0,31,0.0,31.0,93413,111937,2000,90,9,151,7,0.0464,851.3,66.33,43.98,0.1473,3389.65,0,0,0,0,0.0682,1
AUC_1194,2429691616,72,3,1197,0.0417,399.0,1765426,1988143,2000,240,12,142,24,0.169,5.24,46.65,9.55,0.5819,2668.79,1,0,1,0,0.789,1
AUC_1219,1439525121,66,4,1188,0.0606,297.0,1444903,1789682,1000,240,13,63,25,0.3968,33.06,7.67,18.23,0.8573,1158.59,1,1,1,0,0.9787,1
AUC_1240,1142612622,41,3,867,0.0732,289.0,1573550,1940283,5000,60,21,248,22,0.0887,22.82,4.01,1.54,0.5845,9232.51,1,1,1,0,0.7973,0
AUC_1120,1261950757,78,19,690,0.2436,36.3158,156538,167887,10000,120,17,164,7,0.0427,416.09,60.04,17.42,0.1987,14860.44,0,0,0,0,0.1187,0
AUC_1361,1118001555,34,13,305,0.3824,23.4615,1696941,2052716,5000,60,8,72,5,0.0694,355.71,34.83,8.88,0.1766,13369.41,0,0,0,0,0.1021,1
AUC_1305,2736709088,52,3,340,0.0577,113.3333,1465060,1803163,2000,60,19,201,5,0.0249,229.02,46.02,5.67,0.6534,4044.6,0,0,1,0,0.3698,0
AUC_1200,2468438723,30,14,174,0.4667,12.4286,1825706,2023335,20000,60,19,137,11,0.0803,211.21,44.06,7.75,0.5845,26994.51,0,0,0,0,0.1814,1
AUC_1350,1249846063,52,11,492,0.2115,44.7273,1160327,1392929,5000,180,10,141,10,0.0709,483.18,72.97,49.71,0.2371,10762.56,0,0,0,0,0.1504,0
AUC_1070,1864087487,40,3,138,0.075,46.0,919976,1136264,1000,120,15,84,4,0.0476,1007.7,95.29,41.62,0.3961,4051.85,0,0,0,0,0.1887,0
AUC_1229,1268816709,52,3,634,0.0577,211.3333,1974820,2066632,1000,30,11,146,26,0.1781,34.76,7.13,2.59,0.7445,1984.29,1,0,1,0,0.8518,1
AUC_1092,1044058376,84,40,263,0.4762,6.575,1637901,2194494,1000,60,4,36,15,0.4167,431.55,27.28,17.16,0.4068,2042.75,0,0,0,0,0.0847,0
AUC_1073,2362300380,54,22,288,0.4074,13.0909,1069814,1268874,10000,60,15,208,7,0.0337,316.83,34.69,3.19,0.4274,26997.35,0,0,1,0,0.1659,0
AUC_1025,1618438818,94,32,1051,0.3404,32.8438,377045,452235,5000,60,3,31,6,0.1935,300.77,17.11,12.52,0.5567,11450.95,0,0,0,1,0.1777,0
AUC_1269,2953985583,72,0,738,0.0,738.0,1510763,1681432,5000,180,6,86,29,0.3372,57.14,24.49,22.14,0.7836,7429.78,1,0,0,0,0.9267,1
AUC_1325,2037405000,80,22,647,0.275,29.4091,851769,1011001,20000,90,9,117,7,0.0598,314.77,62.58,10.95,0.6321,41364.87,0,0,0,1,0.1077,0
AUC_1330,2245292460,86,31,865,0.3605,27.9032,826249,972728,1000,240,11,62,15,0.2419,420.45,46.34,74.29,0.5862,3113.73,0,0,0,0,0.0647,0
AUC_1282,2489892005,140,2,1741,0.0143,870.5,1474026,1791400,2000,180,9,124,36,0.2903,66.02,26.16,9.02,0.8304,3399.22,1,0,1,0,0.99,1
AUC_1340,2654255501,27,1,569,0.037,569.0,1338036,1670085,10000,60,15,168,24,0.1429,117.15,14.64,8.76,0.8513,11370.74,0,0,0,0,0.6355,0
AUC_1134,1469305706,105,46,1448,0.4381,31.4783,1483406,1668611,20000,120,3,50,13,0.26,400.14,62.02,41.41,0.2204,53314.21,0,0,0,1,0.1093,0
AUC_1352,1787474639,158,3,4270,0.019,1423.3333,1675445,1946205,5000,240,8,79,27,0.3418,118.96,14.01,0.11,0.8388,5274.57,0,1,1,0,0.7153,1
AUC_1341,2170060395,48,11,178,0.2292,16.1818,1021768,1106475,5000,90,23,210,7,0.0333,342.7,33.22,3.32,0.6531,5452.55,0,0,1,0,0.2725,0
AUC_1335,2259023330,28,1,194,0.0357,194.0,1597379,1703463,5000,120,17,49,6,0.1224,336.31,92.48,11.74,0.4925,14244.11,0,0,1,0,0.2961,1
AUC_1203,1860700598,33,5,86,0.1515,17.2,1706894,1860551,1000,180,5,80,7,0.0875,863.83,15.91,58.94,0.3634,3098.86,0,1,0,0,0.1948,0
AUC_1294,2088929063,138,1,2688,0.0072,2688.0,479047,527518,5000,180,15,118,29,0.2458,18.54,26.16,18.58,0.8761,5580.81,1,0,1,0,0.958,1
AUC_1338,2902025754,27,1,228,0.037,228.0,1066695,1105583,10000,90,24,125,9,0.072,406.31,74.86,61.06,0.3791,16128.74,0,0,0,0,0.2654,0
AUC_1172,2767207427,87,0,1003,0.0,1003.0,1902417,2211411,5000,180,14,166,10,0.0602,32.54,30.16,16.67,0.7999,10833.13,0,0,1,0,0.6457,1
AUC_1359,2072899711,49,20,216,0.4082,10.8,1945761,2414166,20000,240,5,27,9,0.3333,269.61,43.52,61.44,0.3172,27983.45,0,0,0,0,0.0889,0
AUC_1212,1573309064,146,4,2689,0.0274,672.25,1544113,2070034,2000,180,3,45,40,0.8889,56.89,21.84,21.71,0.7277,2260.69,1,0,0,0,0.99,1
AUC_1263,2031984592,7,2,16,0.2857,8.0,1207059,1358493,10000,90,16,51,4,0.0784,85.38,64.23,14.58,0.5084,28309.64,0,0,0,0,0.2259,0
AUC_1191,1457330971,44,7,312,0.1591,44.5714,1161072,1235834,1000,90,8,92,1,0.0109,360.71,68.15,31.41,0.4626,2778.95,0,0,0,0,0.1406,1
AUC_1281,2483389029,59,21,640,0.3559,30.4762,1571045,1791061,10000,120,14,192,12,0.0625,446.99,62.69,45.01,0.5543,18468.42,0,0,0,0,0.1035,0
AUC_1072,2321080317,42,1,897,0.0238,897.0,1443243,1785349,10000,60,5,50,15,0.3,24.4,6.86,5.18,0.7486,11114.99,0,1,1,1,0.8042,1
AUC_1040,2993403384,133,7,1382,0.0526,197.4286,1104185,1413839,2000,90,10,153,18,0.1176,41.99,6.91,1.85,0.7138,2978.63,1,1,1,0,0.7193,0
AUC_1108,1107264672,118,36,763,0.3051,21.1944,520494,593612,5000,120,9,128,12,0.0938,339.23,38.52,8.21,0.4967,12529.11,0,0,1,0,0.1884,0
AUC_1143,1232244768,64,0,751,0.0,751.0,155875,201447,10000,90,7,92,42,0.4565,57.46,7.89,16.05,0.8171,17902.83,1,1,0,0,0.9787,1
AUC_1289,1699353142,2,1,9,0.5,9.0,981010,1042887,1000,90,12,200,3,0.015,1156.0,40.85,43.11,0.1848,3767.42,0,0,0,0,0.01,0
AUC_1018,1994429447,63,6,251,0.0952,41.8333,955272,1117690,20000,240,4,44,6,0.1364,269.35,219.98,13.79,0.6363,25842.88,0,0,1,1,0.2491,0
AUC_1001,2660884697,23,4,164,0.1739,41.0,1652547,1746411,1000,30,23,392,8,0.0204,1045.7,14.88,4.95,0.2029,3392.28,0,0,0,0,0.159,0
AUC_1220,2053817671,20,5,266,0.25,53.2,1017100,1095294,1000,120,11,69,7,0.1014,394.58,42.75,23.33,0.3186,2538.73,0,0,0,1,0.1451,0
AUC_1341,1984544201,34,14,175,0.4118,12.5,489722,628609,1000,180,9,39,8,0.2051,157.47,49.41,9.32,0.3373,1647.98,0,0,1,1,0.0974,0
AUC_1371,1831574104,28,5,249,0.1786,49.8,838539,1051443,2000,120,6,98,4,0.0408,631.69,46.81,66.52,0.3067,5608.79,0,0,0,0,0.1362,0
AUC_1270,1247140677,145,6,1576,0.0414,262.6667,1964084,2266856,20000,90,19,255,23,0.0902,24.66,24.22,0.85,0.9159,35319.19,1,0,1,1,0.8111,0
AUC_1341,2409480938,58,3,1571,0.0517,523.6667,1287060,1450294,5000,240,16,41,24,0.5854,12.18,51.97,19.93,0.8534,9921.39,1,0,1,0,0.99,1
AUC_1348,2864782028,57,0,1032,0.0,1032.0,1332699,1714418,1000,180,5,64,13,0.2031,10.33,48.71,16.96,0.6804,1703.18,0,0,1,0,0.8657,1
AUC_1074,1213834397,31,3,230,0.0968,76.6667,398452,438356,5000,60,8,16,4,0.25,1014.08,32.75,31.42,0.5232,12747.85,0,0,0,1,0.1282,0
AUC_1031,2007468255,96,7,2280,0.0729,325.7143,488714,557870,1000,30,19,115,23,0.2,31.87,6.84,1.85,0.5626,1459.17,1,0,1,0,0.8472,0
AUC_1229,1552611057,34,11,277,0.3235,25.1818,1293731,1606461,2000,120,22,329,6,0.0182,177.87,65.07,12.36,0.4019,4999.77,0,0,1,0,0.01,0
AUC_1391,2989932373,63,4,1146,0.0635,286.5,1952527,2147405,10000,180,7,36,16,0.4444,33.96,44.59,4.48,0.7261,15420.08,0,0,1,0,0.6127,1
AUC_1280,2242526246,28,0,514,0.0,514.0,1124341,1249859,2000,180,14,98,22,0.2245,37.39,52.99,4.02,0.7476,2888.03,1,0,1,0,0.9022,1
AUC_1181,2413479845,35,14,210,0.4,15.0,672704,868150,5000,240,3,48,8,0.1667,410.71,97.46,60.03,0.5324,13743.12,0,0,0,0,0.0696,0
AUC_1385,2521608046,11,3,75,0.2727,25.0,1694977,2103266,10000,120,5,84,4,0.0476,968.91,58.89,50.38,0.1254,43189.48,0,0,0,0,0.2182,0
AUC_1248,1871031269,36,2,341,0.0556,170.5,1877169,2054099,20000,180,5,58,3,0.0517,862.86,69.61,64.57,0.5089,78731.08,0,0,0,0,0.2437,0
AUC_1109,2194277777,1,1,9,1.0,9.0,1052908,1119696,1000,240,14,52,4,0.0769,199.62,192.22,117.64,0.1398,1480.13,0,0,0,0,0.0829,0
AUC_1330,1187070496,15,2,183,0.1333,91.5,590002,713500,5000,180,4,19,8,0.4211,246.6,30.89,36.15,0.6065,10578.23,0,0,0,0,0.2763,0
AUC_1239,2182209607,35,1,667,0.0286,667.0,1320030,1485035,1000,240,5,48,43,0.8958,94.33,66.08,0.73,0.9434,1543.5,0,0,1,1,0.9456,1
AUC_1286,2919787389,65,1,1404,0.0154,1404.0,1242338,1416364,20000,60,16,274,24,0.0876,38.02,17.92,2.15,0.9355,25560.01,1,0,1,0,0.8676,1
AUC_1042,1520148865,57,0,1391,0.0,1391.0,514822,623711,10000,120,14,141,30,0.2128,80.6,30.42,18.5,0.9618,17562.57,0,0,0,0,0.7859,0
AUC_1387,2608229718,60,7,166,0.1167,23.7143,726696,787810,2000,180,23,383,8,0.0209,281.81,111.51,21.68,0.4419,2778.94,0,0,0,0,0.3029,1
AUC_1254,1680410660,58,23,204,0.3966,8.8696,1836863,2150150,20000,120,9,65,16,0.2462,312.67,19.27,5.43,0.2264,23312.0,0,0,1,0,0.2423,0
AUC_1177,2306710654,65,32,573,0.4923,17.9062,754364,873891,5000,120,24,381,5,0.0131,435.13,46.23,5.51,0.6448,13721.01,0,0,1,0,0.1275,0
AUC_1382,1638188163,51,6,312,0.1176,52.0,781160,986343,20000,90,23,166,12,0.0723,100.89,24.57,17.2,0.4319,51390.01,0,0,0,0,0.2057,0
AUC_1162,1449601446,11,3,104,0.2727,34.6667,1844163,2074617,10000,60,21,171,7,0.0409,578.51,35.31,24.22,0.3646,27765.53,0,0,0,0,0.0826,0
AUC_1219,1436990585,113,51,1255,0.4513,24.6078,361983,420273,1000,30,10,61,11,0.1803,159.9,6.8,7.86,0.4313,2167.59,0,0,0,0,0.1413,0
AUC_1093,1036719683,15,0,56,0.0,56.0,1056089,1105782,20000,120,22,55,6,0.1091,258.15,5.99,59.31,0.2141,84384.23,0,1,0,0,0.2972,0
AUC_1183,2076025045,59,15,635,0.2542,42.3333,1828469,1900345,5000,60,16,216,17,0.0787,241.19,22.89,10.64,0.2353,16076.47,0,0,0,1,0.0708,0
AUC_1305,1360515368,84,5,1177,0.0595,235.4,1572354,1956865,2000,90,24,319,14,0.0439,34.02,16.14,8.94,0.9012,3921.27,0,0,1,0,0.6533,0
AUC_1324,2646061083,65,4,1495,0.0615,373.75,780543,934582,2000,120,22,72,29,0.4028,44.74,26.68,13.12,0.6344,3958.07,1,0,1,1,0.9263,1
AUC_1380,1076408749,57,5,1212,0.0877,242.4,561205,590657,5000,240,24,426,38,0.0892,38.72,49.33,16.81,0.7885,8919.84,1,0,1,0,0.99,1
AUC_1268,1164656963,34,7,266,0.2059,38.0,1254220,1473253,2000,60,3,10,4,0.4,356.78,15.08,14.98,0.3583,7133.0,0,0,0,0,0.1302,0
AUC_1207,1714124399,11,3,83,0.2727,27.6667,756557,854097,5000,60,13,159,2,0.0126,1086.22,44.45,9.79,0.3309,7210.52,0,0,0,0,0.1045,0
AUC_1023,1456815890,62,0,1072,0.0,1072.0,72788,77072,1000,60,9,95,10,0.1053,12.37,3.88,2.38,0.7066,1419.1,0,1,1,0,0.837,1
AUC_1294,2556438829,71,9,498,0.1268,55.3333,76094,98782,5000,90,6,43,12,0.2791,424.78,17.23,28.16,0.2757,5609.98,0,0,0,1,0.1834,0
AUC_1096,2400965153,73,4,855,0.0548,213.75,1953182,2436881,10000,120,9,52,20,0.3846,41.35,24.66,0.33,0.7622,18811.19,1,0,1,0,0.923,1
AUC_1196,2477332575,8,0,43,0.0,43.0,131265,161549,5000,240,22,361,6,0.0166,211.31,80.09,140.66,0.3664,9881.56,0,0,0,0,0.2124,0
AUC_1136,2403359020,123,6,2609,0.0488,434.8333,1603325,2051987,2000,90,15,68,28,0.4118,102.69,7.88,7.08,0.8169,3007.42,0,1,1,0,0.8177,1
AUC_1346,2100698788,52,2,353,0.0385,176.5,1839904,2015193,10000,60,19,97,2,0.0206,339.01,32.63,6.02,0.4306,11460.36,0,0,1,1,0.299,1
AUC_1141,1393821769,21,7,202,0.3333,28.8571,831410,912949,5000,120,18,169,1,0.0059,397.75,24.05,78.93,0.4254,17051.49,0,0,0,1,0.0776,0
AUC_1248,1465605416,92,35,856,0.3804,24.4571,1629407,1879822,10000,240,13,96,8,0.0833,143.4,152.28,30.33,0.5078,23662.28,0,0,0,0,0.0193,0
AUC_1036,1580067127,87,2,2008,0.023,1004.0,236469,297074,10000,240,24,369,43,0.1165,81.96,7.92,9.14,0.815,13524.15,0,1,1,0,0.8584,1
AUC_1317,1701164455,33,3,501,0.0909,167.0,1131677,1360399,10000,180,23,223,35,0.157,44.0,39.56,6.14,0.9206,11020.53,1,0,1,0,0.8913,1
AUC_1348,2624785148,31,2,136,0.0645,68.0,1955230,2240718,1000,60,24,230,9,0.0391,1080.9,1.92,36.92,0.2168,4353.15,0,1,0,0,0.1814,0
AUC_1071,1622226439,36,11,316,0.3056,28.7273,1357162,1527607,1000,60,21,331,7,0.0211,152.39,1.71,39.66,0.4691,1211.66,0,1,0,1,0.1881,0
AUC_1073,1990662647,53,18,489,0.3396,27.1667,580185,668472,1000,240,21,192,16,0.0833,335.15,147.92,66.19,0.4859,3172.24,0,0,0,1,0.1298,0
AUC_1034,2038640859,99,5,888,0.0505,177.6,1611198,2192828,20000,60,4,64,26,0.4062,12.85,2.48,5.26,0.6802,20440.66,1,1,1,0,0.99,1
AUC_1219,1994908270,47,1,1315,0.0213,1315.0,1037702,1260286,5000,30,14,178,41,0.2303,69.03,1.05,0.84,0.9399,7262.15,1,1,1,0,0.9544,1
AUC_1036,2105169792,19,6,52,0.3158,8.6667,397694,502695,1000,60,7,43,7,0.1628,224.69,51.67,1.76,0.2007,1745.26,0,0,1,0,0.164,1
AUC_1078,1302458770,22,2,587,0.0909,293.5,1830518,2139217,5000,120,17,144,29,0.2014,32.53,5.38,9.69,0.7086,5278.48,1,1,1,0,0.8589,1
AUC_1222,2425777680,96,37,879,0.3854,23.7568,290044,349894,5000,180,4,67,6,0.0896,181.68,7.93,63.1,0.4267,9678.07,0,1,0,1,0.1505,1
AUC_1338,1011820617,41,3,754,0.0732,251.3333,1990735,2330348,5000,120,18,102,36,0.3529,29.06,16.53,12.55,0.8658,6700.64,1,0,1,1,0.99,1
AUC_1105,1608572600,124,1,2620,0.0081,2620.0,1637037,1759674,10000,180,20,171,15,0.0877,52.28,30.45,30.4,0.9111,17477.16,0,0,0,0,0.7648,1
AUC_1217,1900568400,119,34,809,0.2857,23.7941,245249,301825,1000,90,20,269,13,0.0483,444.26,55.15,8.49,0.3501,2719.94,0,0,1,1,0.2244,0
AUC_1052,1517789053,27,8,99,0.2963,12.375,465311,543568,10000,60,15,147,15,0.102,249.04,30.18,18.14,0.6173,25536.01,0,0,0,0,0.1461,0
AUC_1048,2148403499,8,1,118,0.125,118.0,190914,226935,10000,120,13,163,25,0.1534,30.88,17.48,3.58,0.9398,12508.58,1,0,1,0,0.8855,1
AUC_1129,2624306037,42,9,253,0.2143,28.1111,753288,919997,10000,90,14,77,7,0.0909,210.14,0.78,34.73,0.3341,21611.72,0,1,0,1,0.1235,0
AUC_1340,1806145933,141,0,3602,0.0,3602.0,1764557,2109558,10000,30,22,159,19,0.1195,18.76,6.71,3.37,0.9352,11644.87,1,0,1,0,0.8285,1
AUC_1231,1558479855,113,21,1228,0.1858,58.4762,1898488,2009360,10000,90,17,300,7,0.0233,92.86,30.37,10.37,0.34,19251.58,0,0,1,0,0.2753,1
AUC_1337,1292310679,76,1,1684,0.0132,1684.0,890411,1000492,5000,90,6,36,30,0.8333,26.92,3.92,2.03,0.5559,6106.93,1,1,1,0,0.99,1
AUC_1200,2711054128,78,7,259,0.0897,37.0,437155,496855,20000,120,4,65,8,0.1231,254.18,101.85,9.45,0.2464,41573.22,0,0,1,0,0.1911,0
AUC_1311,2101947353,24,4,138,0.1667,34.5,285502,347044,5000,240,22,239,7,0.0293,677.89,161.99,43.97,0.2452,6600.12,0,0,0,0,0.1782,0
AUC_1259,1678501005,81,31,444,0.3827,14.3226,952429,1206011,1000,60,8,18,14,0.7778,334.24,7.28,16.84,0.6127,1141.17,0,0,0,1,0.297,0
AUC_1256,2715731296,27,11,203,0.4074,18.4545,198803,228604,5000,180,20,98,9,0.0918,440.23,97.5,7.18,0.556,14182.86,0,0,1,1,0.1368,1
AUC_1125,1820881691,84,7,1547,0.0833,221.0,1300598,1473582,1000,120,4,43,35,0.814,30.26,23.95,10.8,0.7777,1688.75,1,0,1,0,0.8739,1
AUC_1153,1088835664,39,16,152,0.4103,9.5,1890723,2013644,2000,30,13,219,9,0.0411,498.31,11.34,7.6,0.4485,3977.53,0,0,0,0,0.0845,0
AUC_1071,1012477751,84,19,582,0.2262,30.6316,832379,912710,1000,180,7,51,6,0.1176,421.74,87.8,22.06,0.3391,1742.16,0,0,0,0,0.1714,0
AUC_1369,1366158822,36,1,511,0.0278,511.0,1701327,1981323,2000,60,19,225,31,0.1378,22.57,7.11,3.15,0.6721,3107.95,1,1,1,0,0.9676,0
AUC_1023,1520959568,30,8,172,0.2667,21.5,609692,687014,2000,180,24,128,8,0.0625,1133.68,76.32,92.82,0.4396,8930.32,0,0,0,0,0.1127,0
AUC_1057,1666926597,82,18,234,0.2195,13.0,1589823,1743201,20000,240,9,124,7,0.0565,209.68,178.14,15.68,0.3439,41767.59,0,0,1,0,0.1442,0
AUC_1326,2792723279,31,6,416,0.1935,69.3333,1918627,2145946,5000,60,16,43,7,0.1628,298.98,2.82,1.69,0.2959,15021.19,0,1,1,1,0.3302,0
AUC_1249,1507165891,54,16,482,0.2963,30.125,933912,1024993,2000,120,20,282,4,0.0142,185.35,52.49,14.68,0.6898,3961.84,0,0,0,0,0.1192,0
AUC_1102,2033244145,42,13,141,0.3095,10.8462,1824968,2137863,1000,60,6,97,6,0.0619,440.33,34.82,34.21,0.1653,3662.53,0,0,0,0,0.0639,0
AUC_1324,1095525997,22,5,202,0.2273,40.4,337730,379260,5000,120,23,342,8,0.0234,524.92,13.79,78.23,0.3239,13540.31,0,1,0,0,0.0211,0
AUC_1289,2514835376,26,1,175,0.0385,175.0,989820,1222556,5000,60,19,252,7,0.0278,796.99,15.78,38.99,0.104,8956.48,0,0,0,0,0.1464,0
AUC_1322,1337630790,5,0,35,0.0,35.0,817845,915453,1000,90,5,34,3,0.0882,1099.25,44.12,36.69,0.2999,2534.65,0,0,0,0,0.1777,0
AUC_1304,2770825738,19,2,197,0.1053,98.5,1491549,1655370,20000,60,13,144,12,0.0833,482.86,35.21,19.59,0.5571,44298.02,0,0,0,1,0.2403,0
AUC_1054,2213087778,118,52,1562,0.4407,30.0385,1204732,1428388,2000,120,9,127,17,0.1339,435.22,9.48,12.66,0.3188,5690.95,0,1,1,1,0.1385,0
AUC_1252,2667455882,93,29,493,0.3118,17.0,1989216,2288026,10000,60,14,65,8,0.1231,247.24,24.88,6.15,0.5678,20409.89,0,0,1,1,0.1384,1
AUC_1311,2615490186,6,1,39,0.1667,39.0,1869124,2065243,5000,240,7,37,7,0.1892,1151.99,181.02,136.12,0.306,9928.19,0,0,0,0,0.1798,0
AUC_1241,2478122156,15,3,57,0.2,19.0,1087649,1334864,1000,90,17,219,8,0.0365,744.66,62.76,22.96,0.4175,2559.24,0,0,0,0,0.2421,0
AUC_1356,1035430413,65,4,747,0.0615,186.75,1881610,2257112,10000,90,20,198,39,0.197,40.19,6.7,9.88,0.9054,18825.31,1,1,1,0,0.99,1
AUC_1182,1173924435,64,27,185,0.4219,6.8519,1879702,2352279,20000,90,18,225,3,0.0133,195.85,46.81,13.97,0.5245,59005.09,0,0,0,1,0.01,0
AUC_1214,2484550216,37,1,308,0.027,308.0,1286562,1350392,20000,240,11,48,5,0.1042,1055.89,12.73,106.01,0.19,68816.33,0,1,0,1,0.2907,0
AUC_1099,1907511621,19,5,180,0.2632,36.0,379185,387621,10000,30,16,195,10,0.0513,247.14,3.24,3.72,0.4885,28840.17,0,1,0,0,0.2069,0
AUC_1024,1407540594,137,9,1413,0.0657,157.0,186206,239983,2000,120,9,141,32,0.227,70.1,18.48,11.51,0.6587,2754.5,0,0,1,0,0.7079,1
AUC_1165,1571004415,54,10,427,0.1852,42.7,689743,783133,10000,240,4,68,7,0.1029,388.3,120.75,16.11,0.2034,11577.44,0,0,1,1,0.1244,0
AUC_1207,1054455973,24,7,207,0.2917,29.5714,1575731,1749691,5000,120,3,7,4,0.5714,158.97,57.81,50.28,0.5287,11279.23,0,0,0,0,0.3177,0
AUC_1272,2068167106,22,6,132,0.2727,22.0,970589,1116388,1000,120,4,71,7,0.0986,422.47,22.04,26.93,0.2422,3494.27,0,0,0,1,0.01,0
AUC_1336,2859258686,39,1,727,0.0256,727.0,1202177,1417863,20000,90,22,234,19,0.0812,53.6,2.77,3.63,0.6219,37963.99,1,1,1,0,0.8465,1
AUC_1385,1229681457,100,47,753,0.47,16.0213,1056261,1227266,10000,90,16,246,6,0.0244,280.68,48.51,30.62,0.5377,16875.92,0,0,0,0,0.01,0
AUC_1209,2371206711,19,1,560,0.0526,560.0,1742227,2074000,1000,120,22,234,20,0.0855,54.13,0.95,7.71,0.6216,1707.88,1,1,1,0,0.7345,1
AUC_1137,1893445114,32,3,363,0.0938,121.0,535569,675389,5000,30,11,142,20,0.1408,13.33,6.86,1.31,0.756,5245.56,1,0,1,0,0.7404,1
AUC_1098,1679696481,104,8,2961,0.0769,370.125,1587599,1836967,1000,60,10,159,26,0.1635,14.31,2.04,1.76,0.8103,1228.94,1,1,1,0,0.868,0
AUC_1292,2049830093,35,2,261,0.0571,130.5,808370,852674,10000,60,22,349,1,0.0029,628.05,18.94,25.02,0.1257,43952.28,0,0,0,1,0.3048,0
AUC_1286,1345728784,77,35,697,0.4545,19.9143,687589,827864,5000,120,13,34,17,0.5,491.82,60.07,46.43,0.4365,8517.78,0,0,0,0,0.1742,0
AUC_1331,2889754146,102,1,1249,0.0098,1249.0,193749,205241,2000,180,24,364,30,0.0824,12.33,10.52,11.73,0.6715,2285.07,1,1,1,0,0.99,1
AUC_1192,2521810236,103,36,898,0.3495,24.9444,313118,376001,10000,120,6,33,17,0.5152,269.41,71.77,3.21,0.5423,18810.95,0,0,1,1,0.205,0
AUC_1159,1911504390,89,2,1396,0.0225,698.0,993097,1109815,1000,60,11,178,24,0.1348,9.97,6.2,0.47,0.8219,1961.7,1,1,1,1,0.99,1
AUC_1099,1530360997,21,2,189,0.0952,94.5,1214438,1354241,1000,120,14,193,6,0.0311,624.52,52.26,25.07,0.3128,3659.34,0,0,0,0,0.1266,0
AUC_1255,1088621388,24,1,109,0.0417,109.0,1735388,2101070,1000,120,8,49,3,0.0612,204.76,112.31,8.79,0.1566,2602.35,0,0,1,0,0.2832,0
AUC_1224,1585111404,19,6,41,0.3158,6.8333,193981,202152,1000,120,20,306,8,0.0261,663.06,80.3,20.52,0.126,4365.02,0,0,0,0,0.01,0
AUC_1078,1644601994,117,15,1111,0.1282,74.0667,1418037,1580120,20000,90,14,77,17,0.2208,404.93,7.29,33.67,0.386,62195.99,0,1,0,1,0.3942,0
AUC_1048,2309523772,67,3,1040,0.0448,346.6667,436418,490438,10000,120,22,195,43,0.2205,116.89,17.15,2.69,0.8289,13480.2,0,0,1,0,0.8541,1
AUC_1144,1031915785,32,8,127,0.25,15.875,762172,803953,10000,120,21,145,4,0.0276,959.9,78.62,32.55,0.2728,19010.41,0,0,0,0,0.1426,0
AUC_1162,2307618358,114,6,2710,0.0526,451.6667,712422,780558,20000,180,5,54,29,0.537,89.67,5.48,2.67,0.6331,30156.88,0,1,1,0,0.9261,1
AUC_1055,1133101316,63,11,345,0.1746,31.3636,1156935,1426291,5000,120,22,124,10,0.0806,239.8,44.38,22.36,0.5123,7938.98,0,0,0,0,0.1758,1
AUC_1391,2713904631,10,0,22,0.0,22.0,1490648,1828717,5000,60,24,295,3,0.0102,836.18,30.7,15.22,0.2303,20518.79,0,0,0,0,0.078,0
AUC_1353,2874718104,128,1,3936,0.0078,3936.0,1887554,2086260,1000,60,22,312,35,0.1122,27.19,10.09,9.47,0.6982,1741.93,1,0,0,0,0.823,0
AUC_1307,1635841184,75,14,250,0.1867,17.8571,761167,867255,1000,60,4,52,10,0.1923,192.69,43.64,7.77,0.477,2236.51,0,0,0,1,0.1058,1
AUC_1379,1320514890,30,5,100,0.1667,20.0,1781062,2102189,20000,180,19,114,2,0.0175,1026.57,121.9,100.5,0.3087,61203.66,0,0,0,0,0.01,0
AUC_1322,1129779480,67,24,279,0.3582,11.625,1638242,2057522,20000,180,9,137,16,0.1168,478.94,89.05,42.08,0.5247,20197.51,0,0,0,1,0.2596,0
AUC_1265,2867549106,90,3,1493,0.0333,497.6667,1481053,1669482,1000,180,24,249,39,0.1566,16.4,29.62,2.48,0.6738,1674.05,1,0,1,0,0.99,1
AUC_1317,2296977736,16,4,44,0.25,11.0,1071860,1237630,5000,120,5,21,8,0.381,225.18,104.86,2.94,0.4416,11208.07,0,0,1,0,0.2137,0
AUC_1231,1569892593,69,5,774,0.0725,154.8,1819123,1987270,1000,180,17,246,24,0.0976,15.35,16.82,15.3,0.6468,1814.76,1,1,1,0,0.7636,1
AUC_1386,1196724311,97,25,994,0.2577,39.76,633713,766699,10000,180,7,104,15,0.1442,240.41,12.86,5.23,0.605,13083.56,0,1,1,1,0.2953,0
AUC_1329,1567416616,16,0,121,0.0,121.0,1687577,1739831,2000,90,12,111,5,0.045,65.51,33.94,7.91,0.6825,2311.35,0,0,1,0,0.4033,1
AUC_1161,2603699184,104,40,551,0.3846,13.775,1204881,1286172,5000,60,14,178,12,0.0674,137.65,6.67,2.56,0.281,7755.72,0,1,1,1,0.1631,1
AUC_1179,1657139315,44,8,98,0.1818,12.25,1577994,1717119,2000,120,18,196,8,0.0408,376.06,77.19,17.6,0.3252,5847.66,0,0,0,1,0.1201,0
AUC_1067,2966827346,26,0,62,0.0,62.0,1998396,2351960,1000,60,19,126,1,0.0079,565.36,32.33,18.32,0.4653,4165.78,0,0,0,0,0.2856,0
AUC_1339,1111447175,35,9,205,0.2571,22.7778,1591332,1682751,5000,60,13,129,3,0.0233,257.49,34.98,2.54,0.2382,6966.67,0,0,1,1,0.0536,0
AUC_1379,1884771069,42,14,376,0.3333,26.8571,1037957,1156783,10000,120,14,220,2,0.0091,1165.61,70.97,39.95,0.2095,27337.61,0,0,0,0,0.1372,1
AUC_1128,1709462109,49,4,858,0.0816,214.5,1166306,1400340,2000,120,5,37,28,0.7568,81.73,20.34,0.4,0.6834,3892.74,0,0,1,0,0.948,1
AUC_1165,1036302425,25,11,254,0.44,23.0909,441980,483047,20000,240,9,139,13,0.0935,263.81,136.3,45.5,0.2723,50661.29,0,0,0,1,0.1145,0
AUC_1390,1824066880,20,10,167,0.5,16.7,1291763,1577098,2000,240,22,74,8,0.1081,370.82,72.62,91.22,0.4686,4707.59,0,0,0,1,0.0926,0
AUC_1161,2661206504,51,25,136,0.4902,5.44,247105,263700,5000,90,5,39,6,0.1538,260.89,47.63,2.43,0.164,6730.18,0,0,1,1,0.0891,0
AUC_1136,1602293048,32,7,144,0.2188,20.5714,844214,882571,10000,60,24,153,1,0.0065,480.34,27.48,41.73,0.3029,33968.98,0,0,0,0,0.156,0
AUC_1209,1411559851,54,26,547,0.4815,21.0385,567860,699789,1000,90,24,222,11,0.0495,496.02,8.21,14.6,0.3943,2793.28,0,1,0,0,0.077,1
AUC_1206,2042831400,37,1,548,0.027,548.0,958469,1169332,2000,90,6,47,39,0.8298,16.63,10.86,2.99,0.9753,3560.69,1,0,1,0,0.99,1
AUC_1252,1172148983,31,0,251,0.0,251.0,660484,756377,1000,60,15,152,19,0.125,9.75,11.61,5.37,0.7709,2039.15,1,0,1,1,0.8331,0
AUC_1074,2968800045,84,21,711,0.25,33.8571,1174971,1260221,1000,90,22,150,10,0.0667,147.04,58.26,0.75,0.3279,2563.57,0,0,1,0,0.1266,0
AUC_1261,1879832055,70,1,1261,0.0143,1261.0,1012137,1386294,10000,90,3,41,25,0.6098,16.15,16.67,7.65,0.9579,13046.73,1,0,1,0,0.9294,1
AUC_1206,2927396296,82,3,1053,0.0366,351.0,1147966,1382519,20000,120,15,109,20,0.1835,33.78,0.63,2.23,0.6272,34779.43,1,1,1,0,0.7619,1
AUC_1148,1592168820,28,5,247,0.1786,49.4,1535378,1872997,2000,120,23,197,11,0.0558,228.59,0.69,9.21,0.4598,6011.21,0,1,1,1,0.245,0
AUC_1275,1273041924,76,38,294,0.5,7.7368,567634,670299,2000,240,15,99,2,0.0202,162.55,114.96,39.29,0.2059,2985.61,0,0,0,0,0.01,0
AUC_1032,2220099582,77,3,2543,0.039,847.6667,1900038,2353403,5000,240,15,63,15,0.2381,45.55,58.78,16.96,0.9786,5939.73,0,0,1,0,0.7928,1
AUC_1109,2928690160,18,3,108,0.1667,36.0,1614574,1933153,20000,120,8,73,7,0.0959,180.7,41.86,27.76,0.3793,55702.13,0,0,0,0,0.0935,1
AUC_1316,1996708830,124,2,2713,0.0161,1356.5,722242,859486,10000,90,19,295,24,0.0814,24.24,18.35,7.49,0.8169,16673.21,1,0,1,0,0.8104,1
AUC_1181,2700608951,35,17,399,0.4857,23.4706,1657669,1791763,10000,120,18,110,16,0.1455,413.68,71.94,45.17,0.614,17123.12,0,0,0,0,0.1276,1
AUC_1279,1419921930,136,11,3085,0.0809,280.4545,543271,652057,20000,240,14,112,31,0.2768,56.88,43.49,18.79,0.8193,38393.83,1,0,1,0,0.9441,1
AUC_1275,1672629165,73,23,1005,0.3151,43.6957,1195902,1274381,5000,30,9,90,14,0.1556,128.91,2.19,11.65,0.497,11943.77,0,1,0,1,0.3287,0
AUC_1232,1464328173,44,2,375,0.0455,187.5,279238,312704,1000,120,20,117,29,0.2479,28.12,20.88,0.14,0.6779,1829.45,1,0,1,0,0.9586,1
AUC_1309,2111254263,34,11,215,0.3235,19.5455,1218089,1320989,5000,30,18,113,16,0.1416,171.87,17.61,1.46,0.2715,13289.39,0,0,1,1,0.0726,0
AUC_1115,1499170515,24,1,620,0.0417,620.0,614172,802384,1000,90,6,75,26,0.3467,9.72,15.95,0.35,0.6374,1040.46,1,0,1,0,0.99,1
AUC_1005,1415889026,28,5,219,0.1786,43.8,1969233,2222278,5000,90,8,123,2,0.0163,940.56,62.05,57.7,0.1364,16768.36,0,0,0,0,0.1146,0
AUC_1118,2902627450,21,1,197,0.0476,197.0,1768889,2194428,20000,120,15,146,5,0.0342,1106.24,40.3,78.96,0.4764,73661.59,0,0,0,0,0.2022,0
AUC_1163,2057024689,18,5,146,0.2778,29.2,1274145,1567094,20000,180,10,65,6,0.0923,421.58,100.85,51.29,0.5222,70556.67,0,0,0,0,0.1534,0
AUC_1058,2379253123,42,0,1362,0.0,1362.0,1264858,1477596,1000,180,13,66,30,0.4545,117.01,6.54,19.76,0.8358,1694.94,0,1,1,0,0.8357,1
AUC_1283,1718029934,41,0,132,0.0,132.0,1669051,2076766,5000,120,24,323,5,0.0155,233.13,103.06,8.83,0.5897,7326.45,0,0,1,0,0.335,0
AUC_1158,2533389226,44,3,1020,0.0682,340.0,1582873,1912038,5000,120,17,37,18,0.4865,21.45,26.44,2.67,0.8703,6915.0,1,0,1,0,0.9893,1
AUC_1001,2856487809,31,1,348,0.0323,348.0,1743037,2007747,1000,90,15,193,26,0.1347,66.07,9.61,9.27,0.6705,1959.16,1,1,1,0,0.7529,1
AUC_1222,1060321704,44,6,387,0.1364,64.5,581122,605419,10000,120,13,185,1,0.0054,639.17,5.75,74.08,0.3013,16749.99,0,1,0,0,0.1165,0
AUC_1207,1626731449,80,4,905,0.05,226.25,651232,704814,5000,90,15,227,20,0.0881,52.98,22.63,4.36,0.875,7337.06,1,0,1,0,0.9066,1
AUC_1216,1509288272,22,3,218,0.1364,72.6667,1014178,1208873,1000,90,24,245,6,0.0245,1090.74,25.37,42.09,0.1044,2894.31,0,0,0,1,0.2166,0
AUC_1234,1921095462,28,1,189,0.0357,189.0,430256,519027,10000,60,13,179,7,0.0391,669.02,49.57,21.57,0.3373,31275.73,0,0,0,0,0.1865,0
AUC_1377,1281316048,11,3,49,0.2727,16.3333,1278942,1577332,10000,90,5,66,7,0.1061,893.09,1.41,23.9,0.4994,24324.02,0,1,0,0,0.0676,0
AUC_1041,2050029931,86,39,533,0.4535,13.6667,127949,142119,1000,120,17,58,9,0.1552,387.39,35.54,34.64,0.3505,2650.45,0,0,0,0,0.1031,0
AUC_1211,2417668717,71,17,471,0.2394,27.7059,409449,493922,10000,120,19,183,12,0.0656,395.96,75.26,14.2,0.3585,17332.49,0,0,1,1,0.0932,0
AUC_1315,2111249620,63,19,455,0.3016,23.9474,1330418,1568422,1000,120,15,167,10,0.0599,147.3,67.03,8.96,0.4526,2020.81,0,0,1,0,0.2013,0
AUC_1237,2349765499,129,2,2070,0.0155,1035.0,1388581,1716154,20000,60,18,67,38,0.5672,66.24,9.62,7.23,0.7248,30618.0,1,0,0,0,0.9308,1
AUC_1220,2896799324,55,3,803,0.0545,267.6667,528971,635801,10000,120,3,52,21,0.4038,17.2,22.01,4.46,0.644,12380.6,1,0,1,0,0.927,1
AUC_1155,1262341495,126,4,1251,0.0317,312.75,1484206,2058559,5000,240,6,46,35,0.7609,8.83,15.02,3.68,0.7027,6527.99,1,1,1,0,0.99,1
AUC_1188,1809093522,51,5,893,0.098,178.6,1887883,2363858,2000,180,18,131,17,0.1298,68.55,3.57,3.99,0.9437,2630.15,0,1,1,0,0.6714,1
AUC_1242,2534452863,112,1,2092,0.0089,2092.0,286262,340764,1000,90,12,46,20,0.4348,86.55,29.89,8.36,0.8988,1367.31,0,0,1,0,0.7961,1
AUC_1348,2094286348,21,10,58,0.4762,5.8,571427,601798,20000,60,18,144,7,0.0486,293.35,27.94,0.26,0.4847,28818.47,0,0,1,1,0.1538,1
AUC_1354,1671467925,75,3,714,0.04,238.0,978851,1219280,2000,120,8,130,18,0.1385,26.27,27.95,6.54,0.8334,3143.54,1,0,1,0,0.7277,1
AUC_1332,1601239215,98,48,1113,0.4898,23.1875,1750089,1831164,1000,240,19,204,11,0.0539,127.94,6.46,17.12,0.2526,2525.87,0,1,1,0,0.1281,0
AUC_1214,2385788691,24,8,96,0.3333,12.0,862279,991498,5000,90,24,238,9,0.0378,363.9,81.09,6.91,0.1501,9068.37,0,0,1,0,0.0662,1
AUC_1397,1845793991,32,1,92,0.0312,92.0,1686218,1753143,10000,90,18,159,2,0.0126,148.4,68.46,19.29,0.3747,43341.78,0,0,0,0,0.2572,0
AUC_1257,2595770831,29,2,322,0.069,161.0,758150,925047,2000,120,11,118,26,0.2203,6.11,28.91,7.7,0.8472,2388.2,1,0,1,0,0.8366,1
AUC_1189,1650315146,22,7,165,0.3182,23.5714,76413,83662,20000,90,23,113,4,0.0354,359.28,1.01,56.16,0.4064,58039.75,0,1,0,0,0.2091,0
AUC_1071,2521934185,21,3,82,0.1429,27.3333,607804,691696,1000,90,16,204,5,0.0245,69.01,38.45,5.0,0.4581,1583.64,0,0,1,0,0.2797,0
AUC_1073,2391226977,88,24,715,0.2727,29.7917,647579,786450,10000,240,10,163,5,0.0307,271.06,121.51,9.88,0.6646,21534.53,0,0,1,0,0.2541,0
AUC_1244,1892582615,24,2,134,0.0833,67.0,378846,435108,10000,120,20,145,7,0.0483,671.23,37.96,57.09,0.5234,15649.3,0,0,0,0,0.2849,0
AUC_1284,1572335888,40,19,246,0.475,12.9474,685202,829349,10000,60,8,59,3,0.0508,61.79,27.55,9.55,0.376,23430.06,0,0,0,0,0.1017,0
AUC_1277,2698227195,38,15,173,0.3947,11.5333,891809,1051637,1000,60,15,216,4,0.0185,324.68,24.93,1.1,0.2276,2384.16,0,0,1,1,0.0787,0
AUC_1077,2916991656,4,0,13,0.0,13.0,1892525,2059479,1000,90,6,36,5,0.1389,893.08,37.52,43.26,0.4307,1495.16,0,0,0,0,0.2466,0
AUC_1193,2409940267,67,8,450,0.1194,56.25,655496,811141,20000,120,12,122,11,0.0902,400.44,82.45,13.88,0.3842,22346.67,0,0,1,0,0.1058,0
AUC_1087,2865449065,55,8,466,0.1455,58.25,1925313,2463835,1000,120,11,71,17,0.2394,268.92,27.91,37.57,0.3263,1187.23,0,0,0,0,0.3968,1
AUC_1150,2480388940,62,13,464,0.2097,35.6923,1161997,1433631,20000,90,19,287,4,0.0139,224.0,38.5,2.52,0.6819,39769.43,0,0,1,0,0.2875,0
AUC_1358,2446499369,66,4,548,0.0606,137.0,1963319,2014241,1000,120,16,127,5,0.0394,247.73,77.84,20.89,0.5206,2464.09,0,0,0,0,0.2662,1
AUC_1013,2832525035,59,29,373,0.4915,12.8621,74294,78386,5000,60,14,78,6,0.0769,341.95,30.48,5.21,0.5552,6522.15,0,0,1,0,0.1757,1
AUC_1379,1167393687,24,7,193,0.2917,27.5714,1265620,1324453,5000,120,19,267,2,0.0075,557.92,50.41,64.43,0.2352,15824.41,0,0,0,0,0.0252,0
AUC_1217,2229990116,33,4,210,0.1212,52.5,529562,566717,2000,180,18,126,2,0.0159,1108.96,148.4,72.94,0.5498,2612.87,0,0,0,1,0.1949,0
AUC_1315,2723002851,90,21,1130,0.2333,53.8095,655684,801979,20000,30,9,113,16,0.1416,134.85,6.99,6.07,0.4838,69156.68,0,0,0,0,0.2087,1
AUC_1275,2554134651,13,0,288,0.0,288.0,238115,281781,5000,180,10,124,17,0.1371,20.36,44.98,15.02,0.926,8141.93,0,0,1,0,0.7581,0
AUC_1099,1243717994,111,26,909,0.2342,34.9615,809691,910974,1000,90,12,53,16,0.3019,411.9,15.59,30.37,0.2817,2731.22,0,0,0,0,0.1699,0
AUC_1380,2656426374,55,1,998,0.0182,998.0,1942243,2560552,1000,30,8,66,25,0.3788,41.58,7.64,3.71,0.8154,1039.15,1,0,0,0,0.8382,1
AUC_1104,1424621576,12,0,197,0.0,197.0,81359,98554,1000,90,22,92,17,0.1848,30.31,9.1,4.89,0.7819,1194.78,0,1,1,0,0.8744,0
AUC_1206,2095638394,113,33,1333,0.292,40.3939,904178,1212326,5000,180,5,23,13,0.5652,480.19,22.85,17.08,0.3888,11470.31,0,0,1,1,0.3939,0
AUC_1043,1832682318,8,0,69,0.0,69.0,799502,884449,10000,240,9,27,6,0.2222,766.73,12.03,108.37,0.2808,13077.79,0,1,0,1,0.2283,0
AUC_1044,2813816004,42,3,305,0.0714,101.6667,154686,160606,5000,90,20,67,10,0.1493,310.96,46.08,7.49,0.4447,9189.74,0,0,1,0,0.3049,0
AUC_1374,1241107747,77,4,1646,0.0519,411.5,641313,774180,2000,90,11,89,32,0.3596,89.81,20.99,3.73,0.6921,2986.25,0,0,1,0,0.8366,1
AUC_1376,2644864407,30,1,233,0.0333,233.0,1577510,1872615,2000,240,15,150,7,0.0467,106.48,140.95,0.08,0.391,5756.6,0,0,1,1,0.2568,0
AUC_1288,1628754167,35,1,581,0.0286,581.0,782196,913203,10000,180,23,365,19,0.0521,108.1,52.84,4.33,0.8724,13928.71,0,0,1,0,0.627,1
AUC_1063,1248222942,122,4,3462,0.0328,865.5,1099449,1236474,5000,180,14,181,18,0.0994,63.75,23.15,15.5,0.7797,5512.37,1,0,1,1,0.7826,1
AUC_1293,1593082761,71,2,1437,0.0282,718.5,1001290,1204008,20000,120,7,57,24,0.4211,6.67,15.5,2.88,0.5919,36142.37,1,0,1,1,0.8242,1
AUC_1334,2698416134,124,5,2579,0.0403,515.8,1249304,1470125,2000,180,20,64,32,0.5,69.66,12.52,0.53,0.6366,3314.41,1,1,1,0,0.9876,1
AUC_1039,2125511993,92,1,1023,0.0109,1023.0,84667,94641,2000,120,9,132,24,0.1818,17.34,8.52,5.94,0.7755,2911.11,1,1,1,0,0.99,1
AUC_1227,2954818466,13,6,109,0.4615,18.1667,1668248,2115651,5000,120,10,42,6,0.1429,137.38,107.85,21.08,0.3837,7471.83,0,0,0,0,0.0661,0
AUC_1375,1178990535,34,3,796,0.0882,265.3333,193415,247020,1000,90,10,26,19,0.7308,53.15,10.5,0.54,0.8571,1565.86,1,1,1,0,0.967,1
AUC_1395,2543277622,79,33,1103,0.4177,33.4242,134411,148394,2000,30,21,115,17,0.1478,112.87,1.98,11.06,0.372,4769.94,0,1,0,1,0.2227,0
AUC_1270,2618688715,81,31,645,0.3827,20.8065,664341,783512,5000,240,6,53,3,0.0566,257.0,89.7,4.25,0.4951,7748.76,0,0,1,0,0.01,0
AUC_1007,2398040115,97,1,1810,0.0103,1810.0,658552,789745,5000,90,14,147,25,0.1701,8.9,8.37,3.8,0.5715,10690.84,1,1,1,1,0.9191,1
AUC_1137,1281554752,25,7,147,0.28,21.0,1750686,2090204,10000,60,4,33,8,0.2424,474.3,2.27,22.57,0.309,24175.42,0,1,0,0,0.2344,0
AUC_1025,2293296686,111,4,1973,0.036,493.25,645333,782428,1000,120,3,43,36,0.8372,114.64,19.64,16.71,0.6626,1029.51,0,0,0,0,0.8026,1
AUC_1335,2182234493,3,0,29,0.0,29.0,1714776,1949521,5000,60,17,289,5,0.0173,984.9,19.95,22.7,0.2335,8024.89,0,0,0,1,0.1897,0
AUC_1053,2022183457,40,3,683,0.075,227.6667,498333,615373,2000,120,23,71,33,0.4648,71.74,2.76,4.55,0.7134,2916.75,0,1,1,0,0.9363,1
AUC_1222,2520553504,30,6,224,0.2,37.3333,1547012,1789413,5000,90,24,130,8,0.0615,135.17,50.24,11.12,0.4808,12925.86,0,0,0,0,0.1108,0
AUC_1369,1855452270,29,4,212,0.1379,53.0,1988939,2231330,5000,180,20,297,4,0.0135,784.6,122.47,62.33,0.2846,12900.37,0,0,0,0,0.1067,0
AUC_1284,1476754214,45,19,228,0.4222,12.0,267992,298357,20000,90,6,96,13,0.1354,179.71,7.74,19.34,0.2882,38039.23,0,1,0,1,0.01,0
AUC_1349,2700815799,57,25,119,0.4386,4.76,1406863,1449270,20000,180,18,54,4,0.0741,131.77,133.02,10.88,0.4372,46437.48,0,0,1,1,0.0878,0
AUC_1371,2759666029,38,7,372,0.1842,53.1429,1858891,2168398,2000,120,6,28,8,0.2857,368.81,47.68,22.2,0.3829,6086.4,0,0,0,0,0.2059,0
AUC_1218,1372770666,2,1,15,0.5,15.0,1281480,1549292,10000,180,13,89,6,0.0674,1023.16,152.76,42.51,0.3869,16410.58,0,0,0,1,0.01,0
AUC_1026,2188775345,45,11,341,0.2444,31.0,1503984,1560940,1000,240,3,39,11,0.2821,243.74,43.39,92.72,0.2763,2664.41,0,0,0,0,0.0631,0
AUC_1151,1857304284,29,8,161,0.2759,20.125,564083,714356,5000,60,6,30,5,0.1667,621.27,38.16,31.14,0.3183,7639.82,0,0,0,0,0.0632,0
AUC_1223,2477104323,26,4,116,0.1538,29.0,1910355,2160856,5000,120,21,177,3,0.0169,612.8,5.96,28.83,0.5164,21484.14,0,1,0,0,0.2197,0
AUC_1308,1390862123,40,1,175,0.025,175.0,1120213,1209419,5000,60,20,191,1,0.0052,708.63,14.63,28.13,0.3803,10733.96,0,0,0,0,0.2459,0
AUC_1399,1412763806,74,3,1034,0.0405,344.6667,521880,621509,5000,120,14,36,22,0.6111,102.06,36.41,8.39,0.8805,7418.43,0,0,1,0,0.8406,0
AUC_1009,2906885101,2,0,6,0.0,6.0,52125,56220,1000,60,23,279,5,0.0179,936.19,39.18,40.25,0.1441,1527.7,0,0,0,1,0.0867,0
AUC_1275,1468767341,48,0,392,0.0,392.0,182556,218607,2000,60,20,288,35,0.1215,26.51,1.94,1.34,0.9264,3449.17,1,1,1,0,0.99,1
AUC_1278,1259885664,23,1,496,0.0435,496.0,1970935,2284579,10000,180,13,81,24,0.2963,77.71,43.44,17.81,0.9424,17516.92,0,0,1,0,0.8753,0
AUC_1179,1389124547,22,2,162,0.0909,81.0,623216,703870,10000,180,23,292,5,0.0171,935.99,33.82,28.96,0.3353,32827.09,0,0,0,0,0.2006,0
AUC_1329,2937303687,3,1,15,0.3333,15.0,1294832,1526782,20000,120,10,149,5,0.0336,1169.17,63.19,52.14,0.4478,76091.94,0,0,0,0,0.0974,0
AUC_1141,1872545224,81,0,1572,0.0,1572.0,1332994,1559495,5000,90,17,180,10,0.0556,38.35,19.91,6.23,0.8551,9038.2,0,0,1,0,0.6376,1
AUC_1381,2079876918,13,0,38,0.0,38.0,1218997,1326053,2000,120,5,68,6,0.0882,432.79,81.09,7.54,0.254,4471.25,0,0,1,0,0.1573,0
AUC_1206,1541562732,51,6,180,0.1176,30.0,1163867,1486196,20000,180,4,39,11,0.2821,185.93,97.31,9.96,0.3709,53072.54,0,0,1,0,0.3564,1
AUC_1381,1678815798,11,3,81,0.2727,27.0,1832568,2149253,20000,60,14,86,3,0.0349,138.24,23.88,8.13,0.2567,57105.83,0,0,0,0,0.044,0
AUC_1311,1952256430,37,14,171,0.3784,12.2143,1282419,1477430,20000,90,24,339,6,0.0177,300.41,36.06,33.06,0.5739,52323.72,0,0,0,1,0.1146,0
AUC_1110,1597297070,20,2,76,0.1,38.0,1957549,2331215,5000,120,14,171,15,0.0877,378.97,24.9,31.7,0.4333,14082.52,0,0,0,0,0.2584,1
AUC_1197,2958110764,16,2,69,0.125,34.5,1931903,2271625,10000,180,20,191,5,0.0262,720.69,94.35,39.12,0.3905,19066.74,0,0,0,0,0.1873,0
AUC_1238,1371236175,34,9,137,0.2647,15.2222,1628781,1999503,20000,120,3,46,1,0.0217,839.35,35.53,72.73,0.3204,44633.07,0,0,0,1,0.1435,0
AUC_1375,2056306255,113,37,1142,0.3274,30.8649,195588,222964,20000,30,20,177,10,0.0565,439.17,0.09,9.2,0.375,36393.34,0,1,0,1,0.194,0
AUC_1258,1946487456,35,10,206,0.2857,20.6,64952,66938,1000,30,16,177,9,0.0508,342.81,11.94,6.34,0.3413,3440.5,0,0,0,1,0.0445,0
AUC_1017,1122716894,31,6,188,0.1935,31.3333,1670366,2063066,20000,120,7,69,1,0.0145,652.17,79.1,42.67,0.3598,60245.73,0,0,0,0,0.0654,0
AUC_1315,1792441456,23,7,101,0.3043,14.4286,696055,816971,2000,90,23,147,5,0.034,340.66,62.81,59.54,0.4325,2674.45,0,0,0,0,0.0524,0
AUC_1015,2735524364,15,2,129,0.1333,64.5,175485,195503,2000,180,18,168,4,0.0238,957.22,79.23,94.63,0.3196,6429.36,0,0,0,0,0.2647,0
AUC_1151,2644619270,86,28,456,0.3256,16.2857,74148,79234,2000,90,4,39,7,0.1795,190.77,71.65,8.56,0.4767,3562.21,0,0,1,0,0.01,0
AUC_1182,2690716253,58,0,431,0.0,431.0,1139269,1371548,5000,120,8,47,14,0.2979,17.58,18.42,4.56,0.6778,6926.14,0,0,1,0,0.6959,1
AUC_1113,1512826951,40,7,105,0.175,15.0,1115839,1291072,2000,60,12,215,4,0.0186,1020.24,3.02,10.2,0.4693,5147.71,0,1,0,0,0.0887,1
AUC_1026,1469411577,13,4,104,0.3077,26.0,1226017,1393095,5000,120,19,184,6,0.0326,1006.9,38.77,22.33,0.5308,6847.92,0,0,0,0,0.1121,0
AUC_1102,2186581638,67,4,403,0.0597,100.75,1412129,1517482,2000,180,6,24,2,0.0833,155.11,105.33,21.2,0.6778,2317.52,0,0,1,0,0.2879,0
AUC_1327,2442499029,26,6,95,0.2308,15.8333,748096,879303,10000,180,17,193,9,0.0466,1179.89,55.77,81.87,0.2554,39205.41,0,0,0,0,0.1463,1
AUC_1049,1091010796,131,4,2550,0.0305,637.5,1105311,1194090,20000,180,13,109,32,0.2936,115.53,26.17,3.5,0.6918,34491.95,0,0,1,0,0.8484,1
AUC_1237,1106019624,17,4,83,0.2353,20.75,527363,564294,2000,60,22,208,1,0.0048,731.96,46.55,37.78,0.1092,8898.31,0,0,0,0,0.0228,0
AUC_1053,2020863782,94,4,1143,0.0426,285.75,1973490,2153604,5000,180,15,65,29,0.4462,93.78,37.34,26.32,0.7762,8512.3,0,0,0,0,0.8844,1
AUC_1107,1784372125,11,0,83,0.0,83.0,1578057,1743359,5000,30,15,213,5,0.0235,674.48,18.98,14.22,0.3406,9995.19,0,0,0,0,0.0994,1
AUC_1218,1180278028,18,1,88,0.0556,88.0,1797105,2226706,5000,30,15,165,6,0.0364,926.45,17.22,9.65,0.2444,16850.46,0,0,0,0,0.1618,0
AUC_1147,1751825805,40,6,430,0.15,71.6667,1082385,1312732,2000,120,16,147,9,0.0612,110.4,40.17,40.98,0.5948,6684.9,0,0,0,1,0.0941,0
AUC_1153,1102492199,40,8,93,0.2,11.625,1956785,2355180,2000,90,22,96,4,0.0417,268.59,60.16,18.66,0.3808,6056.97,0,0,0,1,0.2263,0
AUC_1096,1708686376,25,5,225,0.2,45.0,1074194,1243057,2000,60,18,98,12,0.1224,151.23,10.11,9.92,0.4404,6025.89,0,0,0,0,0.0458,0
AUC_1318,2700924837,96,0,3013,0.0,3013.0,1516946,1714013,1000,90,9,55,17,0.3091,62.32,28.29,10.71,0.8675,1641.45,0,0,1,0,0.8267,1
AUC_1019,1996712023,89,1,1551,0.0112,1551.0,1537866,1730470,5000,60,9,87,33,0.3793,63.11,20.98,5.42,0.9248,7815.57,1,0,1,0,0.8764,1
AUC_1118,2035855236,53,2,825,0.0377,412.5,1089959,1191558,5000,240,21,91,24,0.2637,10.91,29.32,7.1,0.8899,9508.5,1,0,1,1,0.9132,1
AUC_1130,2450227346,75,4,993,0.0533,248.25,1136574,1492491,5000,120,10,121,31,0.2562,21.32,13.93,8.5,0.6753,9096.55,1,1,1,0,0.832,1
AUC_1129,2392679946,65,9,490,0.1385,54.4444,846047,927386,2000,90,5,48,11,0.2292,110.0,44.29,11.53,0.5576,3434.76,0,0,0,0,0.3213,0
AUC_1375,1636302189,44,14,337,0.3182,24.0714,889241,955302,2000,180,7,25,1,0.04,1042.66,41.72,109.87,0.5082,8787.85,0,0,0,0,0.0495,0
AUC_1350,2741961422,12,1,45,0.0833,45.0,375384,391315,2000,120,6,101,6,0.0594,486.21,81.75,34.05,0.2944,7109.31,0,0,0,0,0.1953,0
AUC_1318,1413716149,20,2,102,0.1,51.0,1173618,1383934,1000,240,21,256,2,0.0078,255.64,162.26,52.03,0.3499,3112.53,0,0,0,1,0.2294,1
AUC_1160,1410708706,48,2,672,0.0417,336.0,1702653,2111435,5000,120,8,106,35,0.3302,87.14,14.79,14.4,0.762,9343.57,0,0,1,0,0.99,1
AUC_1019,2713147921,25,10,115,0.4,11.5,367230,414576,20000,60,8,130,7,0.0538,250.46,47.52,9.05,0.2048,22594.15,0,0,0,0,0.1263,0
AUC_1300,1104885381,15,0,38,0.0,38.0,1342349,1475860,5000,180,19,188,1,0.0053,165.92,110.16,40.35,0.4103,8479.91,0,0,0,1,0.2553,1
AUC_1368,1023351435,68,2,1750,0.0294,875.0,1912308,2223067,20000,180,19,238,20,0.084,47.79,8.59,18.28,0.7864,39445.5,1,1,1,0,0.745,1
AUC_1069,1601517581,30,2,98,0.0667,49.0,727703,809483,2000,180,12,188,1,0.0053,936.37,83.9,120.32,0.54,6554.86,0,0,0,1,0.2376,0
AUC_1076,2533131591,2,0,13,0.0,13.0,184274,225136,1000,120,24,176,1,0.0057,807.04,76.87,50.59,0.3397,4446.93,0,0,0,0,0.1018,0
AUC_1352,2674577722,54,11,407,0.2037,37.0,1377857,1503255,2000,60,18,98,9,0.0918,404.98,40.37,3.09,0.5824,3290.72,0,0,1,1,0.2606,0
AUC_1060,1519079087,122,5,2623,0.041,524.6,1635308,2054644,1000,240,7,75,26,0.3467,19.6,12.9,13.66,0.8917,1785.29,1,1,1,0,0.99,1
AUC_1131,2011533348,27,6,72,0.2222,12.0,133680,155397,5000,60,23,276,5,0.0181,918.63,26.33,25.53,0.3781,9072.19,0,0,0,0,0.1506,0
AUC_1284,2010387395,58,4,217,0.069,54.25,1465264,1637436,2000,120,5,89,9,0.1011,311.38,54.77,15.13,0.2219,2367.77,0,0,0,1,0.1506,0
AUC_1155,1204831423,83,2,1538,0.0241,769.0,1410051,1604715,20000,60,17,103,26,0.2524,19.29,13.97,2.8,0.8204,20872.4,1,0,1,0,0.954,1
AUC_1132,2846676176,6,0,20,0.0,20.0,1173745,1369055,10000,120,23,111,6,0.0541,1184.91,42.22,69.75,0.1184,36597.86,0,0,0,1,0.148,0
AUC_1264,1794141816,59,28,379,0.4746,13.5357,1067094,1283778,10000,180,10,156,5,0.0321,60.48,72.49,30.72,0.5421,18289.11,0,0,0,0,0.1022,0
AUC_1081,1110221432,43,4,353,0.093,88.25,1685111,1984033,10000,60,5,86,2,0.0233,456.7,8.36,23.47,0.4834,38936.92,0,0,0,0,0.1922,0
AUC_1000,2045121606,40,1,661,0.025,661.0,747398,849367,5000,240,11,38,25,0.6579,34.04,42.13,8.91,0.6142,7515.97,1,0,1,0,0.9028,1
AUC_1047,2493841081,118,35,873,0.2966,24.9429,1706282,1847483,2000,60,8,36,9,0.25,472.56,19.66,17.64,0.3876,5616.4,0,0,0,1,0.2203,0
AUC_1163,1834879556,76,6,745,0.0789,124.1667,1503299,1810274,2000,60,19,182,29,0.1593,28.53,9.8,5.18,0.8008,2324.07,1,0,1,0,0.8749,1
AUC_1268,1996888676,108,4,3202,0.037,800.5,796242,977055,5000,120,22,226,34,0.1504,52.87,19.68,1.33,0.6557,5591.09,1,0,1,0,0.9299,1
AUC_1369,1007081717,36,10,427,0.2778,42.7,379548,446353,2000,120,10,95,9,0.0947,475.91,16.48,28.58,0.3187,6087.52,0,0,0,1,0.0797,0
AUC_1394,2939019142,132,13,1321,0.0985,101.6154,522812,556098,20000,90,20,210,19,0.0905,74.65,9.22,1.56,0.7176,36436.18,0,1,1,0,0.5845,1
AUC_1380,2578350418,8,2,41,0.25,20.5,1124026,1237288,1000,120,10,31,1,0.0323,436.85,68.9,70.64,0.2897,3249.96,0,0,0,0,0.0218,0
AUC_1393,2009020934,82,36,489,0.439,13.5833,1532658,1796016,1000,240,19,50,3,0.06,164.2,104.69,4.98,0.2089,1227.9,0,0,1,0,0.1342,0
AUC_1016,1750058982,12,5,78,0.4167,15.6,749423,823224,1000,120,16,158,9,0.057,396.44,98.79,10.91,0.3695,2181.9,0,0,1,0,0.1048,0
AUC_1068,2917646766,91,18,445,0.1978,24.7222,1385510,1651777,5000,60,18,221,12,0.0543,345.84,22.47,14.2,0.6284,9673.66,0,0,0,1,0.1004,0
AUC_1303,1274094125,115,23,506,0.2,22.0,1724608,1869485,2000,180,20,312,7,0.0224,226.9,56.17,25.73,0.2767,4184.74,0,0,0,1,0.0644,0
AUC_1059,1622810381,8,0,21,0.0,21.0,978018,1200594,10000,120,11,123,8,0.065,924.32,65.14,37.82,0.4852,36044.57,0,0,0,1,0.1318,0
AUC_1191,2415090382,16,3,70,0.1875,23.3333,1833147,2128275,2000,60,13,42,4,0.0952,651.78,28.61,20.84,0.3967,3008.69,0,0,0,1,0.222,0
AUC_1331,2013773710,125,7,1274,0.056,182.0,1519565,1786110,1000,60,15,228,35,0.1535,51.47,5.33,5.95,0.6509,1914.47,1,1,1,0,0.9212,1
AUC_1230,2804183919,29,14,222,0.4828,15.8571,628237,661861,1000,60,23,149,9,0.0604,200.2,54.37,9.47,0.4232,1164.12,0,0,0,0,0.0746,0
AUC_1317,2168298095,36,2,151,0.0556,75.5,106335,123702,5000,60,15,114,5,0.0439,1053.25,5.83,27.19,0.455,21668.53,0,1,0,0,0.3087,0
AUC_1372,1917744439,79,32,720,0.4051,22.5,499974,581821,1000,60,13,132,11,0.0833,357.22,32.56,21.81,0.4385,2470.86,0,0,0,1,0.1022,0
AUC_1152,1491027919,104,20,712,0.1923,35.6,1949304,2058113,2000,90,23,352,9,0.0256,204.25,10.86,4.84,0.5769,4379.74,0,0,1,1,0.3067,0
AUC_1216,1173643839,98,14,431,0.1429,30.7857,1600870,1709146,1000,60,6,92,15,0.163,155.8,23.13,12.48,0.516,2580.75,0,0,0,0,0.1312,0
AUC_1223,2982838843,90,2,2025,0.0222,1012.5,1465925,1557260,1000,90,17,268,23,0.0858,25.87,1.64,7.03,0.6454,1895.03,1,1,1,0,0.7817,1
AUC_1038,1831664785,125,1,1339,0.008,1339.0,167895,178928,5000,30,14,214,25,0.1168,19.03,1.25,2.12,0.6089,9965.37,1,1,1,0,0.7887,1
AUC_1224,2839787463,19,6,133,0.3158,22.1667,1834332,2058463,2000,60,9,122,5,0.041,850.46,43.31,37.5,0.3492,7703.5,0,0,0,0,0.1874,0
AUC_1300,1906242393,91,34,1029,0.3736,30.2647,1727679,1984860,5000,90,22,307,14,0.0456,260.87,8.34,17.43,0.3988,11558.32,0,1,0,1,0.1842,0
AUC_1133,2208449841,85,23,1127,0.2706,49.0,1203476,1606294,1000,60,9,24,11,0.4583,374.11,1.53,10.07,0.6209,3392.4,0,1,0,1,0.3009,1
AUC_1252,1630399164,32,4,120,0.125,30.0,1388275,1818482,10000,180,3,16,6,0.375,1091.73,110.96,116.25,0.4801,29586.74,0,0,0,0,0.1739,0
AUC_1138,2191237936,34,2,314,0.0588,157.0,1483581,1843470,1000,60,15,103,9,0.0874,363.39,49.62,37.88,0.1072,3422.69,0,0,0,0,0.3114,1
AUC_1033,2922534019,61,16,265,0.2623,16.5625,1809318,2206365,20000,180,10,123,7,0.0569,487.58,23.67,56.46,0.5281,68800.5,0,0,0,1,0.0903,0
AUC_1351,1364492141,44,3,494,0.0682,164.6667,972058,1223956,5000,120,4,17,11,0.6471,16.02,30.42,5.24,0.5919,8874.57,0,0,1,0,0.8096,1
AUC_1341,1541407381,19,1,265,0.0526,265.0,1362159,1658089,10000,180,24,79,12,0.1519,32.1,24.0,3.26,0.666,17466.53,0,0,1,0,0.8491,1
AUC_1149,2162094329,33,0,598,0.0,598.0,582174,670946,5000,90,14,248,15,0.0605,104.51,7.88,2.34,0.7854,5673.42,0,1,1,0,0.6658,0
AUC_1331,1623694361,107,37,1165,0.3458,31.4865,432655,495986,5000,90,3,22,8,0.3636,426.66,5.71,9.61,0.4868,16628.94,0,1,1,0,0.3126,0
AUC_1293,1005539525,15,5,33,0.3333,6.6,387576,408472,5000,90,8,54,9,0.1667,689.65,23.62,42.88,0.5491,9310.75,0,0,0,1,0.0882,0
AUC_1319,2648425060,82,19,344,0.2317,18.1053,1341045,1579693,1000,30,5,33,16,0.4848,238.06,0.87,2.75,0.4305,2552.96,0,1,1,1,0.2135,0
AUC_1173,1616961919,35,4,70,0.1143,17.5,1006401,1182161,10000,60,9,23,3,0.1304,549.7,29.7,25.2,0.2928,21411.03,0,0,0,0,0.2489,0
AUC_1135,2391777668,31,3,250,0.0968,83.3333,201964,247704,10000,120,12,42,6,0.1429,203.65,7.74,79.73,0.3894,23123.12,0,1,0,0,0.2343,0
AUC_1322,1358793422,5,0,23,0.0,23.0,1542249,1912462,20000,240,5,78,9,0.1154,844.0,95.45,137.65,0.4683,66889.22,0,0,0,0,0.2245,0
AUC_1100,1224777424,26,12,249,0.4615,20.75,1295923,1343028,1000,120,20,113,16,0.1416,135.54,49.32,34.63,0.201,3341.19,0,0,0,0,0.01,0
AUC_1186,2427265507,55,4,591,0.0727,147.75,1965843,2239479,5000,90,17,239,17,0.0711,18.24,7.04,5.26,0.6791,9224.77,0,1,1,0,0.7145,0
AUC_1200,1193572839,56,8,192,0.1429,24.0,1452082,1634489,5000,180,9,140,14,0.1,258.58,21.76,14.48,0.325,14658.42,0,0,1,0,0.2504,0
AUC_1247,2296794952,22,10,197,0.4545,19.7,1422546,1588545,20000,180,22,293,8,0.0273,359.49,76.11,4.56,0.2003,44199.18,0,0,1,1,0.1029,0
AUC_1228,1241333122,31,4,216,0.129,54.0,1271808,1507811,10000,240,14,50,12,0.24,64.5,0.56,21.06,0.5431,30873.87,0,1,1,0,0.4006,1
AUC_1339,2933404888,136,1,3558,0.0074,3558.0,595094,771154,5000,180,19,112,28,0.25,28.47,44.65,14.39,0.638,8216.36,1,0,1,0,0.7833,1
AUC_1206,2509942422,27,3,199,0.1111,66.3333,1485346,1558351,2000,60,18,237,9,0.038,316.64,55.01,2.95,0.2642,5352.24,0,0,1,0,0.2121,0
AUC_1264,1988138641,34,0,391,0.0,391.0,1010106,1134496,10000,180,16,119,16,0.1345,20.45,23.02,7.61,0.8938,18732.21,0,0,1,0,0.7473,0
AUC_1324,1473606010,33,6,81,0.1818,13.5,1491223,1666870,1000,90,15,169,6,0.0355,78.36,84.15,13.01,0.3769,1057.69,0,0,0,1,0.1464,0
AUC_1016,2546971274,108,16,1406,0.1481,87.875,882491,1098341,20000,240,19,278,7,0.0252,353.81,55.81,59.42,0.3032,51251.47,0,0,0,0,0.1125,0
AUC_1094,2017757743,117,40,454,0.3419,11.35,1154094,1278612,5000,90,12,44,8,0.1818,198.58,28.04,22.29,0.6162,14147.2,0,0,0,0,0.1716,0
AUC_1087,2479636251,9,0,54,0.0,54.0,369982,403395,10000,180,24,207,1,0.0048,689.61,94.38,116.69,0.4125,21939.59,0,0,0,0,0.2689,0
AUC_1237,1172225313,47,11,439,0.234,39.9091,436729,481108,1000,90,9,104,16,0.1538,141.57,49.51,8.39,0.5049,1919.71,0,0,1,1,0.2231,0
AUC_1202,1082806812,41,1,806,0.0244,806.0,151350,181565,2000,60,20,302,14,0.0464,36.74,17.88,4.4,0.729,3246.24,0,0,1,0,0.8194,1
AUC_1354,1668649190,22,0,465,0.0,465.0,484008,544655,5000,240,17,163,15,0.092,11.77,65.45,17.09,0.6753,9550.96,0,0,1,0,0.7816,1
AUC_1276,1375493910,64,9,245,0.1406,27.2222,1310817,1642261,5000,180,15,164,11,0.0671,473.06,21.61,44.15,0.4424,8577.02,0,0,0,1,0.1053,0
AUC_1326,1675800135,9,2,22,0.2222,11.0,229108,257496,20000,120,11,54,1,0.0185,998.08,42.68,18.66,0.4033,56804.59,0,0,0,1,0.01,0
AUC_1249,1399808758,49,10,444,0.2041,44.4,667797,706187,5000,120,22,199,9,0.0452,479.79,2.37,19.89,0.5682,16939.12,0,1,0,1,0.2314,1
AUC_1079,2494888797,84,23,456,0.2738,19.8261,898981,1011761,2000,120,23,255,7,0.0275,272.25,113.1,9.65,0.4534,5503.92,0,0,1,1,0.1851,0
AUC_1030,1279745432,2,0,6,0.0,6.0,1586887,1875133,5000,30,19,297,2,0.0067,1128.03,6.22,6.52,0.2007,7604.3,0,0,0,1,0.1704,0
AUC_1019,1898018151,10,3,31,0.3,10.3333,89861,113525,5000,240,3,10,5,0.5,964.5,16.27,148.18,0.4773,21388.21,0,1,0,0,0.3066,1
AUC_1316,2221364277,85,0,1466,0.0,1466.0,431159,520866,5000,30,5,30,19,0.6333,13.43,4.95,0.48,0.7175,6476.54,1,0,1,0,0.8286,0
AUC_1030,2320806413,47,0,770,0.0,770.0,912465,1144592,5000,90,17,163,17,0.1043,14.21,4.51,6.93,0.8318,8752.49,0,1,1,0,0.801,0
AUC_1318,2771579141,58,0,1867,0.0,1867.0,965522,1086221,5000,30,15,264,17,0.0644,89.94,3.08,3.29,0.7639,7707.67,0,1,1,0,0.7426,1
AUC_1079,2170688920,105,35,882,0.3333,25.2,777031,877565,10000,240,21,176,10,0.0568,426.08,155.02,89.48,0.3796,21445.89,0,0,0,1,0.0953,0
AUC_1082,1394828031,13,1,104,0.0769,104.0,1922854,2118678,5000,90,22,166,25,0.1506,13.97,7.72,4.95,0.7327,7539.69,1,1,1,0,0.7802,1
AUC_1331,2972126470,8,2,64,0.25,32.0,1244090,1388757,10000,60,23,211,1,0.0047,904.83,35.88,16.88,0.3972,43898.91,0,0,0,0,0.0719,0
AUC_1002,2162927918,42,8,145,0.1905,18.125,203696,233994,2000,60,11,108,8,0.0741,179.9,6.4,16.85,0.5446,7656.04,0,1,0,0,0.2067,0
AUC_1279,1045225719,12,1,28,0.0833,28.0,248176,262035,10000,60,19,63,1,0.0159,1119.31,9.06,31.2,0.1337,27285.66,0,0,0,0,0.2509,0
AUC_1000,2709652967,46,18,590,0.3913,32.7778,1819211,2139630,20000,120,12,188,16,0.0851,113.62,8.34,44.43,0.488,63804.59,0,1,0,0,0.1927,0
AUC_1399,2259006697,23,5,101,0.2174,20.2,1066569,1210532,1000,180,23,232,7,0.0302,356.91,25.78,103.14,0.3718,2259.82,0,0,0,0,0.1527,0
AUC_1322,1771384840,111,3,1687,0.027,562.3333,615229,773585,2000,180,7,59,33,0.5593,21.4,9.55,14.02,0.7523,2321.15,1,1,1,0,0.99,1
AUC_1390,1899856272,34,7,72,0.2059,10.2857,976157,1099257,1000,240,10,131,5,0.0382,437.54,121.5,156.85,0.3262,2941.41,0,0,0,0,0.0853,0
AUC_1304,2857530361,30,7,72,0.2333,10.2857,1091768,1257621,5000,60,13,66,3,0.0455,1183.47,12.65,34.31,0.2276,22078.38,0,0,0,0,0.122,0
AUC_1061,1859946189,28,2,181,0.0714,90.5,510261,581653,20000,180,20,231,9,0.039,1049.16,0.14,54.18,0.2962,63105.19,0,1,0,1,0.2327,0
AUC_1057,1999753073,25,5,86,0.2,17.2,818409,1013437,2000,180,16,275,3,0.0109,1168.94,116.27,69.73,0.4814,8973.16,0,0,0,0,0.1061,0
AUC_1087,2309939347,49,2,867,0.0408,433.5,769571,906063,2000,30,19,218,30,0.1376,30.21,3.25,1.0,0.7827,3837.17,1,1,1,0,0.797,1
AUC_1376,1349575829,55,20,357,0.3636,17.85,71815,78955,1000,90,7,56,8,0.1429,456.81,20.92,18.64,0.3689,3267.72,0,0,0,1,0.0986,1
AUC_1240,2995201022,68,5,774,0.0735,154.8,568093,716497,1000,180,9,76,32,0.4211,50.33,8.51,4.55,0.968,1106.07,1,1,1,0,0.9562,1
AUC_1001,1263798555,14,4,33,0.2857,8.25,580113,669172,10000,240,20,99,8,0.0808,386.78,220.22,2.29,0.3475,24023.36,0,0,1,0,0.2569,0
AUC_1277,1401526062,27,0,870,0.0,870.0,758698,899275,1000,120,19,162,28,0.1728,23.82,19.58,23.33,0.823,1682.83,1,0,0,0,0.9081,1
AUC_1207,1501821494,43,10,349,0.2326,34.9,1812420,1984068,5000,90,13,132,5,0.0379,657.64,11.33,52.08,0.134,9963.42,0,0,0,0,0.0886,0
AUC_1166,2297251867,11,1,125,0.0909,125.0,1622762,1734503,1000,240,14,251,22,0.0876,17.5,8.33,12.28,0.6694,1925.82,1,1,1,0,0.7904,1
AUC_1008,1802158160,12,0,113,0.0,113.0,1087545,1211649,2000,30,14,240,7,0.0292,995.22,17.07,11.43,0.5383,3995.63,0,0,0,0,0.2918,0
AUC_1028,1681206597,91,22,656,0.2418,29.8182,413225,520868,10000,60,3,32,9,0.2812,238.07,0.0,8.13,0.6482,28404.93,0,1,0,0,0.3739,1
AUC_1107,1414519677,26,0,114,0.0,114.0,482058,564210,5000,90,16,170,8,0.0471,800.28,0.15,47.44,0.434,6444.4,0,1,0,0,0.4036,1
AUC_1038,2936534752,86,1,184,0.0116,184.0,1668294,1817622,10000,90,10,127,9,0.0709,194.5,75.18,11.05,0.6331,13717.51,0,0,0,1,0.2439,1
AUC_1313,1858198929,40,19,205,0.475,10.7895,471202,527821,20000,120,10,126,7,0.0556,237.35,113.05,14.19,0.2408,57441.7,0,0,1,0,0.01,0
AUC_1222,1580080012,36,3,154,0.0833,51.3333,1443721,1638602,1000,60,6,107,4,0.0374,421.38,48.41,10.59,0.1013,3947.32,0,0,0,0,0.1863,0
AUC_1302,2915498410,43,12,219,0.2791,18.25,1332536,1666494,1000,90,24,67,6,0.0896,1098.08,71.86,35.85,0.1089,1307.13,0,0,0,0,0.1791,1
AUC_1146,2443592645,13,3,39,0.2308,13.0,1699961,1931739,2000,60,20,116,9,0.0776,513.55,27.45,29.05,0.3466,5398.15,0,0,0,0,0.0917,0
AUC_1330,1267667746,41,1,813,0.0244,813.0,1036824,1230355,20000,180,10,161,34,0.2112,78.09,46.96,29.14,0.7239,23041.93,0,0,0,0,0.7106,0
AUC_1172,2040770435,16,2,56,0.125,28.0,452734,465328,5000,60,5,15,1,0.0667,1099.67,24.26,39.55,0.2087,12722.4,0,0,0,0,0.1085,0
AUC_1268,1457276935,88,16,1013,0.1818,63.3125,1221345,1527917,5000,30,21,202,13,0.0644,474.63,7.25,5.57,0.4958,8971.29,0,0,0,1,0.0928,0
AUC_1158,2707566323,53,13,345,0.2453,26.5385,468989,535201,5000,180,9,137,11,0.0803,275.32,11.46,60.88,0.2928,6180.36,0,1,0,1,0.1493,0
AUC_1273,2102332586,20,8,165,0.4,20.625,1246406,1295323,20000,120,17,225,13,0.0578,249.39,60.17,14.72,0.6311,24690.45,0,0,0,1,0.0846,0
AUC_1135,2221813325,53,0,154,0.0,154.0,126406,130420,10000,60,11,147,6,0.0408,407.65,56.96,1.58,0.613,10926.57,0,0,1,1,0.4412,0
AUC_1242,1312621037,41,8,280,0.1951,35.0,439047,521800,1000,90,16,147,9,0.0612,198.56,29.6,59.04,0.2965,2375.5,0,0,0,0,0.1916,0
AUC_1122,2825468637,33,3,92,0.0909,30.6667,801451,925050,5000,120,5,81,5,0.0617,425.73,69.15,7.9,0.456,13494.46,0,0,1,0,0.167,0
AUC_1127,2354487301,117,5,1532,0.0427,306.4,1325535,1600335,20000,120,24,347,35,0.1009,106.74,6.47,5.85,0.6948,24608.43,0,1,1,0,0.738,0
AUC_1393,2222961125,36,8,255,0.2222,31.875,523524,545796,1000,30,10,127,10,0.0787,194.43,11.15,2.94,0.225,1087.79,0,0,1,0,0.01,0
AUC_1064,1631769166,79,4,1004,0.0506,251.0,1955975,2244419,5000,180,23,398,17,0.0427,24.5,23.08,13.34,0.8687,5924.79,0,0,1,0,0.7953,1
AUC_1347,2048245636,142,3,4053,0.0211,1351.0,912950,1146352,5000,120,6,42,36,0.8571,96.17,32.46,8.81,0.9178,7087.1,0,0,1,0,0.99,1
AUC_1221,2337896805,30,15,173,0.5,11.5333,1124287,1202016,5000,60,6,50,7,0.14,427.73,33.06,4.96,0.5737,11571.03,0,0,1,0,0.1025,0
AUC_1196,2925728109,42,16,529,0.381,33.0625,343679,357984,5000,30,15,228,15,0.0658,399.18,16.43,9.63,0.2842,5028.38,0,0,0,0,0.0748,0
AUC_1117,1152230477,74,17,382,0.2297,22.4706,1653075,2013722,2000,120,9,58,6,0.1034,67.03,45.28,21.05,0.2177,2653.37,0,0,0,0,0.0482,0
AUC_1065,1776770067,45,2,1250,0.0444,625.0,611129,741400,20000,90,20,130,43,0.3308,40.63,18.72,10.58,0.8423,22324.76,1,0,1,0,0.9818,1
AUC_1060,1600652446,94,3,872,0.0319,290.6667,782698,930082,2000,180,24,350,26,0.0743,20.81,53.32,4.08,0.9143,2774.7,1,0,1,0,0.8703,1
AUC_1339,2777618473,22,1,104,0.0455,104.0,1399955,1567750,5000,120,4,24,9,0.375,894.09,73.81,18.19,0.482,6143.47,0,0,0,1,0.3365,1
AUC_1385,2574044092,11,3,99,0.2727,33.0,1537000,1682434,10000,240,16,67,8,0.1194,1014.51,182.22,103.67,0.465,24874.05,0,0,0,0,0.2476,0
AUC_1074,2790562456,15,3,50,0.2,16.6667,1717996,2125733,20000,60,8,110,2,0.0182,1178.06,14.89,17.05,0.1132,50502.55,0,0,0,1,0.1158,0
AUC_1271,2760635965,32,4,179,0.125,44.75,341641,398943,2000,240,7,98,17,0.1735,237.79,15.54,8.51,0.3153,3979.04,0,1,1,1,0.2058,0
AUC_1161,2185897748,116,45,886,0.3879,19.6889,124815,141691,1000,120,11,82,8,0.0976,177.66,7.55,36.06,0.4823,3049.12,0,1,0,1,0.0967,0
AUC_1377,2692408622,37,14,156,0.3784,11.1429,825320,868279,5000,180,22,109,9,0.0826,268.92,15.09,20.02,0.2284,17177.3,0,1,1,0,0.1581,1
AUC_1395,1068297410,75,29,628,0.3867,21.6552,1078396,1326495,10000,90,17,300,6,0.02,218.77,49.06,3.13,0.2128,33902.76,0,0,1,1,0.0815,0
AUC_1317,1025551942,45,7,407,0.1556,58.1429,1082966,1184840,2000,60,18,205,7,0.0341,381.05,21.18,23.12,0.3263,3303.81,0,0,0,0,0.1205,0
AUC_1215,2168927082,155,5,1689,0.0323,337.8,1089329,1273150,1000,240,6,57,14,0.2456,23.54,42.84,38.56,0.8814,1315.57,0,0,0,0,0.6866,0
AUC_1044,1163700400,35,4,225,0.1143,56.25,1246085,1309864,2000,60,18,95,7,0.0737,211.55,26.2,19.51,0.1838,3293.33,0,0,0,0,0.06,0
AUC_1027,1797575299,67,20,668,0.2985,33.4,1130910,1218111,5000,120,15,173,12,0.0694,155.59,31.93,2.79,0.2083,6811.54,0,0,1,1,0.1465,0
AUC_1256,1610451859,67,30,418,0.4478,13.9333,1523618,1619315,1000,120,20,226,9,0.0398,116.71,107.61,19.88,0.5017,1097.94,0,0,0,0,0.0974,0
AUC_1180,1276167439,73,11,537,0.1507,48.8182,426265,484093,5000,180,18,118,7,0.0593,194.39,135.62,17.02,0.4684,7982.99,0,0,1,0,0.2047,0
AUC_1263,2794545827,48,12,396,0.25,33.0,318057,395600,2000,120,19,201,15,0.0746,489.35,48.74,19.67,0.5823,2876.67,0,0,0,1,0.1575,0
AUC_1214,2467209815,85,3,2937,0.0353,979.0,215442,270356,2000,120,9,105,15,0.1429,51.7,28.11,2.37,0.9979,2115.45,0,0,1,0,0.6888,0
AUC_1124,2192138081,101,1,1237,0.0099,1237.0,165231,177015,5000,60,5,89,23,0.2584,34.17,6.62,3.82,0.9538,6302.75,1,1,1,0,0.99,1
AUC_1129,1218304603,9,2,39,0.2222,19.5,428338,508752,2000,180,15,46,3,0.0652,328.12,81.82,85.17,0.2963,5157.08,0,0,0,0,0.01,0
AUC_1300,2316200976,24,1,219,0.0417,219.0,1449971,1666951,20000,180,6,42,18,0.4286,40.28,39.03,17.79,0.9501,36772.69,1,0,1,0,0.8877,1
AUC_1212,1092484515,27,6,233,0.2222,38.8333,583811,681682,10000,60,7,38,3,0.0789,739.52,38.82,19.52,0.2825,29702.19,0,0,0,0,0.1883,0
AUC_1394,1493074567,12,2,100,0.1667,50.0,845189,1070530,20000,90,5,46,5,0.1087,380.39,34.47,36.4,0.2302,42751.75,0,0,0,0,0.1577,1
AUC_1274,1165675561,19,2,162,0.1053,81.0,1970637,2267395,5000,90,19,310,6,0.0194,465.23,5.94,50.78,0.3434,9460.6,0,1,0,0,0.1871,0
AUC_1393,2026486290,19,2,178,0.1053,89.0,1556583,1698334,10000,60,13,168,8,0.0476,989.4,10.83,27.33,0.1494,14995.27,0,0,0,1,0.1738,0
AUC_1180,2029927622,118,1,4045,0.0085,4045.0,780086,912135,20000,180,4,69,32,0.4638,14.89,6.78,16.01,0.9677,34137.61,1,1,1,0,0.99,1
AUC_1164,2861585244,13,0,103,0.0,103.0,1408768,1528002,20000,180,7,70,1,0.0143,458.34,36.89,28.54,0.4879,84460.25,0,0,0,0,0.2515,1
AUC_1112,2279670358,97,48,858,0.4948,17.875,925444,1035709,5000,120,10,98,10,0.102,441.39,72.06,15.54,0.5187,15731.32,0,0,0,0,0.084,0
AUC_1364,2252571516,57,1,1023,0.0175,1023.0,591909,748252,1000,30,11,155,44,0.2839,86.38,0.65,1.92,0.7749,1464.34,0,1,1,1,0.8965,1
AUC_1084,2945638778,125,9,2868,0.072,318.6667,1322796,1540747,5000,180,11,118,15,0.1271,23.73,17.69,15.83,0.9028,5505.0,0,1,1,0,0.7605,1
AUC_1261,1075094809,46,4,734,0.087,183.5,991489,1055721,2000,60,8,99,23,0.2323,37.53,4.89,1.71,0.6428,3722.57,1,1,1,0,0.9495,1
AUC_1283,1890519286,38,8,300,0.2105,37.5,1348763,1553964,2000,240,13,173,2,0.0116,425.97,140.71,149.38,0.1681,8893.1,0,0,0,0,0.0812,0
AUC_1192,1861553047,79,13,236,0.1646,18.1538,1631729,2006312,1000,180,14,162,8,0.0494,335.41,99.03,30.78,0.2596,1876.16,0,0,0,0,0.0627,0
AUC_1045,2041435411,40,10,103,0.25,10.3,1659381,1818604,10000,60,21,146,5,0.0342,195.42,49.83,6.91,0.2026,23540.06,0,0,1,0,0.1905,1
AUC_1220,1952682826,91,18,413,0.1978,22.9444,1313495,1472384,10000,60,20,156,12,0.0769,349.56,19.5,11.39,0.498,31146.82,0,0,0,0,0.1636,0
AUC_1377,2065627071,43,1,1034,0.0233,1034.0,1118981,1218525,2000,60,14,171,15,0.0877,105.24,18.0,9.67,0.894,2294.37,0,0,0,0,0.6698,1
AUC_1289,2251784807,15,0,32,0.0,32.0,1700704,1930883,1000,120,10,146,2,0.0137,423.75,56.32,10.12,0.1739,2589.24,0,0,1,0,0.1776,0
AUC_1014,2919277686,3,1,27,0.3333,27.0,596322,632311,10000,30,12,205,5,0.0244,507.6,18.21,16.78,0.3645,36802.98,0,0,0,0,0.0223,0
AUC_1356,2252784877,84,25,1037,0.2976,41.48,687556,728949,5000,240,10,124,15,0.121,420.74,96.47,19.36,0.3366,9218.86,0,0,1,0,0.0824,0
AUC_1229,1955655586,29,4,145,0.1379,36.25,1991985,2599406,1000,180,5,14,5,0.3571,561.14,107.08,114.25,0.5396,3961.25,0,0,0,1,0.1663,0
AUC_1270,2463945816,52,1,109,0.0192,109.0,1527051,1789427,10000,120,20,357,8,0.0224,69.32,60.12,4.76,0.4398,27106.25,0,0,1,0,0.3543,0
AUC_1105,1892581269,78,6,1389,0.0769,231.5,1462313,1917884,5000,60,7,30,13,0.4333,15.09,12.42,3.87,0.7712,10477.1,0,0,1,1,0.8881,1
AUC_1362,1484241596,19,0,194,0.0,194.0,787217,933692,1000,60,10,83,17,0.2048,28.43,0.2,2.62,0.5662,1284.43,0,1,1,0,0.6754,1
AUC_1229,1616099117,77,7,389,0.0909,55.5714,1926676,2052945,2000,90,6,70,11,0.1571,427.34,63.09,9.19,0.3953,3351.43,0,0,1,0,0.0856,0
AUC_1288,1715311790,34,4,229,0.1176,57.25,1692167,1954194,2000,120,15,117,2,0.0171,82.44,78.29,10.25,0.3609,5134.44,0,0,1,1,0.1641,1
AUC_1199,1169294435,33,6,206,0.1818,34.3333,667847,708447,2000,240,13,50,6,0.12,858.42,42.71,148.87,0.1862,5632.58,0,0,0,0,0.0834,0
AUC_1387,1618426189,69,5,985,0.0725,197.0,865668,981155,5000,180,12,61,20,0.3279,46.56,6.83,0.47,0.8337,9934.2,1,1,1,0,0.8495,1
AUC_1152,1641696822,36,9,138,0.25,15.3333,993691,1234540,10000,90,21,260,6,0.0231,376.48,7.27,44.75,0.129,30288.29,0,1,0,0,0.0211,0
AUC_1378,2115030913,34,0,503,0.0,503.0,721107,765354,10000,90,17,83,23,0.2771,29.5,8.87,7.12,0.952,19490.23,1,1,1,0,0.8574,1
AUC_1318,1358637848,2,0,10,0.0,10.0,1201952,1458234,10000,180,23,185,1,0.0054,340.6,135.89,60.32,0.169,44986.42,0,0,0,0,0.143,0
AUC_1095,2418907244,57,10,661,0.1754,66.1,978733,1191729,1000,60,3,29,7,0.2414,424.21,26.48,15.74,0.2777,2365.08,0,0,0,0,0.1449,0
AUC_1299,1486848507,5,0,27,0.0,27.0,1821460,2289336,5000,90,17,86,6,0.0698,666.06,35.38,40.67,0.2884,18992.66,0,0,0,0,0.1632,0
AUC_1221,1654235612,95,8,2664,0.0842,333.0,1127472,1245553,1000,60,19,125,19,0.152,75.01,11.37,6.96,0.6253,1287.44,0,0,1,1,0.7293,0
AUC_1359,2145818369,47,0,623,0.0,623.0,1171025,1404819,5000,30,11,106,19,0.1792,39.47,1.6,0.28,0.9003,8042.17,1,1,1,0,0.8699,1
AUC_1145,1834038811,138,4,3186,0.029,796.5,809044,905182,1000,90,24,228,38,0.1667,96.8,15.4,15.89,0.887,1273.39,0,0,0,0,0.7461,0
AUC_1186,2072190663,1,1,7,1.0,7.0,1098633,1219711,10000,180,14,33,1,0.0303,581.35,139.84,38.81,0.4173,21359.89,0,0,0,0,0.0233,0
AUC_1295,2346271843,116,28,837,0.2414,29.8929,1907497,2158732,20000,180,23,343,10,0.0292,279.7,93.67,69.64,0.2137,38016.67,0,0,0,1,0.2184,0
AUC_1138,1055847966,23,5,70,0.2174,14.0,939709,1167564,1000,120,8,129,5,0.0388,319.38,19.65,75.25,0.204,3029.32,0,0,0,0,0.0783,0
AUC_1280,1958962662,43,4,157,0.093,39.25,1308731,1398356,5000,180,16,142,11,0.0775,241.53,91.43,27.12,0.3161,7798.22,0,0,0,1,0.1276,1
AUC_1317,2375309597,68,10,747,0.1471,74.7,1967336,2413887,1000,30,11,157,15,0.0955,258.93,18.0,3.44,0.6425,3062.14,0,0,1,1,0.3029,1
AUC_1234,1989898077,12,1,27,0.0833,27.0,1144033,1237169,2000,180,3,53,6,0.1132,862.99,14.83,92.79,0.1161,4063.22,0,1,0,0,0.2834,0
AUC_1072,2867074800,23,0,266,0.0,266.0,300061,377747,5000,30,16,194,27,0.1392,89.93,8.64,4.22,0.805,7240.41,0,0,0,0,0.7134,0
AUC_1185,1131192677,127,12,1996,0.0945,166.3333,1837109,2245293,2000,180,14,120,20,0.1667,14.39,11.67,1.21,0.8763,3437.13,1,1,1,0,0.8397,1
AUC_1119,1339938884,82,7,397,0.0854,56.7143,150324,170936,5000,120,6,63,6,0.0952,163.89,81.42,3.22,0.5232,5542.28,0,0,1,1,0.1695,0
AUC_1300,1608595677,82,40,313,0.4878,7.825,1049962,1307832,1000,90,7,105,7,0.0667,185.62,36.9,1.38,0.3977,2035.68,0,0,1,0,0.0176,0
AUC_1048,2514476235,5,1,30,0.2,30.0,1173879,1458768,5000,120,8,122,6,0.0492,331.05,107.03,0.34,0.5101,5889.42,0,0,1,0,0.1814,0
AUC_1016,2756355755,67,2,274,0.0299,137.0,194316,233988,1000,240,3,14,3,0.2143,309.04,86.01,41.58,0.2785,1583.65,0,0,0,0,0.2497,1
AUC_1205,1135618147,43,10,407,0.2326,40.7,919016,1082543,2000,90,4,55,2,0.0364,211.72,65.74,37.22,0.1704,5879.04,0,0,0,1,0.102,0
AUC_1046,2031974435,60,1,1365,0.0167,1365.0,166553,208836,2000,180,18,52,25,0.4808,28.85,20.79,13.1,0.6337,3363.15,1,1,1,0,0.866,1
AUC_1062,2778226271,24,0,482,0.0,482.0,1787089,1948611,10000,120,6,72,22,0.3056,11.99,1.52,10.2,0.9108,15051.32,1,1,1,0,0.9514,1
AUC_1041,2937938356,52,1,871,0.0192,871.0,1870198,2111977,20000,240,23,185,19,0.1027,16.26,43.99,11.58,0.8189,30696.02,1,0,1,0,0.8071,1
AUC_1009,2721341250,83,37,556,0.4458,15.027,1611921,1778124,1000,30,14,154,17,0.1104,277.66,9.92,7.79,0.4723,2756.05,0,0,0,1,0.1287,0
AUC_1209,2585043537,140,5,4172,0.0357,834.4,1432935,1840186,5000,120,4,44,35,0.7955,81.81,12.6,4.69,0.8411,5419.84,0,1,1,0,0.99,1
AUC_1091,2175851212,39,3,357,0.0769,119.0,671607,744173,1000,60,15,34,5,0.1471,886.62,31.9,37.93,0.5267,1204.76,0,0,0,0,0.2041,0
AUC_1207,2571054937,46,0,965,0.0,965.0,1765949,1855993,5000,120,8,90,20,0.2222,112.29,4.64,1.53,0.8829,7694.39,0,1,1,0,0.7129,1
AUC_1001,1740345448,105,41,643,0.3905,15.6829,712026,823615,1000,240,11,162,13,0.0802,426.69,90.78,55.72,0.2702,2111.99,0,0,0,0,0.0713,0
AUC_1179,2489511528,86,30,836,0.3488,27.8667,1367291,1569615,5000,120,18,184,7,0.038,487.08,58.06,32.19,0.201,10831.27,0,0,0,1,0.0562,0
AUC_1094,2411298215,85,31,251,0.3647,8.0968,1124885,1399772,2000,120,24,122,10,0.082,249.36,66.61,18.71,0.1782,5489.27,0,0,0,1,0.1014,0
AUC_1253,1545914202,126,6,2120,0.0476,353.3333,1803905,1899623,5000,180,19,286,30,0.1049,63.05,38.46,2.15,0.7359,5141.75,1,0,1,0,0.8537,1
AUC_1362,1056148252,98,35,879,0.3571,25.1143,110061,123812,1000,240,4,41,12,0.2927,377.33,153.28,50.29,0.6414,1689.74,0,0,0,1,0.2165,0
AUC_1304,2842667062,18,1,157,0.0556,157.0,916395,1105409,10000,120,4,41,5,0.122,72.02,48.34,7.73,0.3482,14346.98,0,0,1,1,0.4296,1
AUC_1025,2233269574,64,14,302,0.2188,21.5714,1178625,1295863,10000,90,24,123,6,0.0488,229.53,4.68,27.4,0.3837,24783.65,0,1,0,1,0.2371,1
AUC_1105,2573689315,19,0,87,0.0,87.0,1336572,1629984,2000,120,23,124,9,0.0726,385.81,71.82,3.92,0.3234,5690.48,0,0,1,1,0.2617,1
AUC_1325,1414094691,14,3,115,0.2143,38.3333,476464,571607,2000,240,24,335,11,0.0328,276.66,95.39,3.09,0.4041,4786.5,0,0,1,0,0.2534,0
AUC_1180,1095988002,18,3,41,0.1667,13.6667,599771,666278,2000,60,18,245,5,0.0204,156.1,24.98,36.61,0.3453,8110.12,0,0,0,1,0.1452,0
AUC_1047,2027226746,27,0,282,0.0,282.0,271591,332043,1000,90,9,129,19,0.1473,78.53,8.05,5.58,0.7694,1949.67,0,1,1,0,0.6932,1
AUC_1071,1672863065,37,7,281,0.1892,40.1429,560160,597768,10000,90,8,17,2,0.1176,367.31,52.02,58.99,0.5285,22005.21,0,0,0,1,0.277,0
AUC_1174,1222095939,65,20,900,0.3077,45.0,1803298,2094104,5000,90,6,100,13,0.13,303.39,18.49,32.78,0.4667,8755.61,0,0,0,0,0.1429,0
AUC_1204,1676409010,80,6,953,0.075,158.8333,807555,839311,20000,90,8,100,11,0.11,13.38,14.05,7.46,0.8238,30770.19,0,0,1,0,0.6488,1
AUC_1260,2606184114,32,2,246,0.0625,123.0,174786,202032,2000,240,23,347,2,0.0058,469.15,28.01,77.77,0.1911,6554.65,0,1,0,0,0.1511,0
AUC_1317,2194651626,76,3,1749,0.0395,583.0,1620839,1890598,5000,90,4,69,30,0.4348,8.55,15.26,10.26,0.6572,9278.68,1,0,1,0,0.947,1
AUC_1278,2948795104,74,0,420,0.0,420.0,1463449,1649091,10000,120,8,26,2,0.0769,311.8,102.39,4.32,0.1821,23280.91,0,0,1,1,0.2557,0
AUC_1073,2426945196,17,5,196,0.2941,39.2,1265264,1460024,1000,240,3,15,8,0.5333,369.69,101.04,66.87,0.6399,1150.51,0,0,0,0,0.3318,1
AUC_1014,2340120174,5,0,47,0.0,47.0,167096,177984,1000,180,12,108,4,0.037,314.69,128.67,29.88,0.453,2958.24,0,0,0,0,0.1197,0
AUC_1193,1162403593,74,29,387,0.3919,13.3448,575445,706694,20000,90,18,287,8,0.0279,387.59,36.64,8.49,0.4648,22829.67,0,0,1,0,0.0828,0
AUC_1328,1282331037,47,3,341,0.0638,113.6667,257812,308919,1000,180,21,84,16,0.1905,32.56,50.31,12.28,0.8656,2063.39,0,0,1,0,0.6873,1
AUC_1294,1162954890,15,1,68,0.0667,68.0,399400,451817,20000,120,13,99,11,0.1111,158.71,98.71,15.78,0.3102,37156.6,0,0,0,1,0.2084,1
AUC_1334,1556107879,37,3,626,0.0811,208.6667,1850760,2371289,20000,60,4,53,38,0.717,45.92,5.08,3.65,0.6764,32827.02,1,1,1,0,0.99,1
AUC_1000,2898076369,64,31,344,0.4844,11.0968,426782,482185,5000,240,3,53,10,0.1887,168.86,96.08,53.1,0.442,5792.51,0,0,0,0,0.0512,0
AUC_1183,2179109548,39,9,467,0.2308,51.8889,1250581,1562399,2000,120,14,46,7,0.1522,93.37,31.47,9.02,0.4302,5763.47,0,0,1,1,0.2798,0
AUC_1199,1793410767,14,0,62,0.0,62.0,1916820,2251571,10000,30,10,92,1,0.0109,575.39,20.29,10.56,0.2669,37164.59,0,0,0,0,0.2783,0
AUC_1363,1228283581,61,1,1402,0.0164,1402.0,329979,411075,1000,90,19,80,16,0.2,90.4,26.87,4.3,0.8409,1099.99,0,0,1,0,0.6419,0
AUC_1156,2319045493,63,12,287,0.1905,23.9167,916204,1052410,10000,180,20,238,11,0.0462,56.97,123.77,27.35,0.3897,27414.24,0,0,0,0,0.1537,0
AUC_1052,2178578794,39,8,212,0.2051,26.5,161426,201796,10000,180,12,166,6,0.0361,842.09,91.5,96.46,0.3561,23891.13,0,0,0,1,0.1873,0
AUC_1126,1125973333,132,4,2420,0.0303,605.0,1271472,1433264,10000,60,21,123,33,0.2683,76.08,3.97,5.77,0.9219,10008.9,0,1,1,0,0.9103,0
AUC_1259,2084695266,133,4,2303,0.0301,575.75,1703394,2001744,1000,90,13,189,18,0.0952,29.19,17.69,6.92,0.8769,1784.25,1,0,1,0,0.8601,1
AUC_1213,2555762328,59,16,399,0.2712,24.9375,1103456,1227258,1000,120,18,314,7,0.0223,391.27,73.48,3.22,0.2795,2653.07,0,0,1,0,0.01,0
AUC_1282,1150024696,36,10,184,0.2778,18.4,483630,581192,5000,30,19,288,4,0.0139,763.47,3.01,12.24,0.139,14561.94,0,1,0,0,0.0894,0
AUC_1234,1379536480,79,5,377,0.0633,75.4,1838396,2150428,1000,240,16,170,11,0.0647,208.92,227.49,23.14,0.2195,1159.25,0,0,1,0,0.1803,0
AUC_1066,1751566655,11,0,91,0.0,91.0,1259299,1461163,5000,90,6,84,7,0.0833,1008.35,51.09,20.02,0.3111,21270.34,0,0,0,0,0.152,0
AUC_1208,1724688476,104,46,894,0.4423,19.4348,786168,905827,2000,90,15,227,7,0.0308,183.46,4.06,25.47,0.5268,4370.04,0,1,0,1,0.113,0
AUC_1135,1586008842,64,0,1255,0.0,1255.0,760930,820088,10000,120,19,161,20,0.1242,40.33,9.88,7.84,0.6955,16366.65,1,1,1,0,0.8082,1
AUC_1267,2787516014,16,2,40,0.125,20.0,464444,527778,5000,240,13,153,4,0.0261,1091.79,195.39,137.64,0.2081,14388.67,0,0,0,0,0.0736,0
AUC_1051,1552825689,17,4,101,0.2353,25.25,1644782,1835937,1000,60,12,176,9,0.0511,221.8,29.42,36.92,0.5061,2686.88,0,0,0,0,0.0206,0
AUC_1023,2324589628,86,0,298,0.0,298.0,1899713,2192932,10000,60,13,148,11,0.0743,250.42,36.88,2.24,0.6084,20045.02,0,0,1,0,0.3991,0
AUC_1238,2614963877,37,7,126,0.1892,18.0,171473,202932,1000,120,11,80,6,0.075,187.31,46.28,55.39,0.1985,1247.54,0,0,0,0,0.172,1
AUC_1262,2813686191,25,0,739,0.0,739.0,1434085,1578799,2000,240,8,110,16,0.1455,52.83,71.1,6.05,0.6583,3567.61,0,0,1,0,0.5694,0
AUC_1058,2978431820,47,3,895,0.0638,298.3333,1115095,1383915,5000,180,20,46,31,0.6739,38.64,52.41,7.81,0.8609,9424.91,1,0,1,0,0.8714,1
AUC_1178,2334360025,84,4,1117,0.0476,279.25,239013,270639,5000,120,8,78,26,0.3333,103.31,11.56,5.24,0.8488,5348.76,0,1,1,0,0.8875,1
AUC_1077,1870063092,27,3,133,0.1111,44.3333,1632876,1716168,2000,60,17,246,3,0.0122,169.08,45.65,8.6,0.1804,5765.37,0,0,0,0,0.2211,0
AUC_1383,2702057601,11,4,69,0.3636,17.25,124231,152009,2000,120,22,285,4,0.014,371.45,92.38,17.35,0.5028,4074.32,0,0,0,0,0.0683,0
AUC_1243,2421552252,35,3,718,0.0857,239.3333,893546,1073223,20000,180,23,372,15,0.0403,21.77,4.69,0.08,0.6116,27043.7,0,1,1,0,0.8336,1
AUC_1124,2812831489,127,3,3280,0.0236,1093.3333,1270627,1574995,1000,30,23,374,35,0.0936,75.49,4.62,0.54,0.9924,1001.0,0,0,1,1,0.847,1
AUC_1069,1573771422,56,2,1256,0.0357,628.0,1074359,1338254,10000,180,21,178,28,0.1573,106.59,28.51,26.21,0.738,12058.02,0,0,0,0,0.7142,1
AUC_1085,2196330542,68,3,1483,0.0441,494.3333,613446,729164,1000,120,24,75,22,0.2933,21.56,6.28,2.98,0.9449,1734.74,1,1,1,0,0.9648,1
AUC_1328,2815153446,15,6,66,0.4,11.0,1859056,2252047,20000,60,16,152,8,0.0526,150.15,31.5,1.3,0.54,31463.84,0,0,1,0,0.1863,0
AUC_1258,2255444046,72,17,887,0.2361,52.1765,698072,764380,20000,60,11,158,12,0.0759,100.74,9.5,7.4,0.4281,59114.72,0,0,0,0,0.2497,0
AUC_1132,2038632711,61,18,626,0.2951,34.7778,911406,948397,2000,240,15,213,13,0.061,155.81,23.12,16.34,0.6013,4897.66,0,1,1,0,0.2821,0
AUC_1291,1487459315,2,1,17,0.5,17.0,855936,1003153,1000,180,17,165,6,0.0364,390.07,92.79,118.63,0.4295,2874.97,0,0,0,0,0.01,0
AUC_1184,2207384057,127,10,1420,0.0787,142.0,464071,581473,1000,240,11,174,22,0.1264,64.84,45.43,21.7,0.8814,1259.52,1,0,1,0,0.9021,1
AUC_1392,1463503535,126,10,2200,0.0794,220.0,1274771,1569729,5000,240,22,268,25,0.0933,63.11,18.84,16.69,0.7267,8087.31,1,1,1,0,0.7698,1
AUC_1386,1582718486,7,2,53,0.2857,26.5,1257695,1551193,1000,120,20,272,5,0.0184,689.62,45.47,29.91,0.283,1343.08,0,0,0,0,0.0533,0
AUC_1326,1116282319,82,6,1493,0.0732,248.8333,1999966,2210806,5000,90,10,109,26,0.2385,76.64,21.58,2.78,0.6608,9373.86,0,0,1,0,0.8271,1
AUC_1302,1544512283,38,6,318,0.1579,53.0,1702844,1871501,20000,120,24,428,1,0.0023,282.71,17.25,61.5,0.2072,53149.6,0,0,0,1,0.0307,0
AUC_1016,1356518410,86,37,1109,0.4302,29.973,409672,453588,20000,240,6,28,7,0.25,229.92,9.38,88.97,0.3295,59083.45,0,1,0,0,0.089,0
AUC_1023,2390054486,37,1,325,0.027,325.0,787167,937730,1000,60,6,106,16,0.1509,21.9,16.03,5.16,0.6066,1340.35,0,0,1,0,0.5854,0
AUC_1349,1198146865,109,32,663,0.2936,20.7188,534296,618103,5000,240,7,83,9,0.1084,180.94,134.26,39.19,0.2213,7804.31,0,0,0,1,0.0922,0
AUC_1345,1113399934,151,2,2256,0.0132,1128.0,1119393,1419405,10000,240,21,145,22,0.1517,64.05,72.02,37.55,0.9068,10849.0,1,0,0,0,0.6774,0
AUC_1283,1299101150,19,0,275,0.0,275.0,1797552,1960568,5000,180,16,90,27,0.3,16.68,9.85,17.34,0.6325,9869.54,1,1,1,0,0.8909,0
AUC_1314,1443878777,37,9,219,0.2432,24.3333,874407,1092342,10000,180,16,97,9,0.0928,168.54,42.66,78.33,0.199,31077.52,0,0,0,0,0.0687,0
AUC_1390,2610686745,11,0,76,0.0,76.0,981383,1143879,10000,180,9,50,9,0.18,708.25,143.36,83.32,0.1471,27568.53,0,0,0,1,0.2013,0
AUC_1175,2942324994,119,46,1416,0.3866,30.7826,1680385,1915896,10000,120,12,88,10,0.1136,102.28,60.35,33.31,0.2704,22158.43,0,0,0,1,0.1027,0
AUC_1094,2185572560,135,9,3518,0.0667,390.8889,833807,885950,1000,120,24,155,15,0.0968,13.42,0.37,0.29,0.955,1286.8,0,1,1,0,0.7603,1
AUC_1271,2612163729,18,9,168,0.5,18.6667,962288,1198679,5000,30,9,43,7,0.1628,334.6,3.91,7.13,0.4949,7968.71,0,0,0,1,0.1036,1
AUC_1123,1564746457,29,9,222,0.3103,24.6667,529001,574476,5000,120,18,135,14,0.1037,489.33,40.62,6.61,0.3348,13234.7,0,0,1,0,0.0294,0
AUC_1046,1190311049,77,20,751,0.2597,37.55,1686016,1931929,20000,180,15,110,6,0.0545,385.92,92.53,59.22,0.5098,30202.97,0,0,0,1,0.1017,0
AUC_1318,2539613268,57,16,253,0.2807,15.8125,1737171,2079584,10000,30,20,187,11,0.0588,179.4,12.81,2.26,0.3888,12548.36,0,0,1,1,0.0933,0
AUC_1296,1519931411,88,37,522,0.4205,14.1081,967422,1036205,2000,180,21,230,2,0.0087,408.85,156.82,16.57,0.2833,5641.03,0,0,1,1,0.01,0
AUC_1359,2315434888,111,11,2626,0.0991,238.7273,1985243,2240084,2000,120,16,118,30,0.2542,54.68,13.97,10.63,0.7172,2842.75,1,1,1,0,0.8816,1
AUC_1348,2583935712,29,3,243,0.1034,81.0,577169,622355,10000,30,11,166,9,0.0542,475.1,20.61,8.65,0.2108,40724.53,0,0,0,0,0.2564,0
AUC_1009,2239430164,15,5,81,0.3333,16.2,1720381,1963286,10000,120,10,129,1,0.0078,1107.46,9.57,82.45,0.2019,32393.45,0,1,0,0,0.127,0
AUC_1181,2061001229,79,0,2188,0.0,2188.0,1158665,1547213,10000,180,19,99,36,0.3636,35.17,7.44,4.88,0.6734,12928.7,1,1,1,0,0.99,1
AUC_1125,2922997750,71,3,1752,0.0423,584.0,344784,394883,5000,120,9,153,26,0.1699,69.34,27.68,12.89,0.8459,9911.95,1,0,1,0,0.7223,1
AUC_1077,2493865722,33,9,180,0.2727,20.0,1960898,2032627,5000,120,18,149,7,0.047,312.57,7.91,34.42,0.2056,12809.29,0,1,0,0,0.0472,0
AUC_1349,2286863995,6,1,42,0.1667,42.0,896338,1149255,1000,60,3,30,8,0.2667,761.88,10.98,24.83,0.4784,4464.48,0,0,0,0,0.1828,0
AUC_1264,1711015743,40,20,231,0.5,11.55,1706066,2108678,5000,120,17,217,11,0.0507,434.94,113.54,9.27,0.368,9278.63,0,0,1,0,0.1054,0
AUC_1007,1220002949,20,5,90,0.25,18.0,1510060,1562959,5000,60,14,60,6,0.1,1086.78,34.51,18.01,0.2522,12921.54,0,0,0,0,0.0409,0
AUC_1080,2875410972,5,0,15,0.0,15.0,276802,332076,2000,120,5,75,8,0.1067,650.84,56.99,81.04,0.387,2877.54,0,0,0,0,0.1653,0
AUC_1265,1817234403,40,13,119,0.325,9.1538,1573645,1845987,1000,120,10,132,9,0.0682,155.73,10.13,43.57,0.3313,1940.04,0,1,0,1,0.1479,0
AUC_1232,1278337027,79,2,540,0.0253,270.0,1524144,1647994,1000,180,16,170,5,0.0294,182.49,124.18,1.54,0.4061,2416.77,0,0,1,1,0.2252,1
AUC_1280,2728455048,23,5,111,0.2174,22.2,630802,746409,1000,60,3,11,4,0.3636,320.56,50.23,40.02,0.2254,2611.8,0,0,0,0,0.2446,1
AUC_1320,2086071459,92,7,2238,0.0761,319.7143,789844,842205,5000,60,19,286,19,0.0664,47.48,5.78,3.73,0.6885,9659.38,1,1,1,1,0.7159,1
AUC_1235,2504853963,31,4,160,0.129,40.0,157899,184012,10000,90,5,84,8,0.0952,1127.18,20.04,35.87,0.2295,30990.92,0,0,0,1,0.1927,0
AUC_1083,2233940654,77,12,687,0.1558,57.25,603128,721929,2000,120,16,177,6,0.0339,258.8,69.49,3.93,0.4561,3462.39,0,0,1,1,0.2064,0
AUC_1021,1137637855,130,3,3149,0.0231,1049.6667,1123797,1406863,1000,90,21,215,36,0.1674,47.73,30.23,1.7,0.8983,1301.59,1,0,1,0,0.9028,1
AUC_1241,1652159419,3,1,18,0.3333,18.0,1756555,2064034,5000,90,10,123,9,0.0732,137.51,73.92,24.75,0.5326,12548.13,0,0,0,1,0.1103,0
AUC_1139,2292105364,50,4,452,0.08,113.0,1959416,2028775,20000,180,24,348,14,0.0402,30.68,48.97,14.28,0.6693,40233.66,0,0,1,0,0.651,1
AUC_1031,1599639221,49,0,573,0.0,573.0,1621619,1681902,2000,180,21,224,10,0.0446,29.18,31.41,6.01,0.6386,3323.75,0,0,1,0,0.7998,0
AUC_1003,2729254043,15,5,31,0.3333,6.2,716497,867501,10000,90,7,103,5,0.0485,718.69,0.28,34.84,0.1752,43877.39,0,1,0,0,0.01,0
AUC_1117,1413434268,23,1,109,0.0435,109.0,528606,587855,2000,180,6,81,5,0.0617,1086.76,37.77,57.69,0.2064,7394.33,0,0,0,0,0.2078,0
AUC_1217,1722955916,111,15,1237,0.1351,82.4667,1660742,1927443,2000,30,14,218,16,0.0734,394.02,18.7,11.01,0.329,3494.54,0,0,0,0,0.3621,0
AUC_1331,1355405176,97,12,422,0.1237,35.1667,183141,192917,10000,90,17,270,16,0.0593,273.59,25.09,27.27,0.2962,24850.49,0,0,0,1,0.1754,0
AUC_1278,1925127792,46,0,1378,0.0,1378.0,413287,469077,1000,90,8,84,31,0.369,36.92,3.13,7.12,0.6619,1812.99,1,1,1,0,0.9645,1
AUC_1124,1455788403,131,0,2470,0.0,2470.0,125667,142658,20000,180,8,136,37,0.2721,81.97,36.53,8.13,0.6708,37190.96,0,0,1,1,0.8308,0
AUC_1177,1810248441,79,16,418,0.2025,26.125,590458,633231,10000,90,22,393,2,0.0051,342.9,45.16,7.11,0.3055,12035.45,0,0,1,0,0.0923,0
AUC_1385,2104332805,13,3,107,0.2308,35.6667,1261347,1317690,2000,90,16,218,11,0.0505,237.69,81.51,0.98,0.5601,4437.94,0,0,1,0,0.1263,0
AUC_1090,1043512557,10,0,37,0.0,37.0,1608040,1699571,20000,30,6,105,3,0.0286,904.93,0.44,8.21,0.3308,47956.55,0,1,0,0,0.1704,0
AUC_1325,1422091775,56,6,372,0.1071,62.0,1182941,1482096,5000,90,19,228,8,0.0351,441.89,78.3,8.77,0.5937,13292.05,0,0,1,1,0.2775,1
AUC_1155,1481706666,34,2,373,0.0588,186.5,1664306,1982693,2000,30,18,93,20,0.2151,8.15,1.43,0.58,0.8378,2527.56,1,1,1,0,0.99,1
AUC_1222,2316285827,19,8,129,0.4211,16.125,1359795,1514219,20000,180,14,162,9,0.0556,349.02,113.36,1.86,0.1591,22219.4,0,0,1,1,0.0713,0
AUC_1372,2057404910,20,2,71,0.1,35.5,282596,309860,20000,60,6,22,2,0.0909,352.17,8.87,41.83,0.3625,71809.39,0,0,0,0,0.1609,0
AUC_1082,2520778670,36,1,669,0.0278,669.0,1027789,1294929,5000,60,9,23,13,0.5652,18.31,11.14,1.41,0.8548,10439.47,0,0,1,0,0.8852,1
AUC_1217,1318007052,20,9,87,0.45,9.6667,1409328,1521713,5000,60,19,207,9,0.0435,76.25,13.1,2.99,0.531,8430.25,0,0,1,1,0.2294,0
AUC_1217,2517321830,5,0,11,0.0,11.0,794865,962936,1000,60,12,133,4,0.0301,666.99,30.69,25.91,0.4377,2296.68,0,0,0,0,0.2656,0
AUC_1228,2474122043,4,1,10,0.25,10.0,722528,896189,5000,90,17,200,7,0.035,455.18,11.3,50.97,0.2319,12155.73,0,0,0,1,0.1277,0
AUC_1066,1556101981,66,13,361,0.197,27.7692,1050736,1196614,5000,120,15,136,7,0.0515,169.97,86.0,6.76,0.5264,11667.81,0,0,1,0,0.146,0
AUC_1284,2026557491,66,19,376,0.2879,19.7895,826509,1008119,10000,240,20,184,10,0.0543,444.75,210.73,1.87,0.2889,20706.0,0,0,1,1,0.051,0
AUC_1335,2926767380,69,26,833,0.3768,32.0385,1186680,1311973,10000,120,19,148,15,0.1014,266.6,11.6,35.46,0.2797,11807.09,0,1,0,1,0.2544,0
AUC_1211,1412418841,38,4,146,0.1053,36.5,810381,941905,1000,120,22,366,5,0.0137,678.43,29.28,41.17,0.49,3110.44,0,0,0,1,0.1695,1
AUC_1085,2799452053,20,3,45,0.15,15.0,474212,594748,10000,180,6,89,3,0.0337,260.83,7.26,35.76,0.3518,24008.75,0,1,0,1,0.1398,0
AUC_1222,2086686540,24,6,93,0.25,15.5,1603268,1885046,10000,180,10,178,8,0.0449,818.82,52.37,77.72,0.4993,35819.26,0,0,0,0,0.1582,0
AUC_1205,1240539530,31,6,108,0.1935,18.0,1931428,2190493,5000,30,19,52,9,0.1731,214.92,24.32,3.06,0.5226,6217.54,0,0,1,0,0.2561,0
AUC_1266,1996997031,39,5,352,0.1282,70.4,1594798,1978493,5000,180,14,237,7,0.0295,1189.25,16.05,117.13,0.3529,10887.66,0,1,0,1,0.3579,0
AUC_1233,2286905375,34,12,265,0.3529,22.0833,1771096,1943893,10000,180,24,205,8,0.039,349.16,88.69,51.33,0.345,19873.29,0,0,0,1,0.0848,1
AUC_1224,2097785967,52,24,257,0.4615,10.7083,257005,283399,5000,90,12,62,16,0.2581,72.7,32.11,20.45,0.5516,17212.63,0,0,0,0,0.3159,1
AUC_1345,1134596388,59,23,482,0.3898,20.9565,1547708,1709884,20000,120,12,151,3,0.0199,204.84,53.39,7.0,0.5911,36656.62,0,0,1,1,0.0937,0
AUC_1164,2953795954,28,8,83,0.2857,10.375,431154,450072,1000,120,22,180,7,0.0389,1067.08,91.06,61.67,0.5288,1438.46,0,0,0,0,0.1505,1
AUC_1068,2855399931,34,5,109,0.1471,21.8,1456370,1560550,1000,120,17,134,16,0.1194,70.57,15.19,22.39,0.3618,2145.72,0,0,0,0,0.0593,0
AUC_1233,1966158137,32,2,736,0.0625,368.0,452476,570429,2000,90,9,70,31,0.4429,68.36,15.59,9.36,0.9211,2300.61,1,0,1,0,0.9154,1
AUC_1175,2975658770,56,17,300,0.3036,17.6471,1864585,2107099,2000,240,14,228,11,0.0482,495.38,44.96,7.43,0.5679,2216.49,0,0,1,1,0.2204,0
AUC_1063,2207169692,106,4,2656,0.0377,664.0,1351981,1654983,20000,90,6,80,26,0.325,88.44,19.5,10.74,0.809,24443.12,0,0,1,0,0.7117,0
AUC_1036,2705768356,47,1,345,0.0213,345.0,1156361,1532322,20000,120,9,25,11,0.44,35.58,5.81,5.27,0.8501,22008.15,0,1,1,0,0.8227,1
AUC_1081,1406269049,20,5,47,0.25,9.4,1044825,1171089,5000,60,8,102,6,0.0588,733.91,38.57,26.27,0.4342,8866.73,0,0,0,1,0.1328,0
AUC_1193,2746227247,25,1,222,0.04,222.0,317861,343505,1000,240,7,121,3,0.0248,458.15,163.47,40.45,0.1116,2172.46,0,0,0,0,0.3402,0
AUC_1092,2845932936,31,4,174,0.129,43.5,531069,647866,1000,240,17,153,9,0.0588,241.74,62.71,87.84,0.3586,1810.56,0,0,0,0,0.1068,0
AUC_1016,2842741794,93,31,602,0.3333,19.4194,212925,268646,2000,180,3,21,14,0.6667,214.31,102.72,71.48,0.3838,2725.73,0,0,0,1,0.2855,0
AUC_1363,2206046327,57,10,209,0.1754,20.9,1563100,1672918,5000,90,12,211,4,0.019,317.89,52.39,15.77,0.1784,5659.37,0,0,0,0,0.0778,0
AUC_1153,1894403595,16,2,58,0.125,29.0,380993,428592,20000,180,10,46,7,0.1522,233.77,116.07,56.92,0.5831,59974.37,0,0,0,0,0.2145,0
AUC_1182,2007952232,29,3,126,0.1034,42.0,1960165,2066257,1000,120,15,69,9,0.1304,1168.31,36.58,47.55,0.5449,1527.23,0,0,0,0,0.239,1
AUC_1083,2669304896,135,13,1889,0.0963,145.3077,413483,439624,1000,60,14,173,20,0.1156,68.28,14.13,1.27,0.8727,1243.15,1,0,1,0,0.8164,1
AUC_1224,2879601430,31,0,1057,0.0,1057.0,674025,770498,5000,180,21,111,37,0.3333,16.65,47.75,24.14,0.9573,5188.81,1,0,0,0,0.9433,1
AUC_1200,1034243293,96,13,1312,0.1354,100.9231,1584766,1675521,20000,60,22,373,14,0.0375,352.63,24.24,17.16,0.3004,36886.07,0,0,0,0,0.1742,0
AUC_1088,2142488072,46,2,1607,0.0435,803.5,1422105,1548244,2000,90,18,62,15,0.2419,109.45,29.99,11.78,0.6626,2651.93,0,0,0,0,0.6402,1
AUC_1199,2070177901,25,2,121,0.08,60.5,617101,751488,20000,90,13,107,7,0.0654,335.72,33.26,32.44,0.2035,55401.46,0,0,0,1,0.1057,0
AUC_1144,1212110343,3,1,23,0.3333,23.0,1832736,1888534,1000,120,21,141,7,0.0496,523.68,24.9,20.12,0.3679,3952.92,0,0,0,0,0.0929,0
AUC_1274,2426282843,67,32,484,0.4776,15.125,844918,1015514,10000,90,16,61,8,0.1311,111.65,21.76,18.71,0.2648,24041.82,0,0,0,1,0.04,0
AUC_1317,1975153298,58,18,762,0.3103,42.3333,698981,782104,1000,90,12,188,17,0.0904,274.08,37.37,5.82,0.3903,3277.73,0,0,1,0,0.1784,1
AUC_1153,2337948230,30,7,214,0.2333,30.5714,1072054,1140270,1000,90,10,42,2,0.0476,747.55,30.25,48.79,0.3042,2295.39,0,0,0,0,0.0747,0
AUC_1275,1574194502,100,15,1311,0.15,87.4,1935717,2539634,5000,90,3,20,12,0.6,148.98,3.03,20.82,0.5432,11316.54,0,1,0,0,0.4118,1
AUC_1167,1579770991,93,8,1484,0.086,185.5,547075,677345,5000,90,10,68,28,0.4118,57.03,20.43,2.7,0.8281,8500.84,1,0,1,0,0.9476,1
AUC_1007,1238248330,13,3,102,0.2308,34.0,985361,1191493,2000,60,14,112,2,0.0179,630.36,1.92,31.26,0.1908,2785.53,0,1,0,1,0.1053,1
AUC_1156,2722608813,32,2,83,0.0625,41.5,1287020,1468734,2000,90,10,162,1,0.0062,983.07,9.3,40.02,0.1639,3592.73,0,1,0,0,0.1931,0
AUC_1380,1887801839,117,4,2998,0.0342,749.5,1405837,1816393,20000,180,19,84,22,0.2619,54.64,1.09,21.68,0.9823,22652.09,1,1,0,0,0.8592,0
AUC_1295,1084625889,12,2,86,0.1667,43.0,722001,828771,20000,30,18,68,6,0.0882,363.23,19.2,2.87,0.2835,55789.5,0,0,1,1,0.1782,1
AUC_1320,2854844060,125,6,3258,0.048,543.0,207781,249872,20000,240,20,66,33,0.5,86.32,0.06,19.85,0.9784,33877.34,0,1,1,0,0.99,1
AUC_1397,2455963223,65,21,327,0.3231,15.5714,385150,451647,5000,60,12,169,4,0.0237,191.76,45.23,1.76,0.1861,14758.3,0,0,1,0,0.0492,0
AUC_1299,1655292106,20,5,60,0.25,12.0,1599513,1687369,2000,60,16,279,7,0.0251,660.88,11.04,13.36,0.4493,2698.76,0,0,0,0,0.2245,1
AUC_1294,1726150328,134,12,1203,0.0896,100.25,376340,478195,10000,60,4,50,35,0.7,41.46,7.36,6.17,0.9241,11510.13,1,0,1,0,0.99,1
AUC_1182,2531920190,41,15,304,0.3659,20.2667,662286,745667,5000,180,18,222,7,0.0315,180.6,121.06,22.05,0.4757,11479.23,0,0,0,1,0.01,0
AUC_1325,1636621244,62,25,323,0.4032,12.92,1003041,1302296,5000,60,13,48,9,0.1875,221.24,55.23,2.17,0.5154,14130.71,0,0,1,1,0.0978,1
AUC_1350,2503596942,33,1,288,0.0303,288.0,602441,669817,5000,180,11,61,2,0.0328,1100.57,145.44,50.03,0.404,13809.91,0,0,0,0,0.3262,1
AUC_1282,1456245183,97,29,1273,0.299,43.8966,1189535,1301486,1000,60,15,63,15,0.2381,68.98,7.11,1.21,0.2389,1062.62,0,1,1,0,0.3632,0
AUC_1041,2564398567,25,1,287,0.04,287.0,1138615,1479501,5000,120,5,54,38,0.7037,60.47,5.1,12.99,0.8745,8826.35,1,1,1,0,0.99,1
AUC_1332,2325007782,125,2,1584,0.016,792.0,811866,893719,5000,120,21,321,35,0.109,84.9,27.16,7.11,0.9524,5722.73,0,0,1,0,0.8457,0
AUC_1136,2020096792,8,4,24,0.5,6.0,1578384,1917307,20000,120,7,53,8,0.1509,356.3,79.87,3.99,0.6111,48034.43,0,0,1,0,0.1131,0
AUC_1347,2779581653,20,2,68,0.1,34.0,520226,640065,2000,90,12,80,12,0.15,70.52,30.82,34.46,0.2729,3504.9,0,0,0,0,0.1722,0
AUC_1191,2391521634,72,3,615,0.0417,205.0,1457203,1681882,1000,180,9,19,10,0.5263,444.06,96.03,24.17,0.2449,2192.0,0,0,0,0,0.3346,1
AUC_1248,1966926000,71,28,351,0.3944,12.5357,1190563,1337468,20000,120,8,126,7,0.0556,190.68,62.94,13.78,0.5816,61676.47,0,0,1,1,0.1528,0
AUC_1238,2810584814,14,3,94,0.2143,31.3333,153004,177235,5000,60,11,171,7,0.0409,496.21,19.48,18.06,0.1841,21804.58,0,0,0,0,0.0726,0
AUC_1376,1379267389,110,2,1963,0.0182,981.5,1416671,1843407,5000,30,11,65,33,0.5077,76.2,4.94,3.51,0.9166,6972.51,0,0,1,1,0.8679,1
AUC_1053,2788256614,17,8,96,0.4706,12.0,482587,514946,10000,90,6,80,8,0.1,236.95,80.06,0.27,0.4514,26084.09,0,0,1,0,0.0914,1
AUC_1036,1334610124,16,0,117,0.0,117.0,1113842,1165084,5000,30,12,203,1,0.0049,345.84,10.05,9.24,0.4755,11936.76,0,0,0,0,0.2673,1
AUC_1244,2953236902,93,0,2833,0.0,2833.0,1047196,1354797,1000,60,11,105,24,0.2286,100.65,10.93,3.72,0.7533,1195.18,0,0,1,0,0.7394,1
AUC_1176,2342332765,10,1,139,0.1,139.0,625753,733795,10000,240,4,38,17,0.4474,36.31,20.31,13.2,0.6969,12091.48,0,1,1,0,0.7984,1
AUC_1080,2781955662,17,6,134,0.3529,22.3333,849346,911813,1000,30,9,83,10,0.1205,125.63,21.03,1.1,0.3816,2046.91,0,0,1,1,0.1946,0
AUC_1167,1063054279,43,1,210,0.0233,210.0,1976542,2438827,5000,30,18,180,4,0.0222,357.35,11.7,1.47,0.4754,13921.12,0,0,1,1,0.3816,1
AUC_1054,1013069679,48,4,238,0.0833,59.5,1137649,1375413,1000,120,10,32,11,0.3438,427.12,78.91,14.64,0.1773,2580.71,0,0,0,0,0.2997,1
AUC_1282,2535082427,28,2,449,0.0714,224.5,1801019,2198769,20000,60,13,163,28,0.1718,17.7,2.52,1.42,0.9067,26416.83,1,1,1,0,0.9003,1
AUC_1092,1580525523,68,2,503,0.0294,251.5,619901,671258,20000,180,22,392,3,0.0077,74.49,112.98,0.73,0.2654,26625.88,0,0,1,1,0.2508,0
AUC_1148,1386419956,84,0,2916,0.0,2916.0,1426070,1500904,5000,60,22,209,36,0.1722,82.91,19.95,7.93,0.9139,8864.45,0,0,0,0,0.8102,1
AUC_1176,2930112722,2,1,7,0.5,7.0,1176195,1354489,2000,90,13,62,1,0.0161,735.92,68.76,49.75,0.4951,4813.86,0,0,0,0,0.0254,0
AUC_1346,1757379572,19,2,112,0.1053,56.0,667052,848173,1000,90,8,55,6,0.1091,432.8,33.49,14.19,0.607,2336.8,0,0,0,0,0.1692,0
AUC_1343,1217277486,76,12,809,0.1579,67.4167,1628025,1766056,1000,180,9,35,8,0.2286,221.6,23.36,41.91,0.2619,2356.15,0,0,0,0,0.1648,0
AUC_1022,1259794140,119,25,1306,0.2101,52.24,611660,775281,20000,240,4,62,12,0.1935,371.15,6.7,88.8,0.3418,35843.57,0,1,0,0,0.258,0
AUC_1076,2286740957,86,32,538,0.3721,16.8125,1110711,1194372,10000,240,7,60,15,0.25,244.31,89.46,72.95,0.2252,23049.02,0,0,0,0,0.1168,0
AUC_1132,1457468538,29,1,462,0.0345,462.0,390378,451183,5000,120,21,312,31,0.0994,99.31,5.07,22.86,0.7909,7236.23,0,1,0,0,0.8156,1
AUC_1090,2434846025,120,4,2635,0.0333,658.75,1157487,1277080,5000,60,3,27,19,0.7037,104.43,17.36,3.06,0.7663,5135.06,0,0,1,0,0.9037,1
AUC_1289,2596001386,114,27,1271,0.2368,47.0741,638845,796679,1000,90,21,319,17,0.0533,179.68,41.7,28.76,0.388,2512.65,0,0,0,0,0.1917,0
AUC_1248,2039484454,126,3,2682,0.0238,894.0,1123872,1259219,20000,120,3,40,19,0.475,24.63,7.72,2.34,0.8224,20053.12,1,1,1,1,0.9764,1
AUC_1005,1882262574,104,21,636,0.2019,30.2857,1991286,2289790,1000,120,19,229,13,0.0568,123.68,34.02,35.28,0.6232,2116.68,0,0,0,1,0.0943,0
AUC_1015,1619841316,27,5,164,0.1852,32.8,1370739,1416875,2000,120,8,116,2,0.0172,176.39,35.43,75.33,0.353,6633.51,0,0,0,0,0.01,0
AUC_1184,2504435618,43,11,112,0.2558,10.1818,1197927,1466743,5000,120,7,58,1,0.0172,455.55,96.41,76.4,0.3146,10301.52,0,0,0,0,0.0396,0
AUC_1121,2943909991,34,3,139,0.0882,46.3333,1769548,2107936,1000,60,4,41,7,0.1707,591.89,25.56,40.76,0.2801,3681.81,0,0,0,1,0.1645,0
AUC_1246,1023468787,79,5,1980,0.0633,396.0,662874,740060,2000,240,9,130,35,0.2692,15.03,24.98,11.2,0.9615,2947.18,1,1,1,0,0.99,1
AUC_1004,1995287560,41,12,364,0.2927,30.3333,862244,1059397,2000,240,11,190,8,0.0421,114.7,167.26,21.73,0.445,2276.7,0,0,1,0,0.0836,0
AUC_1082,2646985480,68,3,794,0.0441,264.6667,1487267,1984063,2000,180,17,61,25,0.4098,74.82,14.1,7.77,0.8448,2138.57,0,1,1,0,0.8328,1
AUC_1310,1923657211,93,39,959,0.4194,24.5897,618256,742851,20000,120,14,167,6,0.0359,116.65,65.5,14.09,0.2536,65317.45,0,0,1,0,0.0186,0
AUC_1063,1838484442,4,0,21,0.0,21.0,1355424,1623819,10000,180,6,43,4,0.093,1112.58,147.74,69.67,0.2505,40020.41,0,0,0,0,0.1363,1
AUC_1047,1493597384,85,8,1909,0.0941,238.625,607295,700988,2000,90,20,197,22,0.1117,35.82,7.5,0.47,0.6398,3142.05,1,1,1,0,0.7954,1
AUC_1387,1158012984,73,3,1873,0.0411,624.3333,1661716,2164387,5000,180,14,72,35,0.4861,33.9,3.47,8.26,0.7953,6394.51,1,1,1,0,0.9492,0
AUC_1090,2187845000,6,2,35,0.3333,17.5,1610914,1886325,1000,60,8,56,1,0.0179,677.43,37.54,28.69,0.3417,2399.89,0,0,0,0,0.0192,0
AUC_1320,1292221249,69,6,571,0.087,95.1667,807465,935185,10000,120,15,186,4,0.0215,241.37,101.87,6.35,0.4168,12114.95,0,0,1,0,0.2557,0
AUC_1021,2962153943,117,0,1592,0.0,1592.0,1819700,2229858,20000,180,17,147,29,0.1973,34.98,19.13,16.54,0.8294,25931.59,1,1,1,0,0.9462,1
AUC_1012,2665935998,85,23,633,0.2706,27.5217,356643,380591,2000,90,10,38,7,0.1842,145.52,65.52,3.64,0.3839,2947.3,0,0,1,0,0.0583,0
AUC_1129,1697800574,2,0,11,0.0,11.0,1075057,1196580,10000,180,11,38,4,0.1053,552.52,123.74,32.51,0.4073,16670.41,0,0,0,1,0.0765,0
AUC_1091,1545212093,3,1,27,0.3333,27.0,381748,470240,5000,60,6,85,4,0.0471,599.95,33.19,18.73,0.4774,13368.97,0,0,0,0,0.1542,0
AUC_1339,1005433263,43,2,498,0.0465,249.0,641450,787116,20000,30,20,142,16,0.1127,19.98,1.14,2.1,0.6304,30440.26,0,1,1,1,0.7224,1
AUC_1382,2207684477,102,29,1150,0.2843,39.6552,1741887,2241003,5000,90,6,34,8,0.2353,123.41,25.19,27.94,0.2436,7320.57,0,0,0,0,0.171,0
AUC_1107,2928630503,56,0,1289,0.0,1289.0,482158,552410,2000,30,9,72,27,0.375,30.8,2.9,2.03,0.7213,2729.16,1,1,1,0,0.99,1
AUC_1242,2117103355,131,13,3223,0.0992,247.9231,740558,791903,1000,180,12,158,22,0.1392,76.42,11.79,11.23,0.6214,1193.9,0,1,1,0,0.6574,1
AUC_1177,2796128024,28,6,121,0.2143,20.1667,837338,949101,10000,90,18,45,9,0.2,496.83,39.39,31.98,0.6147,28567.43,0,0,0,0,0.2218,0
AUC_1022,2735847460,63,31,503,0.4921,16.2258,78239,94509,10000,120,6,69,17,0.2464,256.46,43.12,11.61,0.3781,23774.53,0,0,1,1,0.2167,0
AUC_1288,1932073202,81,37,327,0.4568,8.8378,127820,143920,10000,240,3,48,6,0.125,304.67,52.5,42.88,0.2627,17174.19,0,0,0,1,0.01,0
AUC_1000,2979501165,22,6,157,0.2727,26.1667,1545009,1910522,2000,60,12,147,9,0.0612,862.64,36.37,31.47,0.4971,6333.32,0,0,0,1,0.1292,0
AUC_1032,2985160082,118,1,3540,0.0085,3540.0,1384961,1902941,10000,90,4,51,35,0.6863,63.25,14.29,1.33,0.8226,11201.1,1,0,1,0,0.99,1
AUC_1038,1713531111,81,36,941,0.4444,26.1389,1719515,1783172,20000,60,12,214,17,0.0794,184.47,20.71,9.66,0.5786,42698.75,0,0,0,1,0.1551,0
AUC_1353,1893058386,29,3,74,0.1034,24.6667,204727,255968,2000,60,4,43,7,0.1628,423.84,12.77,19.2,0.3001,8162.72,0,0,0,0,0.0212,0
AUC_1263,1691938819,24,2,184,0.0833,92.0,1996687,2058968,5000,30,4,48,1,0.0208,163.52,21.24,10.37,0.2375,20241.63,0,0,0,0,0.195,0
AUC_1225,2484170239,107,43,663,0.4019,15.4186,619005,669821,2000,90,5,25,7,0.28,496.85,47.1,16.29,0.5171,5348.27,0,0,0,0,0.1555,0
AUC_1200,2923567705,151,2,1988,0.0132,994.0,1864060,2148525,5000,90,3,41,38,0.9268,91.22,5.69,16.01,0.9378,7523.82,0,1,0,0,0.99,1
AUC_1324,1416741763,36,1,829,0.0278,829.0,1166218,1491296,10000,180,9,59,17,0.2881,15.52,1.81,13.16,0.5783,19097.0,0,1,1,0,0.873,1
AUC_1250,1362841256,22,4,120,0.1818,30.0,842975,988030,5000,180,11,38,9,0.2368,1134.04,88.29,117.29,0.465,21677.55,0,0,0,0,0.0929,0
AUC_1135,1305930493,133,0,2466,0.0,2466.0,1354917,1481947,1000,90,20,231,31,0.1342,102.48,18.25,8.13,0.659,1406.49,0,0,1,0,0.7778,1
AUC_1335,2126676217,38,2,827,0.0526,413.5,964155,1044954,5000,120,20,58,22,0.3793,31.47,20.73,10.52,0.9223,10016.42,1,0,1,1,0.99,1
AUC_1190,2686949562,18,2,116,0.1111,58.0,1648240,1898741,2000,180,11,141,6,0.0426,219.66,27.97,3.81,0.3307,5149.0,0,0,1,1,0.1024,0
AUC_1118,2769491465,36,3,947,0.0833,315.6667,531698,633283,10000,90,24,352,27,0.0767,86.64,16.78,8.94,0.9421,14669.29,0,0,1,1,0.7003,1
AUC_1383,2410139273,31,4,147,0.129,36.75,1222829,1365912,5000,180,3,26,3,0.1154,905.88,67.79,62.33,0.1728,9928.35,0,0,0,0,0.1681,1
AUC_1360,2544341820,21,2,60,0.0952,30.0,1761540,2136760,10000,180,4,69,6,0.087,854.61,16.36,42.7,0.3638,18281.9,0,1,0,0,0.0483,0
AUC_1128,1248819492,85,0,2974,0.0,2974.0,596673,651118,20000,180,18,217,32,0.1475,74.97,52.53,8.36,0.6613,23378.93,0,0,1,1,0.743,1
AUC_1151,1711835607,18,3,117,0.1667,39.0,910302,1104688,1000,180,16,50,6,0.12,1099.53,85.55,52.1,0.3014,2799.9,0,0,0,0,0.0802,0
AUC_1270,2342344361,11,1,67,0.0909,67.0,1148264,1306632,2000,60,5,25,9,0.36,1164.05,20.5,39.31,0.2798,7541.96,0,0,0,0,0.2383,1
AUC_1307,1291523071,34,10,70,0.2941,7.0,658486,692541,10000,90,9,160,9,0.0563,421.5,38.43,1.5,0.2436,17847.24,0,0,1,0,0.0671,0
AUC_1018,2081539299,36,0,750,0.0,750.0,1991416,2322523,1000,120,13,60,37,0.6167,13.12,28.54,9.02,0.8933,1411.87,1,0,1,1,0.9559,1
AUC_1237,2099549239,95,3,1997,0.0316,665.6667,406940,452922,10000,90,24,123,21,0.1707,12.09,17.02,7.18,0.7688,13746.41,1,0,1,0,0.7879,1
AUC_1075,2237753279,15,3,91,0.2,30.3333,726712,864326,20000,60,23,198,3,0.0152,861.39,9.42,38.06,0.3727,53809.78,0,0,0,0,0.1399,0
AUC_1020,2611297522,76,16,235,0.2105,14.6875,477202,515819,2000,60,15,73,9,0.1233,206.81,21.65,5.62,0.1578,5423.51,0,0,1,1,0.1207,1
AUC_1149,2963524095,58,2,1025,0.0345,512.5,1687549,1887073,20000,30,5,79,18,0.2278,9.51,7.59,1.19,0.8522,24773.28,1,0,1,0,0.8553,1
AUC_1050,1337144478,1,1,8,1.0,8.0,716525,907676,20000,90,8,43,8,0.186,228.72,29.22,14.19,0.4358,50468.3,0,0,0,1,0.01,0
AUC_1164,2181631650,104,24,1100,0.2308,45.8333,1180758,1481198,5000,120,15,64,6,0.0938,80.28,20.88,26.33,0.2387,12813.8,0,0,0,1,0.1603,0
AUC_1016,2906118181,43,6,230,0.1395,38.3333,79419,87368,2000,180,14,238,11,0.0462,105.06,67.19,49.91,0.4284,5336.79,0,0,0,1,0.112,0
AUC_1363,2364561082,78,29,489,0.3718,16.8621,329636,410436,20000,180,13,32,14,0.4375,366.68,22.54,56.81,0.433,38664.97,0,0,0,0,0.261,0
AUC_1046,2020220723,78,6,578,0.0769,96.3333,437986,534276,5000,120,12,176,30,0.1705,15.44,25.26,3.61,0.649,7508.48,1,0,1,1,0.7618,1
AUC_1181,1589123313,45,3,794,0.0667,264.6667,945449,1047678,5000,90,14,100,26,0.26,62.57,3.46,0.36,0.6452,5726.44,1,1,1,0,0.8212,0
AUC_1383,2462348227,39,3,897,0.0769,299.0,1703011,1968999,5000,60,16,242,16,0.0661,19.68,15.52,4.14,0.7449,7948.91,0,0,1,0,0.736,1
AUC_1120,1048097774,31,8,198,0.2581,24.75,1657159,2036759,10000,240,19,302,9,0.0298,1194.87,164.69,41.89,0.1245,31127.69,0,0,0,0,0.0617,0
AUC_1044,2260585239,75,7,1635,0.0933,233.5714,961338,1122981,1000,240,13,114,34,0.2982,73.96,13.37,16.82,0.8369,1178.42,0,1,1,0,0.9153,1
AUC_1252,2749006590,48,3,1353,0.0625,451.0,1446608,1832098,1000,60,14,39,32,0.8205,26.62,6.89,5.94,0.6759,1089.07,1,1,1,0,0.9589,1
AUC_1337,2510464212,103,2,2462,0.0194,1231.0,250861,267681,20000,120,24,73,38,0.5205,41.8,8.6,0.15,0.6528,36222.02,1,1,1,0,0.99,1
AUC_1183,2212684916,29,4,134,0.1379,33.5,1027344,1287102,5000,120,8,20,1,0.05,560.76,81.26,22.59,0.2825,14431.7,0,0,0,1,0.203,0
AUC_1387,1345512785,27,1,250,0.037,250.0,80817,95990,10000,180,15,205,6,0.0293,502.91,140.19,37.77,0.2174,42345.75,0,0,0,0,0.1388,0
AUC_1062,2104592545,82,36,434,0.439,12.0556,1905106,2045575,1000,60,22,306,6,0.0196,55.61,56.8,4.7,0.3745,2173.28,0,0,1,1,0.2098,1
AUC_1286,2929573562,10,1,171,0.1,171.0,1576635,1736005,1000,120,6,32,12,0.375,20.28,35.99,9.24,0.7121,1131.79,0,0,1,0,0.8559,0
AUC_1052,1721106534,23,0,206,0.0,206.0,625968,781440,2000,180,15,111,5,0.045,891.78,145.33,113.47,0.4826,2882.61,0,0,0,0,0.4293,0
AUC_1385,2079363166,27,8,152,0.2963,19.0,592060,629642,1000,240,21,90,4,0.0444,563.15,29.55,67.38,0.3311,3584.85,0,0,0,0,0.1143,0
AUC_1354,2097278644,30,4,283,0.1333,70.75,1026572,1164804,5000,180,20,353,13,0.0368,458.1,57.93,56.43,0.448,9101.45,0,0,0,0,0.3043,1
AUC_1012,2169837526,6,0,55,0.0,55.0,809672,912300,5000,180,15,249,5,0.0201,330.26,41.25,33.09,0.4604,14943.96,0,0,0,0,0.1388,0
AUC_1055,2821362370,21,0,56,0.0,56.0,148292,159413,5000,90,15,202,1,0.005,867.74,6.3,53.41,0.5085,9299.94,0,1,0,0,0.2428,0
AUC_1123,2283487985,56,7,368,0.125,52.5714,1181109,1406213,20000,180,4,51,11,0.2157,294.27,125.84,4.41,0.1772,48727.07,0,0,1,0,0.333,0
AUC_1100,1112922278,13,2,90,0.1538,45.0,1600000,1919266,1000,60,5,20,1,0.05,492.05,4.47,33.74,0.3471,1310.13,0,1,0,0,0.1671,0
AUC_1307,1869523491,5,1,40,0.2,40.0,1651454,1773673,5000,180,21,86,4,0.0465,576.14,91.71,59.48,0.3161,21214.96,0,0,0,0,0.1934,1
AUC_1125,1272289424,40,1,120,0.025,120.0,1172228,1379164,2000,180,21,307,9,0.0293,870.69,79.69,42.98,0.1343,6101.72,0,0,0,0,0.2636,0
AUC_1059,2481792038,35,3,84,0.0857,28.0,1477137,1661200,10000,30,20,260,4,0.0154,120.31,23.75,7.76,0.4748,20274.0,0,0,0,0,0.1799,0
AUC_1330,2799956875,134,3,2999,0.0224,999.6667,416277,514412,5000,60,21,142,21,0.1479,54.5,13.19,5.13,0.6838,7118.9,1,0,1,0,0.81,1
AUC_1116,1378972246,10,0,77,0.0,77.0,406443,461476,2000,60,24,264,1,0.0038,431.62,15.69,32.31,0.2197,7851.07,0,0,0,0,0.2545,0
AUC_1249,1363415817,46,8,349,0.1739,43.625,296525,315968,10000,180,13,181,14,0.0773,379.2,100.79,60.38,0.5238,30398.26,0,0,0,0,0.1944,0
AUC_1307,2150595307,80,6,1881,0.075,313.5,1127035,1180251,1000,60,7,114,17,0.1491,39.97,10.22,3.63,0.7057,1045.07,0,0,1,0,0.7808,1
AUC_1070,2499750347,33,5,224,0.1515,44.8,277719,318301,10000,120,18,259,1,0.0039,1163.11,75.17,33.81,0.3333,23449.08,0,0,0,0,0.0917,0
AUC_1234,2379091841,22,7,157,0.3182,22.4286,1725206,2155507,20000,120,12,97,9,0.0928,413.29,42.96,15.77,0.4068,20329.03,0,0,0,1,0.1039,0
AUC_1293,2083198938,3,0,29,0.0,29.0,1087195,1126436,20000,180,17,121,5,0.0413,1155.61,95.54,34.74,0.2837,32105.53,0,0,0,1,0.149,0
AUC_1151,1802706427,23,1,279,0.0435,279.0,587372,706576,5000,90,4,67,24,0.3582,62.0,5.45,4.03,0.6721,8760.29,1,1,1,0,0.8236,1
AUC_1395,1591305848,54,6,198,0.1111,33.0,1447354,1642546,10000,180,24,363,5,0.0138,244.42,69.87,21.36,0.2192,10460.84,0,0,1,0,0.1385,0
AUC_1295,2758101466,60,4,403,0.0667,100.75,133255,153050,2000,60,11,125,14,0.112,10.84,17.14,4.44,0.591,3393.89,0,0,1,0,0.605,1
AUC_1363,1609142611,123,7,3450,0.0569,492.8571,1391013,1628294,10000,180,22,395,26,0.0658,54.28,19.21,3.26,0.9088,16416.51,1,1,1,0,0.8452,1
AUC_1041,1533193562,63,19,337,0.3016,17.7368,467409,554624,5000,120,5,78,11,0.141,278.45,51.75,35.68,0.306,16798.42,0,0,0,1,0.2134,0
AUC_1010,1027502471,12,1,102,0.0833,102.0,1661407,1979167,10000,60,4,15,9,0.6,162.02,9.26,22.1,0.3662,43457.24,0,0,0,0,0.3053,0
AUC_1244,2932198873,36,12,240,0.3333,20.0,289475,348667,5000,60,12,71,6,0.0845,668.45,42.33,32.54,0.315,20000.41,0,0,0,0,0.0229,0
AUC_1175,2978528498,32,3,618,0.0938,206.0,1270172,1409304,5000,180,23,235,29,0.1234,70.81,5.02,8.05,0.6723,6000.64,0,1,1,0,0.6871,0
AUC_1319,2768389484,66,5,1291,0.0758,258.2,384958,405353,1000,120,24,366,15,0.041,30.54,35.91,2.6,0.6779,1715.68,0,0,1,0,0.6192,0
AUC_1149,2628502020,61,4,172,0.0656,43.0,1103649,1295562,20000,60,14,190,5,0.0263,315.4,42.39,9.28,0.5426,25362.86,0,0,0,1,0.2651,0
AUC_1102,2671188540,81,14,530,0.1728,37.8571,465284,553102,20000,120,22,69,12,0.1739,325.91,39.36,4.37,0.3429,42012.67,0,0,1,0,0.0256,0
AUC_1266,1740740981,80,8,1219,0.1,152.375,587829,709153,10000,180,6,50,20,0.4,83.2,7.55,10.21,0.8772,12476.4,0,1,1,0,0.8337,1
AUC_1037,2355145467,21,5,115,0.2381,23.0,582828,667404,1000,30,10,141,6,0.0426,213.08,10.87,17.63,0.1641,1575.76,0,0,0,0,0.0873,0
AUC_1061,1922342291,39,2,324,0.0513,162.0,463852,520165,5000,90,22,52,3,0.0577,127.78,59.32,20.46,0.1549,16177.79,0,0,0,0,0.2853,0
AUC_1211,1370004239,89,42,210,0.4719,5.0,953204,988641,1000,120,7,46,5,0.1087,256.5,61.57,17.56,0.4364,2951.05,0,0,0,0,0.1989,0
AUC_1333,2697079098,51,11,421,0.2157,38.2727,904727,972642,20000,90,15,190,16,0.0842,127.67,23.66,34.13,0.2149,61027.68,0,0,0,0,0.1315,0
AUC_1010,1685721106,35,17,139,0.4857,8.1765,1064801,1342532,5000,180,22,88,17,0.1932,263.82,93.39,6.52,0.369,13756.63,0,0,1,1,0.0268,0
AUC_1195,2933334613,22,11,120,0.5,10.9091,287528,322170,10000,120,14,199,8,0.0402,79.23,60.35,37.92,0.2947,27935.03,0,0,0,1,0.01,0
AUC_1397,2081634210,78,32,501,0.4103,15.6562,582361,701157,20000,180,18,48,11,0.2292,141.29,158.85,22.65,0.2525,36621.32,0,0,0,1,0.2153,0
AUC_1135,2720319296,88,44,787,0.5,17.8864,1711385,2049187,10000,60,7,28,12,0.4286,424.3,31.28,21.3,0.4314,11955.29,0,0,0,0,0.2239,0
AUC_1080,1978577382,14,1,60,0.0714,60.0,1982591,2324088,2000,90,8,139,7,0.0504,363.25,25.43,45.67,0.3493,5203.03,0,0,0,1,0.1903,1
AUC_1198,2124054557,15,4,108,0.2667,27.0,745915,865367,20000,60,8,53,2,0.0377,1187.26,11.95,10.37,0.3019,69296.59,0,0,0,0,0.0255,0
AUC_1093,1903245303,11,1,48,0.0909,48.0,735547,924558,20000,180,24,76,8,0.1053,572.35,100.89,33.92,0.5127,46593.99,0,0,0,0,0.0369,0
AUC_1098,1146012542,14,4,132,0.2857,33.0,642592,741284,2000,120,18,106,6,0.0566,808.5,41.78,83.36,0.5491,5171.38,0,0,0,0,0.1135,0
AUC_1163,1810955115,73,29,222,0.3973,7.6552,149225,178587,2000,90,6,51,2,0.0392,319.64,51.93,11.42,0.6804,2324.32,0,0,0,1,0.1868,0
AUC_1251,2833414089,37,1,292,0.027,292.0,730485,759561,2000,30,4,24,1,0.0417,1111.45,24.6,18.67,0.192,5893.94,0,0,0,0,0.2386,1
AUC_1104,1064086430,112,5,2191,0.0446,438.2,697919,916813,2000,180,11,93,37,0.3978,14.81,16.85,20.01,0.6234,2567.64,1,1,1,0,0.92,1
AUC_1346,1370759161,11,3,87,0.2727,29.0,1105951,1378994,2000,240,10,105,10,0.0952,140.18,147.68,25.56,0.5167,4160.9,0,0,1,0,0.1558,0
AUC_1091,1953275051,71,20,410,0.2817,20.5,508860,591909,10000,240,16,141,4,0.0284,342.54,170.2,30.31,0.4361,16356.54,0,0,0,0,0.0593,0
AUC_1032,2943087024,41,8,285,0.1951,35.625,144327,155572,20000,240,23,353,9,0.0255,403.88,99.29,19.88,0.323,47427.03,0,0,1,0,0.2305,0
AUC_1196,2154474486,8,0,27,0.0,27.0,1428094,1729278,2000,30,7,35,3,0.0857,128.26,12.41,0.35,0.4903,3078.19,0,0,1,1,0.1631,0
AUC_1271,2961526487,72,9,699,0.125,77.6667,1291625,1452638,5000,60,21,139,8,0.0576,325.14,22.24,14.03,0.3968,16197.14,0,0,0,0,0.1674,0
AUC_1039,1491459559,99,45,1153,0.4545,25.6222,1706416,1944755,2000,180,19,101,14,0.1386,202.35,65.72,31.38,0.218,4871.91,0,0,0,0,0.01,0
AUC_1218,2149487209,138,0,3735,0.0,3735.0,95386,102956,5000,180,12,132,35,0.2652,82.4,2.29,8.47,0.8978,8146.37,0,1,1,0,0.99,1
AUC_1228,1225316383,29,14,278,0.4828,19.8571,133792,138213,5000,30,22,361,13,0.036,98.25,16.22,10.8,0.3433,10691.03,0,0,0,0,0.0903,0
AUC_1312,1280093145,88,40,278,0.4545,6.95,914485,1129882,5000,240,5,84,8,0.0952,431.34,209.7,16.49,0.6818,5622.26,0,0,1,0,0.1567,0
AUC_1085,2276612046,127,3,2736,0.0236,912.0,122733,141967,2000,240,21,164,35,0.2134,85.61,22.61,26.35,0.9639,2392.99,0,1,1,0,0.8329,1
AUC_1277,1507556994,2,0,11,0.0,11.0,1656222,1747452,5000,180,20,151,3,0.0199,183.79,8.33,87.09,0.504,10291.48,0,1,0,1,0.2924,0
AUC_1249,2629511522,30,1,530,0.0333,530.0,101365,143245,2000,60,3,25,18,0.72,13.64,6.02,1.25,0.6446,3654.77,1,1,1,0,0.99,1
AUC_1247,2471903247,115,6,2755,0.0522,459.1667,962908,1116166,10000,120,24,218,34,0.156,8.92,26.47,8.47,0.7862,14800.95,1,0,1,0,0.8477,0
AUC_1045,2090998192,20,3,102,0.15,34.0,1149253,1301181,2000,120,21,147,6,0.0408,641.45,39.1,22.4,0.5428,3904.17,0,0,0,0,0.0831,0
AUC_1041,1576998833,78,9,343,0.1154,38.1111,1459154,1669482,10000,60,24,258,5,0.0194,76.59,49.02,5.44,0.6926,20733.78,0,0,1,0,0.3296,0
AUC_1008,1943682101,37,5,256,0.1351,51.2,1303730,1624922,1000,30,24,103,4,0.0388,241.54,22.01,13.51,0.402,3794.82,0,0,0,0,0.2442,0
AUC_1108,1980355755,50,24,291,0.48,12.125,1968987,2019172,5000,30,22,245,6,0.0245,222.47,4.12,10.86,0.3875,8882.87,0,0,0,1,0.049,0
AUC_1271,2785338321,74,3,1280,0.0405,426.6667,1345341,1514938,1000,180,15,246,39,0.1585,8.38,36.24,14.0,0.6722,1724.39,1,0,1,1,0.8708,1
AUC_1077,2545751580,8,1,30,0.125,30.0,1361556,1789944,5000,180,5,25,9,0.36,383.78,98.43,88.45,0.1202,22279.06,0,0,0,0,0.1502,1
AUC_1325,2836686157,53,7,148,0.1321,21.1429,1492108,1782254,20000,120,20,70,2,0.0286,329.32,44.16,2.95,0.4292,52954.84,0,0,1,0,0.0827,0
AUC_1286,2368268037,49,1,1699,0.0204,1699.0,305380,381624,10000,90,14,85,27,0.3176,75.98,17.84,5.51,0.9722,15885.94,0,0,1,0,0.8511,0
AUC_1291,1800841617,96,4,861,0.0417,215.25,1605242,2102110,5000,120,3,34,17,0.5,13.38,10.34,4.53,0.589,5938.41,0,1,1,0,0.99,1
AUC_1182,1429307632,36,2,297,0.0556,148.5,1651359,2074372,5000,90,13,50,21,0.42,33.21,14.5,6.19,0.6879,5870.8,1,0,1,0,0.9316,1
AUC_1376,2960532463,43,3,391,0.0698,130.3333,211544,219555,10000,120,22,203,6,0.0296,721.24,16.44,55.66,0.4756,26423.12,0,0,0,0,0.2576,0
AUC_1102,2207618807,4,1,24,0.25,24.0,1689562,2096427,10000,240,16,233,3,0.0129,874.7,118.86,161.5,0.4549,14383.81,0,0,0,0,0.0865,0
AUC_1281,1200279804,116,19,1261,0.1638,66.3684,453137,548300,10000,90,10,78,12,0.1538,222.75,33.76,32.26,0.2171,16469.17,0,0,0,1,0.2654,0
AUC_1318,1926266435,92,39,384,0.4239,9.8462,1154934,1296716,1000,60,23,279,12,0.043,360.74,16.25,9.87,0.5908,1393.95,0,0,0,0,0.0921,0
AUC_1377,2093753819,61,15,482,0.2459,32.1333,247559,274174,5000,60,4,24,7,0.2917,260.35,2.53,10.6,0.3113,13992.31,0,1,0,0,0.2196,0
AUC_1156,2704679018,68,31,395,0.4559,12.7419,1459158,1659146,20000,60,24,199,14,0.0704,226.33,3.41,18.6,0.3117,57428.47,0,1,0,0,0.1079,0
AUC_1245,2719504979,44,1,921,0.0227,921.0,787330,819784,20000,30,13,175,35,0.2,74.61,2.94,3.37,0.7217,22195.61,0,1,1,0,0.7551,1
AUC_1073,2736382122,39,8,132,0.2051,16.5,329077,414572,10000,240,10,56,4,0.0714,891.52,62.12,161.55,0.4759,43899.48,0,0,0,1,0.1734,0
AUC_1116,1864247872,84,0,1697,0.0,1697.0,1544865,1648597,10000,180,22,122,23,0.1885,67.63,13.43,11.47,0.7017,11001.12,1,1,1,1,0.82,0
AUC_1369,1915275126,16,7,213,0.4375,30.4286,381493,429691,20000,180,24,87,9,0.1034,481.86,109.95,39.1,0.6474,65376.45,0,0,0,0,0.0796,0
AUC_1133,1262976938,76,3,2573,0.0395,857.6667,992577,1065798,2000,90,12,187,31,0.1658,61.73,15.38,15.95,0.6719,2973.93,1,0,0,0,0.7214,0
AUC_1041,1542779895,60,1,444,0.0167,444.0,403993,432384,5000,180,21,280,3,0.0107,375.49,97.96,4.36,0.5194,12736.32,0,0,1,1,0.2871,0
AUC_1329,1018517303,11,1,100,0.0909,100.0,132149,158328,5000,60,3,24,6,0.25,278.98,17.12,33.04,0.2681,19488.14,0,0,0,1,0.3139,0
AUC_1139,1805207954,32,8,197,0.25,24.625,297119,352949,5000,120,5,29,3,0.1034,1043.98,31.26,19.01,0.4238,8855.38,0,0,0,0,0.076,0
AUC_1272,1259777727,14,1,32,0.0714,32.0,582271,634625,20000,180,6,21,3,0.1429,330.87,110.44,99.69,0.3142,74206.34,0,0,0,0,0.1189,0
AUC_1011,2199410058,55,2,448,0.0364,224.0,472602,520763,10000,30,16,109,29,0.2661,22.53,1.11,0.32,0.7172,15081.74,1,1,1,0,0.9179,1
AUC_1072,2716692592,17,4,63,0.2353,15.75,1125187,1216774,5000,60,10,156,11,0.0705,371.12,49.91,10.3,0.3136,10732.7,0,0,0,0,0.1592,0
AUC_1367,2814696391,83,25,273,0.3012,10.92,259224,303487,2000,90,18,139,15,0.1079,380.88,13.7,2.02,0.4913,6823.24,0,0,1,1,0.3112,0
AUC_1135,1820298916,34,0,281,0.0,281.0,1334291,1602408,10000,60,21,252,17,0.0675,25.62,14.46,3.25,0.9389,16367.7,0,0,1,0,0.7461,0
AUC_1120,2768196667,5,1,34,0.2,34.0,755640,809524,10000,180,10,98,1,0.0102,1175.76,92.79,100.07,0.2066,33610.84,0,0,0,0,0.0978,0
AUC_1008,2914007140,39,16,86,0.4103,5.375,264139,278657,1000,60,7,87,8,0.092,307.3,23.86,8.24,0.3341,1431.06,0,0,0,1,0.0164,0
AUC_1274,2572273748,102,47,329,0.4608,7.0,217954,267936,2000,180,9,44,16,0.3636,339.93,54.07,55.08,0.5224,2977.01,0,0,0,0,0.2172,0
AUC_1034,2671181749,12,1,81,0.0833,81.0,492498,564087,10000,180,21,53,3,0.0566,405.35,126.71,9.57,0.6653,23137.24,0,0,1,0,0.355,1
AUC_1062,1114622248,105,33,494,0.3143,14.9697,1089804,1269080,2000,180,7,74,8,0.1081,231.49,4.51,20.65,0.2031,2955.31,0,1,1,0,0.2261,0
AUC_1059,1214980299,49,10,259,0.2041,25.9,1658938,1999393,1000,30,11,192,6,0.0312,230.54,17.66,0.91,0.6666,2462.48,0,0,1,0,0.2304,0
AUC_1327,1146271633,36,12,173,0.3333,14.4167,811887,970525,20000,60,6,75,4,0.0533,925.55,7.74,33.2,0.4815,31899.56,0,0,0,0,0.0296,0
AUC_1177,2216357783,113,42,415,0.3717,9.881,1566923,1771064,2000,120,6,75,6,0.08,465.83,1.87,41.99,0.2347,4720.85,0,1,0,1,0.1712,0
AUC_1116,1961509001,45,0,841,0.0,841.0,625340,730061,1000,90,15,148,25,0.1689,8.6,8.14,7.24,0.644,2096.24,1,1,1,0,0.9525,1
AUC_1247,1445347217,29,6,175,0.2069,29.1667,141042,161334,2000,60,24,54,6,0.1111,1059.59,9.62,34.99,0.538,4414.85,0,0,0,0,0.0205,0
AUC_1332,1327045710,15,3,133,0.2,44.3333,737574,912393,5000,60,14,170,6,0.0353,900.74,38.4,36.5,0.5086,17597.89,0,0,0,1,0.2142,0
AUC_1076,2806951507,88,1,1734,0.0114,1734.0,212431,250649,5000,240,23,113,23,0.2035,53.21,47.68,1.69,0.8519,9431.18,1,0,1,1,0.8475,0
AUC_1335,2350917498,33,7,200,0.2121,28.5714,1027415,1082949,2000,120,13,111,1,0.009,928.68,85.09,77.01,0.1208,5289.18,0,0,0,0,0.01,0
AUC_1060,1110680444,21,4,80,0.1905,20.0,705209,791048,2000,60,6,77,8,0.1039,325.61,20.87,20.87,0.6096,2643.33,0,0,0,1,0.1675,0
AUC_1133,1948425677,123,3,1923,0.0244,641.0,231699,248642,2000,30,12,56,22,0.3929,23.22,7.06,0.19,0.7756,2672.7,1,0,1,0,0.9103,1
AUC_1163,2150535668,105,26,926,0.2476,35.6154,744802,864338,5000,180,14,221,16,0.0724,77.51,75.05,28.53,0.2315,15379.63,0,0,0,1,0.1471,0
AUC_1039,2146777923,106,18,674,0.1698,37.4444,1951505,2046845,1000,120,13,165,8,0.0485,439.82,59.15,19.6,0.4962,2024.88,0,0,0,0,0.1508,0
AUC_1272,2529761701,96,6,2035,0.0625,339.1667,1045583,1271199,10000,60,23,53,37,0.6981,87.96,7.09,3.18,0.8239,16618.98,0,1,1,0,0.99,1
AUC_1100,1683680831,76,2,1644,0.0263,822.0,1535327,1696507,5000,90,15,169,20,0.1183,12.02,18.76,3.7,0.7659,5590.41,1,0,1,0,0.7525,1
AUC_1019,1677802012,16,1,308,0.0625,308.0,1888198,2170179,5000,180,17,197,23,0.1168,7.23,3.47,3.7,0.7267,7096.09,1,1,1,0,0.9252,1
AUC_1059,2475337614,13,4,113,0.3077,28.25,1465109,1777242,20000,240,11,80,2,0.025,957.54,65.79,100.12,0.2731,26638.09,0,0,0,0,0.01,0
AUC_1214,1205484732,40,18,172,0.45,9.5556,1156406,1339273,10000,120,5,13,4,0.3077,439.65,77.39,15.67,0.4196,13385.7,0,0,0,0,0.2296,0
AUC_1021,1084627630,22,1,366,0.0455,366.0,1522378,1861077,5000,90,21,263,19,0.0722,26.72,30.09,5.58,0.8799,8874.76,1,0,1,0,0.7598,1
AUC_1096,1565369460,79,4,2191,0.0506,547.75,1507666,1886945,10000,240,16,229,35,0.1528,70.17,35.51,20.56,0.6565,18044.51,0,0,1,0,0.9052,1
AUC_1202,2885702709,77,19,807,0.2468,42.4737,1455716,1657531,5000,60,12,65,14,0.2154,385.72,3.49,21.73,0.4177,11344.39,0,1,0,1,0.2787,0
AUC_1378,1583187312,41,5,406,0.122,81.2,1054408,1265227,2000,60,14,128,4,0.0312,947.09,11.88,9.93,0.1303,6568.8,0,0,0,1,0.1383,1
AUC_1343,1807771148,34,1,302,0.0294,302.0,1424399,1640279,10000,180,24,338,3,0.0089,584.6,44.42,27.63,0.4745,26394.76,0,0,0,1,0.4149,0
AUC_1274,2251903228,22,1,191,0.0455,191.0,1447056,1644273,5000,30,10,109,27,0.2477,13.71,6.95,1.83,0.8462,8160.84,1,0,1,0,0.99,1
AUC_1204,1450388253,37,12,308,0.3243,25.6667,811971,962124,5000,120,17,175,5,0.0286,96.59,85.82,6.08,0.4957,13204.91,0,0,1,0,0.0842,0
AUC_1247,1463476277,109,22,1282,0.2018,58.2727,1272843,1637924,10000,90,19,57,13,0.2281,276.67,0.87,19.79,0.243,16721.82,0,1,0,0,0.2707,1
AUC_1271,2689636599,36,2,625,0.0556,312.5,1985717,2483885,20000,60,9,50,27,0.54,23.06,9.99,0.47,0.7057,23474.77,1,0,1,0,0.99,1
AUC_1110,1390849569,118,5,3318,0.0424,663.6,629786,726942,5000,60,11,149,34,0.2282,59.42,6.21,11.88,0.8004,5334.26,1,1,0,0,0.8139,1
AUC_1285,2737898680,19,1,123,0.0526,123.0,875733,942024,1000,180,7,101,4,0.0396,866.64,138.79,85.62,0.53,4219.95,0,0,0,1,0.2828,0
AUC_1313,2215313846,35,1,1013,0.0286,1013.0,922363,1155299,1000,180,20,71,33,0.4648,81.74,39.21,26.26,0.8052,1337.9,0,0,0,0,0.9858,1
AUC_1022,1622363390,76,12,810,0.1579,67.5,1231575,1309740,20000,120,23,179,14,0.0782,80.74,57.03,10.74,0.5978,59430.93,0,0,1,1,0.253,0
AUC_1272,2466134727,66,4,525,0.0606,131.25,1072811,1276976,10000,180,3,53,31,0.5849,11.23,7.44,15.12,0.6586,18685.01,1,1,1,0,0.99,1
AUC_1036,2657697167,109,10,1787,0.0917,178.7,1112983,1398741,5000,60,4,38,26,0.6842,79.21,11.49,5.0,0.9427,7927.65,0,0,1,0,0.9391,1
AUC_1336,2709091819,137,7,2341,0.0511,334.4286,144594,180999,10000,240,14,239,21,0.0879,59.19,28.02,2.53,0.7526,13061.92,1,1,1,0,0.898,1
AUC_1289,2443029173,31,9,321,0.2903,35.6667,1194477,1478250,10000,90,19,236,8,0.0339,138.72,9.19,9.7,0.3849,34289.82,0,1,1,1,0.1705,1
AUC_1175,1922135821,44,6,199,0.1364,33.1667,550424,591302,1000,60,23,267,1,0.0037,278.93,34.55,30.25,0.4974,1898.53,0,0,0,0,0.2984,0
AUC_1292,2374923110,119,48,892,0.4034,18.5833,580976,702983,1000,90,12,70,7,0.1,264.18,52.2,10.28,0.4641,1689.56,0,0,1,0,0.2359,0
AUC_1322,1500301199,42,1,348,0.0238,348.0,500764,590890,5000,180,4,55,4,0.0727,522.3,103.14,51.51,0.3493,11554.32,0,0,0,0,0.2763,1
AUC_1033,2166947046,103,44,410,0.4272,9.3182,421529,510280,2000,240,14,132,16,0.1212,329.74,129.92,72.77,0.6411,4303.23,0,0,0,0,0.1788,1
AUC_1237,2582913294,78,23,462,0.2949,20.087,65745,69345,5000,60,9,103,5,0.0485,323.23,43.69,9.97,0.206,8921.9,0,0,0,0,0.0424,0
AUC_1198,1007658325,97,6,2392,0.0619,398.6667,1030133,1154062,5000,90,18,118,26,0.2203,50.72,22.13,6.53,0.8222,8152.82,1,0,1,1,0.8345,1
AUC_1143,1449732244,79,0,750,0.0,750.0,1192717,1458127,10000,240,17,48,22,0.4583,82.78,11.45,1.27,0.8822,13365.47,0,1,1,0,0.99,1
AUC_1016,1954104513,83,35,955,0.4217,27.2857,338223,379601,2000,120,12,117,16,0.1368,369.02,33.8,35.22,0.5138,3508.24,0,0,0,0,0.1187,0
AUC_1348,2498441999,62,22,330,0.3548,15.0,495189,514379,10000,90,9,128,3,0.0234,63.28,83.18,6.78,0.2417,20234.28,0,0,1,0,0.1084,0
AUC_1283,2237028258,32,3,263,0.0938,87.6667,1189822,1245041,5000,90,13,79,7,0.0886,1128.7,67.77,17.8,0.3457,11850.05,0,0,0,0,0.2334,0
AUC_1091,2091691752,56,0,1256,0.0,1256.0,95105,129272,1000,240,24,52,43,0.8269,58.15,13.6,6.91,0.7435,1099.98,1,1,1,1,0.99,1
AUC_1172,2250132028,30,10,221,0.3333,22.1,811979,910258,2000,90,20,293,13,0.0444,220.32,17.42,9.39,0.4436,3454.26,0,0,1,1,0.1616,0
AUC_1091,1626159776,59,3,518,0.0508,172.6667,1304434,1605202,2000,90,12,72,6,0.0833,391.21,34.3,5.92,0.5199,5545.45,0,0,1,0,0.2689,0
AUC_1090,2680630049,23,4,282,0.1739,70.5,896407,1048725,5000,180,5,65,16,0.2462,284.29,43.59,10.15,0.5073,12474.12,0,0,1,0,0.419,0
AUC_1177,2579263350,40,10,167,0.25,16.7,1889163,2250644,20000,90,14,155,2,0.0129,1043.88,43.54,20.17,0.143,67176.24,0,0,0,0,0.1152,0
AUC_1188,2156126091,61,28,461,0.459,16.4643,1202654,1295409,5000,30,19,196,2,0.0102,178.15,13.17,2.27,0.2038,11031.32,0,0,1,0,0.0606,0
AUC_1013,2742611186,34,8,227,0.2353,28.375,294820,303626,10000,180,18,220,6,0.0273,757.48,71.07,60.77,0.2657,18671.51,0,0,0,1,0.1262,0
AUC_1110,2777821128,121,6,2117,0.0496,352.8333,665616,816454,10000,90,3,50,41,0.82,109.25,7.78,3.78,0.8516,11851.96,0,1,1,0,0.9734,1
AUC_1217,2365814100,78,36,400,0.4615,11.1111,120556,136239,1000,120,17,204,9,0.0441,254.91,59.62,36.43,0.4129,2010.8,0,0,0,0,0.01,0
AUC_1358,1833260531,2,0,10,0.0,10.0,183250,225088,20000,30,16,53,8,0.1509,245.2,2.13,15.03,0.1291,62424.97,0,1,0,0,0.1011,1
AUC_1181,2872130210,16,5,40,0.3125,8.0,1817568,2055228,5000,60,17,169,7,0.0414,375.75,38.15,4.7,0.6691,7989.84,0,0,1,0,0.107,0
AUC_1108,2532583245,86,31,246,0.3605,7.9355,424227,453527,1000,180,9,68,9,0.1324,399.52,65.75,27.18,0.6258,2440.9,0,0,0,0,0.1237,0
AUC_1096,1541231312,15,1,369,0.0667,369.0,915154,1239081,5000,120,3,46,26,0.5652,87.92,3.69,4.68,0.9688,8608.91,0,1,1,0,0.8647,1
AUC_1214,1489871585,40,9,95,0.225,10.5556,1567675,1862970,20000,60,9,97,2,0.0206,639.26,33.76,25.72,0.3374,27996.86,0,0,0,1,0.1015,0
AUC_1224,2240333163,21,6,72,0.2857,12.0,413224,510382,10000,60,24,69,5,0.0725,285.74,16.53,31.59,0.527,34170.97,0,0,0,1,0.1049,1
AUC_1263,2078843805,131,4,3830,0.0305,957.5,826722,1035403,2000,180,24,342,39,0.114,114.35,26.13,1.32,0.7458,2525.43,0,0,1,0,0.8038,1
AUC_1149,1730006566,29,0,163,0.0,163.0,597318,742890,20000,90,17,107,5,0.0467,234.58,42.72,28.36,0.2586,59983.32,0,0,0,0,0.1854,0
AUC_1020,2318075838,11,1,48,0.0909,48.0,1355560,1498862,1000,60,6,24,7,0.2917,545.55,49.27,24.97,0.4824,2350.19,0,0,0,1,0.1805,0
AUC_1181,1905722233,157,7,3200,0.0446,457.1429,177171,208772,5000,30,23,77,17,0.2208,58.08,4.51,5.84,0.6989,5746.21,0,0,0,1,0.765,1
AUC_1285,2069740040,32,8,278,0.25,34.75,503722,591591,10000,90,12,42,9,0.2143,462.88,30.42,24.14,0.5318,21590.95,0,0,0,0,0.1844,0
AUC_1002,2180623430,44,1,342,0.0227,342.0,382056,404569,10000,90,17,68,9,0.1324,619.6,70.78,39.66,0.1319,36422.59,0,0,0,1,0.2326,0
AUC_1191,2746636933,32,0,256,0.0,256.0,1199216,1294997,10000,240,14,186,5,0.0269,492.0,28.86,60.06,0.2995,43798.94,0,0,0,0,0.2423,0
AUC_1210,2711708200,20,1,529,0.05,529.0,1594865,1756840,1000,240,20,266,18,0.0677,13.4,27.23,1.97,0.7756,1722.03,1,1,1,0,0.7639,1
AUC_1074,1144526455,47,2,409,0.0426,204.5,1094990,1376558,1000,120,22,115,29,0.2522,11.68,5.23,3.86,0.8412,1865.04,1,1,1,0,0.8784,1
AUC_1096,1952127936,95,46,904,0.4842,19.6522,111318,116142,5000,240,4,39,15,0.3846,90.06,14.52,12.19,0.361,8595.23,0,1,1,0,0.2211,1
AUC_1149,2916890563,63,4,1055,0.0635,263.75,1240989,1388683,2000,90,12,208,33,0.1587,87.36,5.69,8.89,0.6385,2513.31,0,1,1,0,0.8429,1
AUC_1202,2700360474,35,1,264,0.0286,264.0,1708291,2055341,2000,120,19,154,9,0.0584,228.85,99.79,82.89,0.2229,6600.18,0,0,0,0,0.2527,0
AUC_1109,1575922492,68,3,1009,0.0441,336.3333,1247170,1548075,10000,60,22,272,24,0.0882,29.94,4.27,4.69,0.8703,15847.0,1,1,1,0,0.99,1
AUC_1015,2755609967,63,2,1004,0.0317,502.0,1362134,1685708,2000,30,4,45,26,0.5778,113.2,6.83,1.85,0.7432,3528.73,0,0,1,0,0.8693,0
AUC_1396,2190306876,18,1,105,0.0556,105.0,1286861,1455508,10000,240,5,46,2,0.0435,866.0,137.3,114.3,0.4273,24347.66,0,0,0,0,0.2492,0
AUC_1222,2938684021,112,10,914,0.0893,91.4,1724395,2142795,10000,120,9,161,38,0.236,33.05,20.37,9.73,0.9696,16128.77,1,0,1,0,0.9376,1
AUC_1215,2021286688,34,0,255,0.0,255.0,634566,737041,1000,30,14,219,3,0.0137,614.06,0.79,10.1,0.5355,3086.28,0,1,0,0,0.3841,1
AUC_1332,2327505223,33,4,286,0.1212,71.5,1536880,1769695,1000,120,5,15,4,0.2667,411.16,67.59,62.26,0.5381,3294.37,0,0,0,0,0.3268,0
AUC_1136,1610084741,53,22,481,0.4151,21.8636,1537919,1831765,5000,180,3,33,17,0.5152,313.3,70.59,45.87,0.6112,6157.1,0,0,0,0,0.3769,0
AUC_1311,2242948456,43,3,275,0.0698,91.6667,750999,925767,20000,90,3,22,1,0.0455,861.53,1.01,23.97,0.4927,55783.98,0,1,0,1,0.3817,1
AUC_1177,2175728231,3,1,20,0.3333,20.0,1151697,1258587,10000,60,11,98,6,0.0612,1046.27,42.25,14.26,0.4812,32092.7,0,0,0,0,0.1671,0
AUC_1340,2419700375,11,1,35,0.0909,35.0,1435253,1645454,10000,240,12,184,5,0.0272,807.68,19.93,123.42,0.2598,41849.96,0,1,0,0,0.1517,0
AUC_1140,2527811456,38,0,196,0.0,196.0,640012,709053,2000,120,13,56,6,0.1071,100.77,46.94,20.3,0.5594,4367.81,0,0,0,0,0.3925,1
AUC_1075,1749343657,43,16,229,0.3721,14.3125,438319,467832,1000,90,22,165,6,0.0364,223.37,4.26,31.51,0.515,3259.09,0,1,0,1,0.168,0
AUC_1105,2641597146,5,0,48,0.0,48.0,1245100,1369664,20000,120,11,180,2,0.0111,486.21,34.63,81.62,0.246,36679.14,0,0,0,0,0.1571,0
AUC_1103,1644467500,55,5,349,0.0909,69.8,744111,783015,2000,120,11,131,3,0.0229,323.58,103.87,13.28,0.1743,3648.41,0,0,1,0,0.0607,0
AUC_1151,1603356675,66,12,592,0.1818,49.3333,1610198,1995884,10000,120,16,126,10,0.0794,63.05,17.86,18.5,0.3772,19104.2,0,0,0,0,0.1765,0
AUC_1046,1217635977,87,41,919,0.4713,22.4146,1498743,1696759,5000,90,18,254,7,0.0276,362.35,32.81,8.3,0.3189,6264.63,0,0,1,0,0.01,0
AUC_1083,2037189578,33,5,209,0.1515,41.8,57464,63136,2000,120,13,117,3,0.0256,205.38,80.75,71.96,0.4377,3533.51,0,0,0,0,0.2201,1
AUC_1089,1730136684,87,28,329,0.3218,11.75,1466681,1504367,2000,180,21,193,3,0.0155,384.7,129.13,14.92,0.3543,2046.62,0,0,1,1,0.1688,0
AUC_1297,2958980363,53,25,470,0.4717,18.8,149521,170842,2000,30,11,101,17,0.1683,479.46,13.32,7.76,0.5707,6990.41,0,0,0,0,0.2241,0
AUC_1195,2730753204,77,2,327,0.026,163.5,929185,1159086,10000,30,7,87,2,0.023,105.98,13.26,3.86,0.5617,27834.97,0,0,0,0,0.2572,0
AUC_1307,1995134168,87,7,1285,0.0805,183.5714,1253691,1408899,5000,90,24,419,36,0.0859,15.17,15.91,0.88,0.9408,8416.45,1,0,1,0,0.8597,1
AUC_1152,2884361219,32,10,144,0.3125,14.4,1194472,1278786,2000,180,7,120,1,0.0083,1141.06,45.88,73.43,0.1828,8598.99,0,0,0,1,0.0545,0
AUC_1330,2780543272,22,2,298,0.0909,149.0,1650735,1894629,1000,240,16,242,31,0.1281,32.89,1.76,5.4,0.7691,1882.58,1,1,1,0,0.896,1
AUC_1079,2966692082,53,23,140,0.434,6.087,1547148,1827521,2000,180,14,136,4,0.0294,372.09,67.91,14.81,0.1795,5183.15,0,0,1,0,0.0544,0
AUC_1282,1668343032,34,1,813,0.0294,813.0,758404,967695,1000,90,5,35,26,0.7429,67.2,20.5,7.42,0.6554,1706.56,1,0,1,0,0.9425,1
AUC_1301,2239386866,17,5,58,0.2941,11.6,472253,588566,10000,90,7,114,7,0.0614,926.36,14.72,46.63,0.4688,44560.26,0,0,0,0,0.1726,0
AUC_1191,2543396791,52,8,329,0.1538,41.125,409850,426739,1000,60,4,50,5,0.1,87.49,52.02,6.85,0.4678,2920.58,0,0,1,0,0.2399,0
AUC_1274,1760086898,34,0,757,0.0,757.0,1566981,1964395,10000,180,10,60,26,0.4333,75.01,29.27,18.28,0.992,15785.68,0,0,1,0,0.9166,0
AUC_1234,1124719230,10,2,46,0.2,23.0,121961,143946,5000,120,4,54,5,0.0926,329.83,27.52,81.0,0.4351,21628.45,0,0,0,1,0.1296,0
AUC_1227,1769147340,43,14,268,0.3256,19.1429,1292130,1619834,1000,240,22,155,9,0.0581,824.31,58.38,93.03,0.1726,2226.32,0,0,0,0,0.01,0
AUC_1202,1191420536,55,18,446,0.3273,24.7778,1398995,1533881,1000,120,14,90,10,0.1111,357.38,62.38,31.0,0.2043,1708.74,0,0,0,0,0.1269,0
AUC_1103,2844587143,41,10,94,0.2439,9.4,933012,1119646,10000,60,9,22,7,0.3182,1108.75,28.58,15.84,0.4469,28689.5,0,0,0,1,0.1547,0
AUC_1340,1843399888,88,12,273,0.1364,22.75,1460764,1856549,10000,180,17,113,15,0.1327,183.97,67.4,18.03,0.5639,22015.42,0,0,1,1,0.2985,0
AUC_1206,2936620805,96,48,608,0.5,12.6667,1207504,1364794,1000,180,14,245,7,0.0286,358.95,13.82,48.41,0.527,2609.96,0,1,0,0,0.0278,0
AUC_1291,2175155787,26,2,189,0.0769,94.5,891932,1117987,10000,240,7,75,10,0.1333,396.34,101.59,4.26,0.6812,15870.55,0,0,1,1,0.2034,0
AUC_1251,2904519159,27,2,227,0.0741,113.5,1731222,2064336,10000,180,19,280,5,0.0179,826.33,131.23,65.8,0.118,44774.12,0,0,0,1,0.2358,1
AUC_1233,1697213067,65,0,919,0.0,919.0,728523,829552,20000,90,15,139,28,0.2014,20.55,25.36,8.07,0.8141,30642.89,1,0,1,0,0.8743,1
AUC_1138,2680833340,42,8,155,0.1905,19.375,669811,732536,1000,180,24,65,8,0.1231,552.17,90.62,28.01,0.2578,3249.34,0,0,0,1,0.0792,1
AUC_1140,1726522305,30,4,239,0.1333,59.75,875289,953373,20000,90,6,94,4,0.0426,153.06,50.27,27.78,0.4283,53835.73,0,0,0,0,0.1627,0
AUC_1197,2404792429,21,4,226,0.1905,56.5,717865,880415,10000,30,24,297,16,0.0539,412.55,5.69,5.39,0.3989,32050.75,0,0,0,1,0.2354,0
AUC_1110,2458746190,27,7,59,0.2593,8.4286,725982,885070,10000,120,3,15,6,0.4,943.35,93.17,38.63,0.4702,12854.91,0,0,0,0,0.2291,0
AUC_1279,1389520502,7,1,41,0.1429,41.0,138444,149641,1000,60,23,290,11,0.0379,391.86,37.96,0.24,0.503,1533.49,0,0,1,1,0.1222,0
AUC_1394,1679561915,55,0,1415,0.0,1415.0,708706,854216,2000,240,24,95,43,0.4526,88.58,7.48,26.84,0.8867,2506.72,0,1,1,0,0.9153,1
AUC_1090,1163453853,113,0,1531,0.0,1531.0,1787995,1897451,10000,180,9,111,16,0.1441,17.58,62.91,7.59,0.7941,15029.39,0,0,1,0,0.8017,1
AUC_1394,2061212244,50,0,446,0.0,446.0,252011,303539,20000,90,24,179,11,0.0615,77.41,79.66,7.74,0.3428,31605.1,0,0,1,1,0.4059,0
AUC_1392,1457334773,10,0,99,0.0,99.0,1708156,2079693,10000,120,18,228,6,0.0263,579.47,64.73,23.91,0.3259,22897.24,0,0,0,0,0.2243,0
AUC_1177,1782476415,30,6,75,0.2,12.5,1974939,2549267,5000,60,3,27,9,0.3333,748.24,16.47,19.34,0.4886,14733.37,0,0,0,0,0.2993,1
AUC_1308,1983013232,120,8,1854,0.0667,231.75,1497643,1843781,5000,240,16,286,16,0.0559,29.42,54.91,8.05,0.9066,6260.5,0,0,1,1,0.552,0
AUC_1290,1001129280,12,1,111,0.0833,111.0,1259380,1321929,5000,180,4,67,2,0.0299,763.23,83.77,99.94,0.4031,15218.11,0,0,0,0,0.3295,0
AUC_1138,1693219162,44,12,386,0.2727,32.1667,1536347,1839715,5000,90,17,125,8,0.064,518.0,24.64,59.21,0.1895,6242.3,0,0,0,0,0.0962,1
AUC_1031,1546548202,38,7,81,0.1842,11.5714,1339567,1527330,1000,180,13,229,5,0.0218,1087.39,88.81,40.34,0.4929,1822.6,0,0,0,0,0.0779,0
AUC_1128,1806832338,59,2,1988,0.0339,994.0,1513050,1872534,20000,240,17,84,24,0.2857,76.71,25.65,27.58,0.7991,29500.88,0,1,1,0,0.9234,1
AUC_1273,2786429993,26,3,234,0.1154,78.0,1962468,2196305,1000,90,24,188,9,0.0479,663.71,2.63,57.58,0.2403,2076.19,0,1,0,1,0.1618,1
AUC_1012,1860544742,23,2,182,0.087,91.0,990051,1096369,10000,60,20,234,7,0.0299,362.21,43.62,17.39,0.2147,41164.88,0,0,0,0,0.1708,1
AUC_1226,1026991563,18,0,128,0.0,128.0,372745,409099,20000,180,8,137,4,0.0292,64.32,158.28,30.95,0.2034,34526.46,0,0,0,1,0.3234,0
AUC_1186,2710457919,19,0,298,0.0,298.0,355331,448525,1000,180,16,80,37,0.4625,18.38,27.82,0.8,0.761,1715.21,1,0,1,0,0.99,1
AUC_1238,2785421186,80,7,1293,0.0875,184.7143,667738,780641,2000,120,19,151,28,0.1854,43.26,24.42,9.29,0.7707,3312.74,1,0,1,0,0.9349,1
AUC_1227,1102752958,20,5,210,0.25,42.0,1342350,1673350,10000,120,22,103,7,0.068,437.34,28.42,17.57,0.2429,32656.22,0,0,0,1,0.0398,0
AUC_1083,1974879868,89,2,1302,0.0225,651.0,262643,327676,1000,180,21,75,29,0.3867,39.68,21.52,0.75,0.9373,2165.15,1,1,1,0,0.9631,1
AUC_1118,1069370988,88,7,1240,0.0795,177.1429,744677,976281,10000,60,4,62,19,0.3065,39.99,2.58,6.85,0.9635,12520.97,1,1,1,1,0.9747,0
AUC_1370,2108527038,28,1,460,0.0357,460.0,658918,711149,10000,90,13,205,27,0.1317,48.3,4.54,5.53,0.7412,14917.32,1,1,1,0,0.7877,1
AUC_1241,1907535655,41,20,231,0.4878,11.55,1226043,1447938,20000,120,23,149,14,0.094,185.76,53.5,32.85,0.5558,30872.55,0,0,0,1,0.187,0
AUC_1392,1825958774,101,5,1343,0.0495,268.6,1585933,1855563,1000,120,23,139,40,0.2878,48.17,2.54,15.25,0.8504,1634.51,1,1,0,0,0.99,1
AUC_1325,2720905463,17,0,137,0.0,137.0,1293983,1560051,20000,30,24,64,6,0.0938,583.6,22.39,17.89,0.285,34276.22,0,0,0,1,0.2842,0
AUC_1313,1334520056,77,37,406,0.4805,10.973,366269,451173,1000,240,10,49,8,0.1633,73.83,106.48,33.34,0.3497,2961.63,0,0,0,1,0.0284,0
AUC_1044,2029160474,18,1,338,0.0556,338.0,1748292,1872622,5000,180,7,98,26,0.2653,10.24,41.73,2.59,0.5506,5170.52,1,0,1,0,0.7914,1
AUC_1197,2777837809,35,6,327,0.1714,54.5,431854,537278,10000,180,6,50,7,0.14,246.38,105.59,27.61,0.3312,22651.52,0,0,0,0,0.2271,0
AUC_1096,1373437458,38,7,163,0.1842,23.2857,383786,426118,20000,120,3,39,1,0.0256,930.57,39.93,66.13,0.3208,54653.87,0,0,0,1,0.1688,0
AUC_1002,1241928031,14,0,143,0.0,143.0,1672231,1905351,5000,240,7,103,25,0.2427,8.73,42.28,1.2,0.7122,10153.1,1,0,1,1,0.7915,1
AUC_1110,2888822675,159,2,3100,0.0126,1550.0,634164,773755,10000,90,12,196,36,0.1837,41.98,23.41,8.62,0.6845,15355.46,1,0,1,0,0.9154,1
AUC_1034,2335270686,17,0,369,0.0,369.0,597440,682451,5000,120,13,52,31,0.5962,17.24,3.04,2.83,0.9122,7005.15,1,1,1,0,0.99,1
AUC_1057,2351734859,30,5,315,0.1667,63.0,193049,210473,10000,60,9,19,8,0.4211,457.63,2.51,11.89,0.3611,28460.39,0,1,0,1,0.3039,0
AUC_1359,2617234071,87,1,1400,0.0115,1400.0,787899,859610,10000,90,14,136,33,0.2426,8.54,6.21,0.87,0.7597,14315.24,1,1,1,0,0.99,1
AUC_1227,2962110912,16,3,116,0.1875,38.6667,1320370,1485957,5000,240,24,57,1,0.0175,657.53,140.95,123.66,0.2176,18369.56,0,0,0,1,0.2235,0
AUC_1201,1033836547,53,3,747,0.0566,249.0,625916,668574,1000,60,17,197,13,0.066,32.81,13.09,0.26,0.5908,1722.87,0,0,1,0,0.6508,1
AUC_1366,2654657378,105,50,826,0.4762,16.52,1988205,2202532,1000,240,19,264,13,0.0492,146.14,151.2,40.33,0.5178,3362.1,0,0,0,0,0.1566,1
AUC_1347,2580859728,133,6,3288,0.0451,548.0,1122683,1422081,1000,240,18,250,34,0.136,20.88,63.97,11.57,0.7008,1069.92,1,0,1,0,0.9604,1
AUC_1228,2615209094,57,26,773,0.4561,29.7308,408041,461241,1000,90,11,54,9,0.1667,164.28,3.68,11.87,0.2125,1096.61,0,1,0,0,0.2358,0
AUC_1208,1821874005,24,4,65,0.1667,16.25,795129,926787,20000,90,18,185,7,0.0378,812.37,66.91,16.43,0.4984,45555.91,0,0,0,0,0.1658,0
AUC_1314,1097183172,63,0,825,0.0,825.0,1833934,2100817,5000,90,23,155,27,0.1742,91.37,2.44,0.61,0.7287,7863.1,0,1,1,0,0.6999,0
AUC_1316,1482410318,6,2,46,0.3333,23.0,908445,1056012,5000,120,19,181,2,0.011,594.27,24.88,24.04,0.3819,8548.84,0,0,0,0,0.1057,0
AUC_1240,2736687613,63,3,993,0.0476,331.0,410701,475314,1000,120,8,59,28,0.4746,35.69,0.74,4.13,0.6291,1764.83,1,1,1,1,0.9236,1
AUC_1014,2885245920,23,3,88,0.1304,29.3333,290572,308405,2000,240,21,60,4,0.0667,1089.68,42.01,107.81,0.5184,5562.94,0,0,0,0,0.2314,0
AUC_1064,1795482473,58,2,825,0.0345,412.5,415154,508485,2000,90,20,292,16,0.0548,16.85,19.87,5.2,0.6268,3772.01,0,0,1,1,0.7606,1
AUC_1066,1229804898,58,0,781,0.0,781.0,1694187,1763399,1000,240,16,260,10,0.0385,19.33,64.29,0.38,0.8379,1548.27,0,0,1,0,0.8081,1
AUC_1017,1129184006,4,1,14,0.25,14.0,997144,1172942,10000,60,11,132,1,0.0076,907.27,19.15,11.59,0.2594,19543.63,0,0,0,0,0.01,0
AUC_1365,1284467230,66,29,346,0.4394,11.931,1188843,1469873,1000,120,10,85,7,0.0824,344.67,58.76,8.7,0.4872,1269.34,0,0,1,0,0.244,0
AUC_1329,2154957816,40,0,540,0.0,540.0,1434120,1844570,2000,60,19,76,22,0.2895,80.94,9.84,5.59,0.8562,2552.22,0,0,1,0,0.8794,1
AUC_1031,1829229564,32,0,623,0.0,623.0,1881376,2277109,5000,90,3,32,28,0.875,39.27,12.2,0.97,0.8637,8253.34,1,0,1,0,0.9518,1
AUC_1215,1568270397,42,2,1220,0.0476,610.0,476475,495474,20000,120,15,224,18,0.0804,65.8,27.5,10.47,0.9123,33789.57,1,0,1,0,0.6963,0
AUC_1115,1923948173,96,19,893,0.1979,47.0,547372,585089,2000,90,24,89,15,0.1685,466.4,39.08,27.19,0.5153,2795.81,0,0,0,0,0.0708,0
AUC_1165,1548173021,34,4,86,0.1176,21.5,364475,415676,10000,90,5,61,8,0.1311,271.85,85.3,4.18,0.5692,23178.66,0,0,1,1,0.2799,0
AUC_1290,1212440243,92,11,878,0.1196,79.8182,1680314,2016578,5000,90,12,35,17,0.4857,70.88,22.33,12.52,0.56,9885.59,0,0,0,0,0.5011,1
AUC_1349,2106987767,59,2,1878,0.0339,939.0,188747,196820,1000,180,21,197,23,0.1168,83.11,43.91,9.77,0.8569,1783.5,0,0,1,0,0.7867,1
AUC_1077,1049185195,33,3,326,0.0909,108.6667,194004,217281,5000,120,7,44,3,0.0682,160.84,19.93,39.75,0.4076,11400.21,0,0,0,0,0.3028,1
AUC_1203,1387974027,29,7,190,0.2414,27.1429,1564552,1656717,20000,240,19,276,7,0.0254,870.88,199.47,142.27,0.2411,73140.99,0,0,0,0,0.0269,0
AUC_1254,2174068311,92,4,1652,0.0435,413.0,1874746,2233358,20000,120,17,50,35,0.7,61.3,24.09,3.56,0.9472,25499.04,1,0,1,0,0.99,1
AUC_1168,1083875333,42,1,84,0.0238,84.0,1056580,1270835,20000,240,20,73,3,0.0411,817.0,42.91,99.54,0.2511,63277.8,0,0,0,0,0.1132,0
AUC_1272,2271139491,51,8,669,0.1569,83.625,1396626,1599844,5000,90,5,42,16,0.381,285.72,27.35,22.37,0.3526,12666.2,0,0,0,0,0.3135,0
AUC_1364,1094713564,43,6,87,0.1395,14.5,1980562,2397216,10000,120,17,250,1,0.004,303.53,37.2,58.23,0.1606,30471.96,0,0,0,0,0.1596,0
AUC_1320,2363688913,108,23,1450,0.213,63.0435,1230303,1353038,1000,180,18,285,8,0.0281,247.14,11.55,54.55,0.4117,1647.07,0,1,0,1,0.1955,0
AUC_1100,2954982777,79,2,1006,0.0253,503.0,1903379,2467081,20000,120,13,144,31,0.2153,65.11,24.11,3.5,0.7241,35538.18,1,0,1,0,0.78,1
AUC_1020,1455757841,12,1,90,0.0833,90.0,501474,638175,10000,120,7,43,16,0.3721,17.03,5.81,6.36,0.6269,20559.82,0,1,1,0,0.8543,1
AUC_1183,2623914096,24,6,142,0.25,23.6667,333851,448302,5000,60,4,14,9,0.6429,406.95,32.7,11.6,0.1735,14704.7,0,0,0,0,0.2492,0
AUC_1108,1435962126,29,0,556,0.0,556.0,456545,500574,10000,120,4,61,12,0.1967,18.42,0.57,3.09,0.6145,13431.27,0,1,1,0,0.8313,0
AUC_1398,1649609166,62,30,366,0.4839,12.2,940434,1175559,5000,120,16,125,8,0.064,359.98,46.2,4.87,0.493,5479.95,0,0,1,1,0.0539,0
AUC_1219,1929099457,6,2,22,0.3333,11.0,1872657,1994552,10000,60,9,26,2,0.0769,166.38,42.87,3.18,0.1998,12331.78,0,0,1,0,0.075,0
AUC_1074,2808071352,105,47,491,0.4476,10.4468,1424085,1641577,10000,90,14,242,8,0.0331,212.11,25.31,6.43,0.3536,11912.93,0,0,1,0,0.1243,0
AUC_1177,2343135312,29,6,253,0.2069,42.1667,390833,429463,1000,240,10,168,9,0.0536,1028.53,183.72,102.69,0.506,2088.42,0,0,0,0,0.1776,0
AUC_1376,2610818338,109,0,1470,0.0,1470.0,1577729,2008021,5000,180,4,39,31,0.7949,70.3,19.4,0.06,0.7706,9887.79,0,1,1,0,0.99,1
AUC_1128,1847805756,54,3,1450,0.0556,483.3333,1540046,1713744,1000,240,3,53,35,0.6604,50.09,27.84,27.93,0.7342,1408.52,1,1,1,0,0.99,1
AUC_1109,2318244839,123,3,3305,0.0244,1101.6667,1371280,1850626,5000,60,16,41,37,0.9024,43.23,1.35,4.18,0.6549,8644.2,1,1,1,0,0.99,1
AUC_1182,2693654199,44,13,342,0.2955,26.3077,810397,1015282,1000,120,16,253,15,0.0593,265.92,76.82,22.65,0.4096,3071.41,0,0,0,1,0.1563,0
AUC_1178,1792609232,156,7,4616,0.0449,659.4286,1373265,1583710,20000,60,20,305,24,0.0787,103.78,17.24,2.62,0.8807,33284.69,0,0,1,0,0.7273,1
AUC_1018,2578084776,23,3,152,0.1304,50.6667,322102,377795,20000,30,4,17,6,0.3529,354.31,14.12,16.61,0.4671,32938.11,0,0,0,1,0.3183,0
AUC_1354,2345059005,98,1,1004,0.0102,1004.0,1977060,2430657,1000,240,12,156,17,0.109,16.74,10.31,45.29,0.6948,1469.37,0,1,0,0,0.7478,1
AUC_1287,2261758028,22,0,76,0.0,76.0,1419652,1737105,20000,60,7,21,7,0.3333,381.67,12.69,29.19,0.1735,49835.21,0,0,0,0,0.2419,0
AUC_1388,2349354596,14,1,86,0.0714,86.0,1804788,2073466,1000,60,20,296,7,0.0236,460.53,20.51,35.76,0.2978,4068.9,0,0,0,0,0.1586,0
AUC_1386,1958314150,5,1,29,0.2,29.0,807334,863625,5000,120,22,274,4,0.0146,748.24,12.82,70.79,0.2495,7550.42,0,1,0,0,0.1377,0
AUC_1016,2113525926,37,11,110,0.2973,10.0,410210,481307,1000,180,8,44,9,0.2045,379.73,161.47,20.12,0.2755,2435.67,0,0,1,0,0.2193,0
AUC_1060,2337433008,23,0,123,0.0,123.0,989709,1120965,5000,180,14,47,7,0.1489,191.27,58.34,112.12,0.409,14534.89,0,0,0,1,0.2572,0
AUC_1326,1147789822,75,36,627,0.48,17.4167,585530,671199,5000,120,20,324,8,0.0247,271.38,53.46,45.45,0.3342,5342.28,0,0,0,0,0.1338,0
AUC_1167,2315188140,60,11,744,0.1833,67.6364,1911836,2308294,20000,90,15,87,15,0.1724,202.7,50.38,31.53,0.6134,60654.45,0,0,0,0,0.2282,0
AUC_1143,1799485223,92,2,2285,0.0217,1142.5,383859,455182,5000,240,24,377,28,0.0743,109.28,64.49,16.61,0.651,6964.8,0,0,1,0,0.6592,1
AUC_1063,1912607624,16,8,184,0.5,23.0,1348977,1684812,2000,180,20,164,17,0.1037,261.02,59.79,26.76,0.5926,3977.76,0,0,0,1,0.1654,0
AUC_1227,2329039097,42,8,132,0.1905,16.5,523045,583894,10000,90,13,194,8,0.0412,870.15,22.09,56.35,0.1521,24319.7,0,0,0,1,0.0572,0
AUC_1316,2726080327,8,2,42,0.25,21.0,389125,486547,1000,90,4,17,1,0.0588,324.51,73.86,39.51,0.2906,1738.43,0,0,0,0,0.01,0
AUC_1383,1478670103,55,25,349,0.4545,13.96,1965520,2298600,2000,30,23,286,5,0.0175,63.03,15.34,1.94,0.5606,4897.12,0,0,1,0,0.218,0
AUC_1116,2197200602,108,9,2815,0.0833,312.7778,1543005,1657320,10000,60,16,216,21,0.0972,58.31,2.49,1.4,0.8992,18561.24,1,1,1,0,0.7658,1
AUC_1249,1226199066,66,14,259,0.2121,18.5,1320375,1668249,5000,90,10,160,8,0.05,187.92,34.7,14.2,0.6758,12219.38,0,0,0,0,0.1185,0
AUC_1015,1906187406,28,5,160,0.1786,32.0,1885267,1976630,10000,60,23,89,8,0.0899,231.49,45.01,4.5,0.5861,15772.12,0,0,1,0,0.155,0
AUC_1320,1629087912,21,1,556,0.0476,556.0,1917262,2098411,5000,120,17,233,40,0.1717,72.01,16.42,0.07,0.9634,8382.55,0,0,1,1,0.8203,1
AUC_1164,1929722453,3,1,14,0.3333,14.0,310955,370703,5000,90,4,26,5,0.1923,173.19,53.55,61.89,0.4986,20954.88,0,0,0,0,0.1788,1
AUC_1158,2079052448,32,1,120,0.0312,120.0,1607591,1931547,5000,180,7,93,2,0.0215,689.02,93.44,119.62,0.2297,21133.7,0,0,0,1,0.2611,0
AUC_1261,2913666553,4,1,9,0.25,9.0,117661,124807,10000,180,6,36,1,0.0278,680.65,76.96,62.46,0.322,35005.49,0,0,0,0,0.1059,0
AUC_1397,2965795638,6,2,53,0.3333,26.5,685039,855642,2000,120,15,205,9,0.0439,781.26,87.15,45.42,0.3407,8450.89,0,0,0,1,0.1276,0
AUC_1281,1915948767,103,51,1088,0.4951,21.3333,975495,1014822,5000,60,23,387,17,0.0439,428.14,8.59,11.6,0.3197,5530.23,0,0,0,0,0.1198,0
AUC_1327,2117245129,136,5,1373,0.0368,274.6,677237,810844,1000,120,23,289,23,0.0796,81.24,14.46,0.92,0.9804,1538.04,0,0,1,0,0.6406,1
AUC_1158,2785489628,7,2,39,0.2857,19.5,1734797,1956744,20000,240,16,113,6,0.0531,850.06,45.04,157.75,0.367,84038.73,0,0,0,0,0.0555,0
AUC_1342,2533720428,55,5,396,0.0909,79.2,735973,781928,2000,90,14,151,5,0.0331,306.69,77.46,10.43,0.6531,3609.0,0,0,1,1,0.4008,1
AUC_1094,2847233415,89,19,930,0.2135,48.9474,1036127,1126377,5000,60,14,115,8,0.0696,468.14,5.16,15.48,0.5801,14154.58,0,1,0,0,0.1517,0
AUC_1012,2606790112,20,1,160,0.05,160.0,886734,1047233,2000,60,18,57,27,0.4737,12.26,11.33,2.94,0.6687,3148.27,1,0,1,1,0.9513,1
AUC_1084,2012188942,36,12,151,0.3333,12.5833,869389,1085064,20000,60,14,242,2,0.0083,130.6,7.38,24.82,0.3638,34240.45,0,0,0,0,0.01,0
AUC_1389,1759556084,85,19,324,0.2235,17.0526,612024,710038,1000,120,19,89,10,0.1124,265.59,106.28,20.47,0.6631,1884.53,0,0,0,0,0.2756,0
AUC_1327,2129961118,33,11,193,0.3333,17.5455,1789709,1987089,10000,60,13,45,5,0.1111,1191.71,28.77,25.88,0.2537,19359.43,0,0,0,0,0.0202,0
AUC_1204,2317725707,9,1,21,0.1111,21.0,1331856,1508872,1000,120,24,181,6,0.0331,679.87,92.14,23.54,0.2903,2271.14,0,0,0,1,0.1794,0
AUC_1128,1225995958,80,4,896,0.05,224.0,114105,142956,20000,180,9,139,43,0.3094,100.38,51.49,5.82,0.8396,20162.26,0,0,1,0,0.9695,1
AUC_1261,1879002939,36,0,449,0.0,449.0,1052434,1173155,5000,240,4,52,16,0.3077,37.51,22.26,9.95,0.9125,5358.08,0,1,1,1,0.9334,1
AUC_1197,2420615746,35,14,437,0.4,31.2143,1985100,2294264,20000,60,15,142,8,0.0563,96.86,25.52,20.69,0.5733,34833.47,0,0,0,0,0.1252,0
AUC_1121,1327378819,18,3,67,0.1667,22.3333,1843197,2023265,20000,120,21,180,5,0.0278,309.05,12.01,67.48,0.3646,71246.43,0,1,0,0,0.0743,0
AUC_1346,2661749480,17,0,148,0.0,148.0,1138591,1280359,2000,90,7,101,1,0.0099,319.26,29.32,52.64,0.2391,7474.11,0,0,0,0,0.2723,0
AUC_1245,1683786690,13,3,52,0.2308,17.3333,1550624,1720622,2000,240,22,239,7,0.0293,367.47,208.53,34.77,0.6688,2443.53,0,0,0,0,0.0918,0
AUC_1110,1818876448,86,0,1100,0.0,1100.0,969699,1087711,5000,180,11,46,37,0.8043,23.29,60.23,12.06,0.696,7974.07,1,0,1,0,0.9675,1
AUC_1093,1490233422,24,6,128,0.25,21.3333,921627,995010,2000,90,21,96,7,0.0729,559.83,32.24,19.83,0.1891,2484.68,0,0,0,0,0.057,0
AUC_1201,1088364208,26,7,305,0.2692,43.5714,478297,540695,20000,30,16,187,12,0.0642,130.69,9.84,7.03,0.5495,53268.57,0,0,0,0,0.1696,0
AUC_1135,2496666759,29,4,272,0.1379,68.0,455642,540484,5000,60,5,89,5,0.0562,455.66,15.54,33.07,0.453,18045.79,0,0,0,0,0.1577,0
AUC_1224,1697827941,127,2,2393,0.0157,1196.5,1376907,1432626,1000,120,23,348,38,0.1092,70.22,24.92,7.77,0.9779,1452.06,0,0,1,0,0.8429,1
AUC_1231,2470808221,78,15,165,0.1923,11.0,1175080,1260348,20000,90,9,51,5,0.098,389.89,47.52,11.01,0.2659,34301.22,0,0,0,0,0.0318,0
AUC_1065,1401643308,45,12,415,0.2667,34.5833,1612472,1982871,20000,90,24,285,17,0.0596,296.85,33.2,5.68,0.3429,30326.78,0,0,1,1,0.2688,1
AUC_1002,2395461580,53,10,169,0.1887,16.9,1123329,1303960,2000,180,14,181,5,0.0276,124.26,83.37,22.91,0.1862,5562.26,0,0,0,1,0.2204,0
AUC_1251,1415023790,94,7,1315,0.0745,187.8571,1729262,1902260,1000,60,17,92,14,0.1522,28.95,5.65,3.04,0.6757,1843.24,0,1,1,0,0.6555,0
AUC_1313,1022811904,132,0,3653,0.0,3653.0,260907,303548,1000,90,19,188,16,0.0851,86.8,19.31,10.39,0.9579,1625.28,0,0,1,0,0.6531,1
AUC_1385,2899937546,111,22,1200,0.1982,54.5455,1856469,2221071,5000,60,10,72,12,0.1667,208.97,15.52,11.31,0.4695,8803.09,0,0,0,0,0.2227,0
AUC_1335,1090523203,11,0,83,0.0,83.0,1631630,1944527,5000,90,3,50,3,0.06,399.38,74.58,27.51,0.4832,20835.82,0,0,0,0,0.1355,0
AUC_1027,1842226039,98,6,1993,0.0612,332.1667,1094439,1275602,2000,120,21,353,18,0.051,10.81,15.56,10.02,0.7151,3168.29,1,0,1,0,0.7163,1
AUC_1140,2596144253,84,18,1123,0.2143,62.3889,1236998,1440195,1000,120,5,32,13,0.4062,318.03,46.66,27.39,0.5314,1555.54,0,0,0,1,0.2928,0
AUC_1128,2101826557,59,3,529,0.0508,176.3333,1203444,1585275,5000,180,13,96,24,0.25,30.45,36.44,5.98,0.6205,7611.61,1,0,1,0,0.7075,0
AUC_1106,2798092901,4,1,37,0.25,37.0,1628152,1720576,2000,180,14,138,5,0.0362,479.92,151.04,43.83,0.3845,5004.41,0,0,0,0,0.0358,0
AUC_1125,2026129235,40,11,479,0.275,43.5455,1568020,1869512,1000,90,14,183,17,0.0929,188.41,2.66,2.03,0.4642,2793.21,0,1,1,0,0.235,0
AUC_1340,1186651271,111,55,1408,0.4955,25.6,1272465,1336655,10000,90,15,67,7,0.1045,402.9,34.91,35.63,0.4897,15974.39,0,0,0,1,0.0227,0
AUC_1160,1027062245,42,11,319,0.2619,29.0,570141,673714,5000,120,9,79,12,0.1519,120.88,75.77,7.46,0.5071,16067.84,0,0,1,1,0.3114,0
AUC_1150,1027606640,56,3,727,0.0536,242.3333,1782389,2225372,1000,180,12,181,26,0.1436,36.39,28.75,16.39,0.9204,1782.92,1,0,1,0,0.8339,1
AUC_1141,1288251951,43,1,139,0.0233,139.0,304106,368417,20000,120,14,68,5,0.0735,567.64,82.72,64.57,0.5485,82099.07,0,0,0,0,0.2465,0
AUC_1347,2182579412,22,7,61,0.3182,8.7143,385160,478183,10000,120,23,248,2,0.0081,87.99,76.99,13.68,0.4048,15803.65,0,0,1,1,0.1299,1
AUC_1112,2384173893,99,0,2113,0.0,2113.0,1786681,2184172,20000,60,18,39,20,0.5128,80.81,17.44,3.59,0.825,21879.69,0,0,1,0,0.7957,0
AUC_1394,2035539411,114,33,765,0.2895,23.1818,1465739,1850940,5000,120,8,100,6,0.06,159.29,47.35,35.01,0.4479,9041.43,0,0,0,1,0.01,0
AUC_1163,2252809319,78,23,331,0.2949,14.3913,603211,645989,2000,180,6,60,17,0.2833,63.19,42.26,43.8,0.4971,4169.06,0,0,0,1,0.2774,0
AUC_1133,1669664257,88,7,1659,0.0795,237.0,1470032,1537328,2000,180,23,183,16,0.0874,64.83,15.67,21.28,0.6826,2516.03,0,1,1,0,0.6393,0
AUC_1013,2858338585,78,36,426,0.4615,11.8333,426085,447279,20000,60,23,230,8,0.0348,325.13,48.69,5.93,0.1917,43769.2,0,0,1,0,0.01,0
AUC_1212,2833300040,8,1,66,0.125,66.0,1619702,1806790,5000,180,16,179,9,0.0503,231.96,72.04,13.38,0.5863,8954.73,0,0,1,1,0.3451,0
AUC_1150,2756229070,17,2,44,0.1176,22.0,1414006,1680543,2000,180,11,183,5,0.0273,212.89,86.15,74.21,0.5039,8394.72,0,0,0,1,0.1313,0
AUC_1184,2534424736,119,5,3510,0.042,702.0,1455739,1905936,1000,180,5,85,28,0.3294,78.16,14.37,10.42,0.691,1368.29,0,1,1,0,0.847,1
AUC_1334,2941136189,54,17,582,0.3148,34.2353,173883,235307,20000,90,5,13,9,0.6923,132.37,44.61,6.49,0.5278,25905.87,0,0,1,1,0.2492,0
AUC_1165,1851055173,44,1,183,0.0227,183.0,735914,917680,2000,90,23,188,1,0.0053,216.0,25.06,60.92,0.4782,3146.15,0,0,0,1,0.3503,1
AUC_1131,2077131289,13,0,85,0.0,85.0,376337,495941,2000,180,3,20,11,0.55,430.52,116.35,5.9,0.6342,4637.7,0,0,1,0,0.4929,0
AUC_1299,2980947760,53,4,1208,0.0755,302.0,1694400,2130239,5000,30,24,231,31,0.1342,8.27,0.14,1.32,0.7114,5100.23,1,1,1,0,0.9007,1
AUC_1376,1777148943,10,3,69,0.3,23.0,1306100,1631143,5000,60,7,103,8,0.0777,1170.69,20.36,25.99,0.5318,6815.03,0,0,0,0,0.0769,0
AUC_1142,2544775765,44,0,895,0.0,895.0,102152,129447,1000,60,6,73,36,0.4932,37.38,4.41,2.53,0.8274,1617.6,1,1,1,0,0.9423,1
AUC_1159,2450046500,45,3,525,0.0667,175.0,1983837,2264326,2000,120,4,28,14,0.5,16.7,0.21,9.52,0.5842,3442.59,0,1,1,0,0.7287,1
AUC_1320,2826183758,45,1,634,0.0222,634.0,558866,679383,2000,60,18,174,16,0.092,11.2,12.51,3.91,0.6548,2619.29,0,0,1,0,0.676,1
AUC_1156,1506616131,44,0,1276,0.0,1276.0,940287,1031871,10000,120,12,48,40,0.8333,95.45,4.09,11.68,0.9612,13859.31,0,1,1,0,0.9387,1
AUC_1251,1784520248,27,0,92,0.0,92.0,777030,849181,5000,30,18,127,9,0.0709,375.1,22.0,5.04,0.1712,10578.13,0,0,0,0,0.1999,0
AUC_1319,1480235235,45,0,633,0.0,633.0,1266447,1474506,2000,120,3,42,29,0.6905,6.36,13.25,3.62,0.7363,3419.06,1,1,1,0,0.99,1
AUC_1066,1674648959,49,23,595,0.4694,25.8696,1546309,1915421,2000,180,4,38,15,0.3947,341.9,100.3,9.89,0.3677,4526.82,0,0,1,0,0.103,1
AUC_1263,2533780083,113,4,2565,0.0354,641.25,147540,164763,2000,60,24,184,18,0.0978,18.11,8.59,6.43,0.8602,3984.36,1,0,1,0,0.9194,1
AUC_1045,1463789578,14,0,62,0.0,62.0,543231,592169,1000,120,21,205,3,0.0146,585.06,37.32,67.62,0.4318,3921.87,0,0,0,1,0.1866,0
AUC_1288,1735304590,28,3,263,0.1071,87.6667,1525237,1620388,20000,240,18,235,1,0.0043,383.12,164.83,98.83,0.4881,32171.54,0,0,0,0,0.2173,0
AUC_1008,2980079981,65,13,540,0.2,41.5385,864192,976686,2000,180,13,153,7,0.0458,175.23,123.38,2.81,0.448,4797.6,0,0,1,1,0.1908,0
AUC_1260,1991255693,77,26,527,0.3377,20.2692,1930548,2111481,1000,90,20,75,2,0.0267,164.84,79.89,7.64,0.5396,1538.91,0,0,1,0,0.1466,0
AUC_1170,1451202429,15,1,292,0.0667,292.0,678173,768862,1000,120,9,59,34,0.5763,19.94,13.49,11.99,0.6602,1775.89,1,1,1,1,0.99,1
AUC_1152,2533434997,10,3,55,0.3,18.3333,1724319,2159820,10000,30,3,26,3,0.1154,634.03,5.39,17.89,0.4389,21868.97,0,0,0,0,0.0988,0
AUC_1327,1570302666,80,17,256,0.2125,15.0588,1158230,1368192,5000,120,9,40,10,0.25,334.17,102.49,19.39,0.3677,8783.43,0,0,0,1,0.2935,0
AUC_1284,1532862049,43,1,635,0.0233,635.0,144912,159388,5000,120,16,127,29,0.2283,13.3,17.34,3.1,0.6437,10317.4,1,0,1,0,0.8861,1
AUC_1308,1015928833,32,4,432,0.125,108.0,1100947,1338059,2000,60,3,21,8,0.381,137.95,1.01,2.1,0.3095,5778.91,0,1,1,1,0.4041,0
AUC_1326,1631628114,121,1,2950,0.0083,2950.0,1149401,1483117,5000,120,13,138,34,0.2464,54.75,35.59,8.3,0.9072,6165.13,1,0,1,0,0.99,1
AUC_1176,1498121319,94,37,1126,0.3936,30.4324,564713,620902,5000,180,4,59,16,0.2712,152.38,70.32,18.63,0.3747,12063.09,0,0,1,1,0.1509,0
AUC_1081,2539242174,38,9,304,0.2368,33.7778,1645440,2056306,5000,120,9,157,4,0.0255,236.26,64.33,16.12,0.5454,5423.05,0,0,0,0,0.1529,1
AUC_1237,1204116774,89,4,2198,0.0449,549.5,986904,1216580,5000,60,12,91,39,0.4286,18.61,19.25,2.25,0.9609,8736.94,1,0,1,0,0.99,1
AUC_1033,1187527110,11,3,26,0.2727,8.6667,1573533,1637021,1000,180,24,205,6,0.0293,506.38,140.74,117.35,0.4473,1269.49,0,0,0,1,0.1191,0
AUC_1060,1335994692,3,1,19,0.3333,19.0,1321112,1531989,5000,90,18,89,3,0.0337,1131.09,16.01,52.12,0.2983,10378.01,0,0,0,0,0.0926,0
AUC_1153,2995507101,43,8,358,0.186,44.75,663320,721627,5000,60,21,223,5,0.0224,50.89,56.66,8.22,0.328,10054.78,0,0,0,0,0.3333,0
AUC_1324,2244220526,127,12,2369,0.0945,197.4167,922126,1003652,5000,240,21,310,36,0.1161,79.76,49.15,25.15,0.9544,7794.51,0,0,1,0,0.8166,1
AUC_1329,2120415570,41,0,315,0.0,315.0,321264,336258,20000,240,20,266,7,0.0263,628.72,47.92,166.56,0.4007,75065.24,0,0,0,0,0.3031,0
AUC_1196,1806677212,25,4,320,0.16,80.0,764554,869261,10000,120,21,112,11,0.0982,447.92,50.42,14.18,0.4756,17344.81,0,0,1,0,0.3145,1
AUC_1216,1833723981,26,2,223,0.0769,111.5,816639,1121165,5000,120,3,52,34,0.6538,18.48,22.39,6.31,0.7779,7960.18,1,0,1,1,0.99,1
AUC_1388,1468483216,34,3,71,0.0882,23.6667,832610,991925,5000,90,15,116,6,0.0517,424.87,37.34,4.72,0.4098,12430.64,0,0,1,0,0.1873,0
AUC_1363,1092649582,92,5,685,0.0543,137.0,759537,893864,2000,120,4,56,30,0.5357,27.05,17.18,3.24,0.8981,2841.66,1,0,1,0,0.99,1
AUC_1001,1555500353,83,3,1050,0.0361,350.0,1268484,1484122,1000,30,24,238,38,0.1597,28.63,7.34,1.36,0.8609,1883.74,1,0,1,1,0.99,1
AUC_1123,1655041396,20,0,109,0.0,109.0,783379,916761,5000,60,22,308,4,0.013,640.9,15.56,26.16,0.1452,21139.03,0,0,0,0,0.2948,0
AUC_1217,2014467766,30,7,194,0.2333,27.7143,1671042,1987796,2000,60,18,51,5,0.098,192.24,26.51,38.24,0.1065,6128.14,0,0,0,0,0.0694,0
AUC_1323,1431356143,112,9,2755,0.0804,306.1111,289749,339118,10000,60,3,32,18,0.5625,75.92,11.98,4.73,0.6797,15004.46,0,0,1,0,0.8178,1
AUC_1246,2050642278,35,5,155,0.1429,31.0,822433,966118,5000,90,7,71,6,0.0845,90.96,53.55,5.26,0.381,14399.06,0,0,1,0,0.21,0
AUC_1085,2556849112,84,5,2378,0.0595,475.6,811330,960898,1000,90,24,345,16,0.0464,36.58,2.91,8.74,0.9049,1906.85,0,1,1,0,0.7871,1
AUC_1164,2851479592,79,2,1286,0.0253,643.0,948305,1070440,10000,180,24,306,34,0.1111,91.1,53.88,31.86,0.7842,12016.81,0,0,0,0,0.6907,0
AUC_1043,2712950508,2,1,11,0.5,11.0,829933,1009563,2000,90,6,41,4,0.0976,843.68,24.22,54.75,0.4553,8971.57,0,0,0,0,0.0364,0
AUC_1126,2997982518,39,1,305,0.0256,305.0,822615,928624,20000,240,3,34,9,0.2647,397.46,11.8,41.63,0.1173,64924.08,0,1,0,0,0.2704,1
AUC_1340,2595936254,76,2,484,0.0263,242.0,1063764,1118975,10000,120,14,157,4,0.0255,88.18,98.69,7.13,0.3333,28502.91,0,0,1,1,0.3215,1
AUC_1397,1488935941,42,3,532,0.0714,177.3333,1380151,1582551,20000,120,5,83,38,0.4578,12.39,20.5,11.39,0.7056,28139.88,1,0,1,0,0.9228,1
AUC_1220,1077587254,39,2,294,0.0513,147.0,921738,1121034,2000,180,24,342,12,0.0351,35.68,29.1,5.25,0.5856,2434.42,0,0,1,0,0.564,1
AUC_1026,1283808567,24,1,418,0.0417,418.0,358109,369587,5000,90,21,203,33,0.1626,39.77,16.88,3.2,0.7729,7140.27,1,0,1,1,0.8364,1
AUC_1030,1373715479,52,8,598,0.1538,74.75,399452,485447,2000,60,7,16,13,0.8125,379.19,20.18,9.76,0.4597,3919.76,0,0,0,1,0.4123,1
AUC_1188,1331739773,72,0,1078,0.0,1078.0,1574026,1936215,1000,90,21,170,19,0.1118,26.21,9.32,5.46,0.9719,1619.5,1,1,1,0,0.9072,1
AUC_1191,1940298476,52,10,158,0.1923,15.8,1846569,2144717,1000,240,23,403,14,0.0347,284.11,45.17,56.22,0.5116,1636.31,0,0,0,0,0.2213,0
AUC_1252,2506900923,16,2,113,0.125,56.5,620924,671513,5000,240,14,80,17,0.2125,60.4,141.63,70.78,0.5986,15970.09,0,0,0,0,0.3771,0
AUC_1282,2499337603,147,5,3948,0.034,789.6,1942044,2298253,1000,120,9,38,27,0.7105,75.07,32.98,18.58,0.785,1630.37,0,0,0,0,0.8697,1
AUC_1095,1204699077,76,2,622,0.0263,311.0,1027604,1293170,10000,180,20,44,19,0.4318,10.46,26.8,17.02,0.7158,14449.87,1,0,1,0,0.8581,1
AUC_1078,1820009659,50,1,869,0.02,869.0,1998487,2432687,2000,120,23,271,28,0.1033,15.29,24.85,8.21,0.6071,2507.59,1,0,1,0,0.7414,1
AUC_1220,2722359610,83,5,445,0.0602,89.0,270189,312586,10000,180,6,35,4,0.1143,217.87,156.07,9.37,0.561,15368.59,0,0,1,1,0.2964,0
AUC_1337,1856050304,88,33,260,0.375,7.8788,490410,505188,10000,60,17,100,3,0.03,54.92,42.81,6.08,0.4986,28614.66,0,0,1,0,0.2246,0
AUC_1199,1656621037,20,4,75,0.2,18.75,1836911,1953276,2000,60,12,196,2,0.0102,640.5,13.18,23.39,0.5288,6366.61,0,0,0,0,0.1807,0
AUC_1011,2161673678,52,6,714,0.1154,119.0,1128221,1391323,2000,240,14,225,6,0.0267,83.4,123.41,48.19,0.6499,2616.11,0,0,0,0,0.2685,0
AUC_1005,2634117357,62,27,644,0.4355,23.8519,611564,675100,2000,180,21,121,9,0.0744,400.69,32.9,13.94,0.4496,4353.61,0,0,1,0,0.2115,0
AUC_1099,2316392932,52,7,239,0.1346,34.1429,1693709,2015448,10000,90,23,323,17,0.0526,397.08,16.15,15.96,0.3548,30007.21,0,0,0,1,0.1109,0
AUC_1270,1381718985,20,1,130,0.05,130.0,348950,402718,5000,90,18,142,1,0.007,662.41,39.04,39.46,0.3172,13029.07,0,0,0,0,0.2604,0
AUC_1349,1808034736,13,1,152,0.0769,152.0,1163277,1444580,20000,180,8,141,20,0.1418,16.28,12.07,4.77,0.6168,25078.93,1,1,1,0,0.9033,1
AUC_1212,2888936177,70,29,743,0.4143,25.6207,695193,824563,5000,30,16,199,8,0.0402,202.08,12.81,5.78,0.3627,7131.56,0,0,0,0,0.0685,0
AUC_1035,2414006496,27,5,246,0.1852,49.2,232604,246566,1000,240,6,70,1,0.0143,445.74,115.64,89.39,0.2967,1733.46,0,0,0,0,0.0785,0
AUC_1198,1576193450,113,23,598,0.2035,26.0,244376,259229,10000,60,10,133,8,0.0602,225.53,14.63,18.92,0.4016,19277.74,0,0,0,0,0.2418,1
AUC_1395,2678736418,55,26,441,0.4727,16.9615,1473423,1568217,10000,60,4,63,3,0.0476,338.0,51.83,4.85,0.6759,13638.85,0,0,1,1,0.0676,0
AUC_1146,2061915311,101,20,1329,0.198,66.45,675489,765797,20000,60,9,22,15,0.6818,91.44,15.76,14.63,0.4021,37222.17,0,0,0,0,0.3718,0
AUC_1203,2087418063,140,1,3779,0.0071,3779.0,432902,525030,10000,120,9,30,19,0.6333,32.77,39.87,4.67,0.7136,17250.63,1,0,1,1,0.8512,1
AUC_1206,1492494409,51,4,874,0.0784,218.5,990064,1138337,10000,30,17,74,25,0.3378,13.2,1.17,1.74,0.8062,10599.58,1,1,1,0,0.99,1
AUC_1237,2811965769,60,10,147,0.1667,14.7,410901,488838,2000,120,11,86,8,0.093,387.26,94.73,3.5,0.1532,2467.23,0,0,1,0,0.1872,0
AUC_1015,2586113814,24,6,158,0.25,26.3333,1207620,1479747,1000,120,14,124,2,0.0161,423.0,42.84,13.31,0.5317,2494.26,0,0,1,0,0.2272,1
AUC_1055,1147751028,65,32,192,0.4923,6.0,985765,1213431,10000,180,3,31,11,0.3548,214.55,80.78,25.46,0.429,17034.31,0,0,0,0,0.0944,0
AUC_1398,1890354963,75,13,486,0.1733,37.3846,1551149,1721059,1000,120,7,33,8,0.2424,317.48,95.59,11.44,0.619,1218.87,0,0,1,0,0.1991,0
AUC_1047,2751315558,33,1,888,0.0303,888.0,1322580,1473195,5000,90,24,126,18,0.1429,29.95,26.9,17.29,0.7532,5146.75,1,0,0,0,0.8865,1
AUC_1068,2382114324,39,4,294,0.1026,73.5,470585,565895,2000,120,3,38,7,0.1842,82.37,82.91,1.7,0.5534,5557.02,0,0,1,0,0.4132,1
AUC_1026,2205633908,45,22,255,0.4889,11.5909,1982359,2426734,20000,90,23,204,16,0.0784,345.84,56.7,8.23,0.3014,65264.71,0,0,1,1,0.0901,0
AUC_1277,2125573291,41,5,214,0.122,42.8,1022724,1254424,5000,30,21,144,2,0.0139,570.64,1.96,10.08,0.4805,12421.62,0,1,0,1,0.1949,0
AUC_1321,1117617917,9,2,59,0.2222,29.5,811962,921815,1000,60,9,52,4,0.0769,369.95,34.21,20.45,0.4559,4397.61,0,0,0,0,0.1997,1
AUC_1355,1135965614,2,0,12,0.0,12.0,1473391,1692955,20000,120,20,311,6,0.0193,1078.41,75.61,28.88,0.4812,81572.97,0,0,0,0,0.0694,0
AUC_1313,2055554623,86,1,2288,0.0116,2288.0,1371610,1445472,5000,30,14,169,21,0.1243,72.49,3.54,2.99,0.7637,5775.89,0,1,1,0,0.7695,1
AUC_1356,2157114334,15,3,119,0.2,39.6667,663795,697914,20000,90,21,147,5,0.034,841.97,42.62,50.07,0.3868,28456.47,0,0,0,1,0.1285,0
AUC_1222,1639448201,106,9,2469,0.0849,274.3333,1822767,1958620,20000,180,16,222,38,0.1712,68.8,18.69,0.3,0.923,24252.58,1,1,1,0,0.9365,1
AUC_1113,1348156919,22,8,119,0.3636,14.875,64331,73528,1000,120,6,66,8,0.1212,168.5,48.61,5.51,0.5585,1798.81,0,0,1,0,0.222,0
AUC_1197,1256340075,95,0,1656,0.0,1656.0,292413,366582,1000,180,7,75,21,0.28,36.7,44.67,10.64,0.6194,1357.27,1,0,1,0,0.9498,1
AUC_1055,2673004730,59,3,1222,0.0508,407.3333,1121010,1304101,5000,30,13,133,16,0.1203,28.66,1.73,1.5,0.8336,7704.57,0,1,1,0,0.8706,0
AUC_1079,1355959044,28,6,271,0.2143,45.1667,1305991,1392381,5000,120,9,122,8,0.0656,133.79,47.75,35.79,0.1976,22077.44,0,0,0,0,0.0736,0
AUC_1314,2471885275,14,2,138,0.1429,69.0,1420572,1694132,1000,90,10,55,8,0.1455,1157.87,21.24,29.5,0.344,3106.56,0,0,0,0,0.1199,0
AUC_1262,1026090674,9,2,59,0.2222,29.5,1904811,2201898,5000,120,13,66,9,0.1364,413.7,85.92,1.22,0.3046,5638.49,0,0,1,1,0.1139,0
AUC_1268,1639977977,78,39,394,0.5,10.1026,450188,540320,10000,60,21,169,13,0.0769,130.51,27.45,4.45,0.3597,13212.71,0,0,1,0,0.01,0
AUC_1386,2162058380,85,5,771,0.0588,154.2,1671607,1831611,2000,120,13,128,31,0.2422,27.28,1.3,1.64,0.7776,4030.97,1,1,1,0,0.9868,1
AUC_1308,2449763729,29,11,95,0.3793,8.6364,1828801,2046032,20000,60,6,28,12,0.4286,425.48,0.29,5.11,0.2563,55845.21,0,1,1,0,0.2427,1
AUC_1098,2376627773,29,0,74,0.0,74.0,1547876,1663504,1000,180,21,285,6,0.0211,244.21,139.14,8.96,0.2268,2250.85,0,0,1,0,0.3215,0
AUC_1017,1624817466,88,14,781,0.1591,55.7857,498330,610560,5000,90,24,335,17,0.0507,467.1,39.47,32.99,0.2124,11717.85,0,0,0,0,0.2138,1
AUC_1351,1943885009,15,3,112,0.2,37.3333,1918862,2177336,5000,240,12,215,2,0.0093,170.93,98.74,28.38,0.1641,7249.27,0,0,1,0,0.1105,0
AUC_1216,1696163778,12,0,103,0.0,103.0,133126,165059,10000,120,4,47,9,0.1915,177.02,42.63,11.14,0.5347,14132.34,0,0,1,0,0.4053,0
AUC_1173,2044187314,17,8,196,0.4706,24.5,807016,838414,5000,30,8,111,14,0.1261,414.75,19.28,3.71,0.2716,5947.69,0,0,0,1,0.1119,0
AUC_1367,2683449436,19,4,44,0.2105,11.0,992614,1174576,2000,180,7,101,2,0.0198,618.2,15.28,108.07,0.4874,8495.14,0,1,0,0,0.2794,1
AUC_1146,1509271795,16,1,147,0.0625,147.0,1317441,1484377,2000,180,15,106,35,0.3302,44.4,21.28,0.4,0.7388,3959.8,1,1,1,0,0.9761,1
AUC_1248,2024228985,116,9,1584,0.0776,176.0,1696344,1787829,5000,60,14,217,28,0.129,73.34,8.53,6.13,0.8691,7425.22,0,0,1,0,0.7677,1
AUC_1198,2382319554,97,2,3305,0.0206,1652.5,606318,714054,5000,240,9,122,40,0.3279,34.55,14.62,0.57,0.6986,6813.02,1,1,1,0,0.9334,1
AUC_1398,2290408309,109,9,1784,0.0826,198.2222,1053098,1468063,2000,120,8,36,29,0.8056,63.38,27.76,1.67,0.9598,3023.39,1,0,1,0,0.99,1
AUC_1159,1918904959,16,1,53,0.0625,53.0,533214,598103,2000,180,19,176,10,0.0568,101.65,139.17,19.46,0.6997,5356.33,0,0,1,0,0.2031,0
AUC_1318,1315680541,113,1,1441,0.0088,1441.0,1091872,1374099,5000,180,24,407,26,0.0639,29.43,21.75,16.58,0.7188,6710.97,1,0,1,0,0.8427,1
AUC_1188,1585104180,44,0,207,0.0,207.0,442337,538002,20000,30,23,293,7,0.0239,917.13,6.37,20.53,0.4559,77794.85,0,0,0,1,0.3184,1
AUC_1106,1347257856,91,1,1723,0.011,1723.0,981769,1090457,10000,60,21,321,23,0.0717,61.39,4.79,3.61,0.7531,15039.25,1,1,1,0,0.898,1
AUC_1062,1929323675,50,0,425,0.0,425.0,207741,260149,10000,240,20,147,9,0.0612,434.9,120.37,12.87,0.1507,16526.03,0,0,1,1,0.3356,0
AUC_1007,1175110048,86,0,1411,0.0,1411.0,1665349,1927098,1000,240,17,98,44,0.449,19.49,75.39,6.96,0.7403,1121.63,1,0,1,0,0.99,1
AUC_1324,1012792727,37,0,656,0.0,656.0,1405585,1533728,5000,180,24,120,29,0.2417,75.92,5.04,9.7,0.9276,6168.22,0,1,1,0,0.8494,1
AUC_1187,1108733629,62,3,925,0.0484,308.3333,871144,983667,5000,60,6,104,11,0.1058,18.3,7.19,0.87,0.7454,8821.76,0,1,1,0,0.6515,1
AUC_1109,1060112235,9,1,50,0.1111,50.0,1131561,1440008,5000,180,6,70,7,0.1,287.69,119.47,78.72,0.2908,20410.5,0,0,0,1,0.1892,0
AUC_1194,1922027786,38,4,149,0.1053,37.25,890259,950255,5000,60,18,136,4,0.0294,744.37,22.76,10.17,0.438,13946.31,0,0,0,0,0.1354,0
AUC_1303,1130642881,75,22,564,0.2933,25.6364,792675,812306,20000,90,23,224,9,0.0402,282.43,62.14,9.67,0.3363,55406.07,0,0,1,1,0.2025,0
AUC_1259,2553694193,52,0,1064,0.0,1064.0,405706,472514,2000,120,15,152,15,0.0987,33.19,21.84,11.46,0.8289,2368.8,0,0,1,0,0.7291,1
AUC_1344,1779188356,31,1,217,0.0323,217.0,1545150,1627276,5000,240,8,124,2,0.0161,638.46,197.03,98.39,0.3266,20245.34,0,0,0,1,0.2598,1
AUC_1065,1056646464,39,8,384,0.2051,48.0,1227057,1466035,2000,120,19,259,9,0.0347,1081.65,68.33,25.63,0.1229,3228.59,0,0,0,1,0.1936,1
AUC_1152,1313406386,110,0,2643,0.0,2643.0,312462,389425,10000,60,13,233,21,0.0901,69.0,20.7,4.6,0.7277,15428.46,1,0,1,0,0.8206,1
AUC_1363,1509786022,65,3,821,0.0462,273.6667,438449,499442,5000,30,18,323,17,0.0526,10.08,1.67,0.18,0.8934,8260.8,0,1,1,1,0.8628,0
AUC_1186,2348504768,42,14,333,0.3333,23.7857,872258,1013159,2000,90,21,323,10,0.031,95.17,26.12,8.93,0.4998,3118.6,0,0,1,1,0.1187,0
AUC_1139,1874662174,15,0,41,0.0,41.0,94598,103894,20000,30,9,124,8,0.0645,1020.8,19.53,18.44,0.4097,26782.51,0,0,0,0,0.1871,0
AUC_1240,2181284372,8,2,71,0.25,35.5,1924005,2001784,10000,240,12,181,9,0.0497,510.69,91.72,76.99,0.5141,22845.61,0,0,0,1,0.1915,0
AUC_1109,1354058888,30,4,282,0.1333,70.5,1620732,1878372,20000,240,6,44,6,0.1364,692.67,96.84,148.93,0.4428,69762.47,0,0,0,0,0.2634,0
AUC_1257,2978695769,69,19,420,0.2754,22.1053,214333,262045,2000,120,21,223,2,0.009,58.88,81.18,15.07,0.2085,2612.82,0,0,0,1,0.1058,0
AUC_1127,2649809079,34,8,149,0.2353,18.625,734309,943795,5000,120,4,9,6,0.6667,954.42,36.34,73.8,0.4877,12221.38,0,0,0,0,0.3272,0
AUC_1298,2853076280,44,8,288,0.1818,36.0,1623470,1789926,1000,120,8,75,4,0.0533,946.87,45.77,78.26,0.416,2325.51,0,0,0,1,0.2046,0
AUC_1231,2137144880,87,0,1254,0.0,1254.0,1911416,2005250,5000,120,16,79,19,0.2405,16.52,18.41,3.17,0.6181,7412.04,1,0,1,1,0.8366,1
AUC_1381,1601081189,48,15,468,0.3125,31.2,103716,115654,2000,60,20,222,10,0.045,351.23,1.0,11.18,0.5104,5805.77,0,1,0,1,0.2077,0
AUC_1149,1230835614,22,1,342,0.0455,342.0,500717,635549,5000,240,13,196,17,0.0867,10.57,71.45,14.31,0.7543,10511.3,0,0,1,0,0.8341,0
AUC_1266,1622979701,59,2,1804,0.0339,902.0,1195938,1568921,5000,120,15,67,44,0.6567,74.85,22.21,5.97,0.9701,5128.34,0,0,1,0,0.99,1
AUC_1279,2966045127,25,6,129,0.24,21.5,1158665,1230453,2000,90,18,139,3,0.0216,659.9,75.66,16.29,0.2131,8332.82,0,0,0,0,0.01,0
AUC_1255,1968498970,6,1,43,0.1667,43.0,1357392,1548334,5000,60,10,137,5,0.0365,549.14,12.6,27.13,0.469,13782.96,0,0,0,0,0.1034,0
AUC_1124,2439475151,76,13,242,0.1711,18.6154,358985,422231,2000,90,11,93,7,0.0753,358.26,15.9,34.25,0.6208,2154.15,0,0,0,0,0.2389,0
AUC_1005,1263010008,31,1,101,0.0323,101.0,383052,418889,2000,120,16,232,5,0.0216,57.76,97.26,4.91,0.6629,4423.03,0,0,1,1,0.3886,0
AUC_1378,1210312717,42,2,1136,0.0476,568.0,1259319,1509604,1000,30,21,67,38,0.5672,11.62,4.41,1.54,0.957,1982.51,1,0,1,1,0.99,1
AUC_1325,2549818065,5,2,38,0.4,19.0,1576180,1694400,5000,30,5,57,10,0.1754,134.83,13.88,4.32,0.3828,6994.63,0,0,0,0,0.1115,0
AUC_1032,1269380447,39,15,406,0.3846,27.0667,407746,508089,20000,90,21,176,16,0.0909,284.18,34.9,24.49,0.5682,22685.72,0,0,0,0,0.1706,0
AUC_1312,2489705543,33,0,655,0.0,655.0,1494012,1767856,20000,60,16,262,39,0.1489,54.93,4.13,1.57,0.6621,30357.92,1,1,1,0,0.99,1
AUC_1013,1805298451,36,0,1147,0.0,1147.0,410970,518678,1000,90,18,310,43,0.1387,93.87,21.3,6.14,0.8062,1145.72,0,0,1,1,0.7454,1
AUC_1346,1417142086,109,54,1106,0.4954,20.4815,775003,969330,1000,120,14,241,17,0.0705,84.07,64.75,20.59,0.5145,3330.48,0,0,0,1,0.1665,0
AUC_1229,1848789331,91,19,388,0.2088,20.4211,161005,192800,5000,120,12,43,11,0.2558,274.73,69.34,14.92,0.3469,13969.66,0,0,0,0,0.1096,1
AUC_1239,2826890611,40,9,242,0.225,26.8889,1196184,1240671,5000,120,10,137,1,0.0073,533.61,32.37,51.15,0.302,21681.95,0,0,0,1,0.1922,0
AUC_1017,1256420386,20,6,188,0.3,31.3333,1984166,2355142,1000,120,15,98,6,0.0612,333.61,42.17,38.4,0.4226,4485.29,0,0,0,1,0.1725,0
AUC_1341,2958289518,60,1,1132,0.0167,1132.0,861672,1019088,10000,240,21,174,21,0.1207,20.02,38.69,20.93,0.6919,14968.96,1,0,1,0,0.9395,1
AUC_1334,1155461575,33,10,298,0.303,29.8,1169374,1196274,5000,90,24,212,2,0.0094,229.28,62.46,62.04,0.533,16589.54,0,0,0,0,0.01,0
AUC_1351,1849007978,112,3,1754,0.0268,584.6667,775064,893178,20000,90,13,143,25,0.1748,115.59,4.51,10.4,0.981,27419.57,0,1,1,0,0.7325,1
AUC_1012,1793559100,43,0,447,0.0,447.0,1608656,1935874,2000,240,6,75,25,0.3333,101.6,17.4,38.52,0.7572,2643.45,0,1,0,0,0.7646,1
AUC_1135,2691588617,16,1,96,0.0625,96.0,470114,528629,20000,60,11,158,4,0.0253,263.81,22.68,16.93,0.3459,81250.21,0,0,0,0,0.1449,1
AUC_1191,2996765187,35,2,389,0.0571,194.5,939679,1386998,1000,240,13,32,29,0.9062,39.66,10.55,19.49,0.6991,1743.05,1,1,1,0,0.9179,1
AUC_1388,1949732711,37,2,220,0.0541,110.0,909803,962012,20000,180,17,200,5,0.025,142.95,148.37,94.43,0.1073,87522.65,0,0,0,0,0.1992,1
AUC_1114,1156014828,22,1,95,0.0455,95.0,1859729,2301464,20000,180,15,258,3,0.0116,239.76,150.57,6.74,0.5359,58814.34,0,0,1,0,0.3435,1
AUC_1003,1856117421,60,16,762,0.2667,47.625,531750,633386,5000,120,20,321,17,0.053,362.41,18.12,40.37,0.5255,6997.21,0,0,0,0,0.2363,0
AUC_1122,2116458588,13,0,75,0.0,75.0,1942322,2436029,1000,120,17,40,6,0.15,234.23,90.0,11.08,0.4275,2306.99,0,0,1,0,0.1535,0
AUC_1004,1205030149,74,33,433,0.4459,13.1212,1477951,1633582,1000,240,22,373,10,0.0268,170.47,21.93,74.45,0.5861,2602.98,0,1,0,0,0.1085,0
AUC_1365,2916446745,103,1,1530,0.0097,1530.0,1255830,1664249,20000,30,12,59,32,0.5424,77.02,0.52,0.1,0.9213,22397.98,0,1,1,0,0.99,1
AUC_1115,1901437211,36,5,256,0.1389,51.2,1944452,2030360,5000,60,12,29,2,0.069,1049.27,11.7,34.44,0.4671,18284.86,0,0,0,1,0.1301,0
AUC_1249,1582082781,26,2,427,0.0769,213.5,580132,645956,5000,180,22,347,22,0.0634,34.05,45.24,1.84,0.7852,9392.73,1,0,1,0,0.8298,1
AUC_1341,1397058757,76,33,407,0.4342,12.3333,524641,588889,1000,240,8,138,10,0.0725,406.69,160.4,4.33,0.2282,2915.86,0,0,1,0,0.01,0
AUC_1021,2199069473,78,3,1418,0.0385,472.6667,1766919,2442620,5000,120,4,51,35,0.6863,66.04,20.42,1.52,0.9231,6508.26,1,0,1,0,0.99,1
AUC_1141,1606002705,30,7,108,0.2333,15.4286,246394,280315,1000,120,15,162,10,0.0617,271.41,72.28,36.99,0.2021,2925.64,0,0,0,1,0.0564,0
AUC_1001,2834235227,89,20,464,0.2247,23.2,901363,1112800,20000,240,13,62,2,0.0323,245.74,179.39,19.15,0.4672,57401.93,0,0,1,0,0.0394,0
AUC_1116,1036953048,48,4,407,0.0833,101.75,545632,668526,5000,180,8,89,9,0.1011,146.4,168.93,18.49,0.1549,6288.42,0,0,1,0,0.1586,1
AUC_1279,2774609836,85,1,1936,0.0118,1936.0,536356,623871,2000,120,20,296,18,0.0608,11.68,26.99,2.03,0.7857,3361.38,1,0,1,0,0.7551,1
AUC_1397,2064848821,51,15,702,0.2941,46.8,1472221,1790195,10000,180,5,64,9,0.1406,483.9,45.12,33.37,0.4214,19586.77,0,0,0,0,0.1301,1
AUC_1274,2411826831,30,7,124,0.2333,17.7143,1407472,1591251,20000,180,12,175,9,0.0514,1017.31,100.29,36.03,0.1347,60874.95,0,0,0,1,0.0379,0
AUC_1266,2262359989,9,1,75,0.1111,75.0,197320,236291,10000,180,14,146,7,0.0479,255.64,149.22,120.3,0.5035,40867.3,0,0,0,1,0.2315,1
AUC_1352,1468408615,56,10,675,0.1786,67.5,400733,426552,1000,120,18,224,15,0.067,72.08,23.74,20.22,0.2025,3337.69,0,0,0,0,0.2272,0
AUC_1110,1117408682,116,19,479,0.1638,25.2105,964139,1005328,1000,180,24,354,17,0.048,497.11,79.46,9.44,0.4355,2525.57,0,0,1,0,0.2492,0
AUC_1087,1515548110,36,2,343,0.0556,171.5,151306,181090,2000,30,3,41,5,0.122,738.75,11.09,15.14,0.5313,8909.6,0,0,0,0,0.3501,0
AUC_1322,1578187717,26,8,206,0.3077,25.75,616466,717766,2000,180,13,91,7,0.0769,1007.71,90.27,94.64,0.3572,7850.6,0,0,0,0,0.01,0
AUC_1056,2779645632,95,40,562,0.4211,14.05,744395,763628,1000,180,13,206,8,0.0388,185.68,17.77,14.86,0.5908,3264.93,0,1,1,1,0.1587,0
AUC_1324,2415590928,115,32,1018,0.2783,31.8125,718395,825810,1000,240,18,207,11,0.0531,86.05,148.31,39.79,0.4443,1083.79,0,0,0,0,0.1978,0
AUC_1239,1035759620,17,8,216,0.4706,27.0,57218,62205,10000,180,16,238,6,0.0252,359.61,69.07,42.4,0.4476,20954.04,0,0,0,1,0.0326,0
AUC_1383,2890343515,54,13,505,0.2407,38.8462,1549737,1605067,2000,240,14,199,7,0.0352,398.02,21.01,22.11,0.4862,3702.86,0,1,1,1,0.208,0
AUC_1339,1771824182,42,1,1171,0.0238,1171.0,1162865,1448449,10000,180,22,265,28,0.1057,78.33,4.2,6.69,0.9759,17375.53,0,1,1,0,0.8615,1
AUC_1272,2433277658,17,0,388,0.0,388.0,1137702,1470146,2000,180,19,38,27,0.7105,43.81,21.4,11.38,0.7975,3174.15,1,1,1,0,0.99,1
AUC_1007,1826845276,64,17,364,0.2656,21.4118,808471,907675,5000,90,5,87,10,0.1149,270.04,38.0,4.71,0.6801,14264.0,0,0,1,0,0.2263,0
AUC_1347,2288421593,25,1,343,0.04,343.0,798913,926289,1000,30,14,33,18,0.5455,25.18,3.0,1.51,0.6936,1133.01,1,1,1,0,0.9388,1
AUC_1302,1428806306,38,4,238,0.1053,59.5,1319835,1527178,20000,90,13,139,3,0.0216,1081.48,59.49,42.18,0.5176,53591.97,0,0,0,0,0.1544,0
AUC_1289,2440463513,30,6,260,0.2,43.3333,1445822,1537011,10000,30,3,16,4,0.25,462.18,19.16,12.32,0.3345,18184.58,0,0,0,0,0.2439,0
AUC_1239,1396951877,74,22,297,0.2973,13.5,1272292,1354377,20000,180,17,219,10,0.0457,468.34,47.68,67.18,0.6069,52011.39,0,0,0,1,0.0441,0
AUC_1185,2426730235,44,4,250,0.0909,62.5,488849,556753,10000,120,17,204,10,0.049,288.16,86.25,5.3,0.335,11914.69,0,0,1,0,0.2437,0
AUC_1386,1856824395,20,10,214,0.5,21.4,680425,793679,2000,30,22,202,6,0.0297,391.51,9.21,6.21,0.5161,4509.27,0,0,0,0,0.0981,0
AUC_1286,1146023250,26,1,830,0.0385,830.0,1175382,1359764,2000,60,7,72,31,0.4306,57.74,20.8,1.48,0.836,3151.58,1,0,1,0,0.99,1
AUC_1301,1196410001,111,23,494,0.2072,21.4783,439782,456194,2000,240,18,306,9,0.0294,123.79,29.18,81.03,0.3444,4774.4,0,0,0,1,0.1755,0
AUC_1322,2392710090,68,3,154,0.0441,51.3333,931243,1031180,5000,90,14,51,10,0.1961,137.5,34.86,13.56,0.3683,13932.85,0,0,0,1,0.1615,1
AUC_1243,2811089444,85,20,515,0.2353,25.75,1738930,2058364,5000,120,11,61,2,0.0328,437.67,59.29,17.85,0.2391,7239.28,0,0,0,0,0.1108,0
AUC_1389,2285225881,85,0,2082,0.0,2082.0,748847,916816,1000,60,19,184,29,0.1576,70.93,4.23,2.37,0.8777,1292.91,0,1,1,0,0.8572,1
AUC_1381,2609785272,6,0,50,0.0,50.0,727555,816127,1000,180,7,106,8,0.0755,724.13,74.27,99.86,0.3836,3841.23,0,0,0,0,0.2656,0
AUC_1219,2210389454,73,23,233,0.3151,10.1304,1514503,1760437,1000,120,24,407,11,0.027,289.68,68.13,3.67,0.5276,1104.91,0,0,1,1,0.095,0
AUC_1289,2346936248,44,2,534,0.0455,267.0,583354,609017,5000,60,11,125,18,0.144,44.09,9.83,4.58,0.924,9822.74,1,0,1,0,0.8466,1
AUC_1312,2790624731,26,6,241,0.2308,40.1667,292283,363499,1000,180,6,72,17,0.2361,68.13,26.15,59.13,0.4215,1235.67,0,0,0,1,0.2514,0
AUC_1336,2994535328,18,7,210,0.3889,30.0,877522,1045159,2000,60,19,249,9,0.0361,338.4,37.83,10.2,0.5206,4461.08,0,0,0,0,0.0497,0
AUC_1371,1552128038,36,11,80,0.3056,7.2727,1515766,1894483,1000,180,15,115,4,0.0348,726.49,28.84,125.03,0.4225,1921.83,0,0,0,0,0.0543,0
AUC_1151,1624834145,15,5,51,0.3333,10.2,251705,293815,5000,240,14,30,7,0.2333,209.65,54.04,33.95,0.3146,11395.01,0,0,0,1,0.0697,0
AUC_1249,1974293836,41,13,300,0.3171,23.0769,1145154,1303882,20000,120,9,76,1,0.0132,516.67,55.97,43.57,0.3789,77709.27,0,0,0,1,0.0616,0
AUC_1009,1765390353,11,1,60,0.0909,60.0,417248,515993,20000,120,17,83,6,0.0723,317.59,98.46,4.0,0.2714,29798.13,0,0,1,0,0.309,1
AUC_1173,2693710671,32,0,659,0.0,659.0,1092013,1341813,5000,60,19,109,19,0.1743,46.48,0.5,4.59,0.7263,8563.79,1,1,1,1,0.8178,1
AUC_1004,1757008652,46,16,156,0.3478,9.75,1695783,2212391,20000,180,10,37,11,0.2973,279.23,110.1,9.74,0.3015,34663.08,0,0,1,1,0.1932,0
AUC_1247,2585896638,5,1,39,0.2,39.0,581603,636003,10000,60,23,289,1,0.0035,1027.18,41.68,25.68,0.3645,20110.08,0,0,0,0,0.082,0
AUC_1183,2294245309,114,0,1687,0.0,1687.0,1405604,1720927,5000,240,20,324,16,0.0494,42.57,18.12,15.81,0.6046,7368.3,0,1,1,0,0.8899,1
AUC_1137,2894238301,94,24,1064,0.2553,44.3333,946999,1066799,5000,120,17,42,14,0.3333,462.18,58.75,40.1,0.6222,12374.62,0,0,0,0,0.2261,0
AUC_1191,2192187417,6,0,43,0.0,43.0,1245760,1338203,1000,120,4,27,2,0.0741,1072.15,76.03,80.58,0.3634,3498.94,0,0,0,0,0.2479,0
AUC_1396,2906804611,16,2,102,0.125,51.0,1391991,1568036,2000,240,9,24,1,0.0417,1050.6,102.7,128.55,0.4105,3180.59,0,0,0,1,0.2947,1
AUC_1307,2963208817,150,3,2361,0.02,787.0,434268,519062,1000,60,20,241,38,0.1577,28.6,18.09,5.37,0.7391,1526.91,1,0,1,0,0.9506,1
AUC_1259,2714606429,28,1,186,0.0357,186.0,1597342,1940922,20000,90,10,134,1,0.0075,907.15,31.67,38.22,0.1445,31646.15,0,0,0,0,0.1311,0
AUC_1380,1122968568,21,2,176,0.0952,88.0,696665,780767,5000,120,23,289,4,0.0138,122.74,89.97,42.47,0.514,14639.26,0,0,0,0,0.2403,0
AUC_1057,2692716086,135,4,4023,0.0296,1005.75,1452622,1933047,20000,30,12,38,24,0.6316,80.49,2.42,0.54,0.8641,27049.99,0,1,1,0,0.9482,1
AUC_1380,2436030465,24,3,149,0.125,49.6667,402909,468741,5000,180,22,44,11,0.25,83.79,126.04,7.65,0.3587,9468.01,0,0,1,0,0.2794,0
AUC_1351,1817036768,92,0,1446,0.0,1446.0,1338136,1545905,5000,120,10,37,12,0.3243,25.81,15.82,9.18,0.5954,7716.69,0,0,1,0,0.7387,1
AUC_1162,1428245889,30,2,167,0.0667,83.5,203127,233716,5000,180,10,124,8,0.0645,593.92,59.95,93.55,0.275,9730.62,0,0,0,0,0.2406,0
AUC_1174,2968022248,10,1,99,0.1,99.0,1968050,2401970,2000,120,13,61,3,0.0492,379.08,24.38,75.45,0.3224,8212.75,0,0,0,0,0.2152,0
AUC_1166,1611785286,88,13,674,0.1477,51.8462,1525128,1854121,2000,90,13,170,14,0.0824,286.27,35.28,6.87,0.3222,4123.05,0,0,1,0,0.307,0
AUC_1317,2817271239,4,1,26,0.25,26.0,422636,442871,2000,180,12,64,9,0.1406,133.02,29.48,82.31,0.4277,4799.93,0,0,0,0,0.1886,0
AUC_1000,2647503309,113,2,2639,0.0177,1319.5,745415,919739,20000,120,19,328,17,0.0518,61.58,22.56,1.12,0.7099,32568.38,0,0,1,0,0.6668,0
AUC_1344,2012542353,15,2,47,0.1333,23.5,1212785,1480682,2000,90,6,96,7,0.0729,55.52,35.29,2.66,0.4009,5155.06,0,0,1,0,0.168,1
AUC_1107,2600536104,28,7,181,0.25,25.8571,1812951,2032749,20000,60,9,72,9,0.125,676.51,10.41,24.08,0.4077,79858.21,0,0,0,0,0.1302,0
AUC_1362,1046662217,69,2,893,0.029,446.5,1211697,1355980,5000,120,14,146,20,0.137,21.04,41.12,8.71,0.8067,6293.91,1,0,1,0,0.7592,0
AUC_1138,2218472645,15,1,80,0.0667,80.0,370712,448271,2000,120,7,45,7,0.1556,435.24,29.79,46.73,0.2902,4180.16,0,0,0,1,0.2463,0
AUC_1030,2461538564,60,30,313,0.5,10.4333,1808701,2207387,5000,180,10,169,9,0.0533,216.54,98.3,26.11,0.2999,12810.84,0,0,0,0,0.01,0
AUC_1068,2339444336,49,1,566,0.0204,566.0,1809101,1915239,2000,90,22,351,14,0.0399,76.25,7.63,1.43,0.7378,3039.82,0,1,1,0,0.6846,1
AUC_1123,1700711025,31,9,207,0.2903,23.0,1601300,1714896,5000,30,20,161,3,0.0186,200.37,18.06,20.84,0.3066,17626.58,0,0,0,0,0.0693,0
AUC_1009,2443752893,65,3,600,0.0462,200.0,120424,132873,20000,120,6,92,22,0.2391,64.53,22.31,3.78,0.7152,20758.92,1,0,1,1,0.8358,1
AUC_1330,2840139032,6,1,24,0.1667,24.0,1254453,1505580,5000,120,17,251,8,0.0319,519.71,71.22,40.16,0.2643,7314.68,0,0,0,1,0.0792,0
AUC_1102,1542772068,47,0,763,0.0,763.0,890133,942331,5000,120,22,371,41,0.1105,31.08,15.96,1.4,0.6738,7243.34,1,0,1,0,0.7858,1
AUC_1308,1463494110,85,23,407,0.2706,17.6957,1612550,1717338,10000,120,15,206,11,0.0534,278.39,94.11,3.06,0.3937,27026.61,0,0,1,0,0.2142,0
AUC_1034,2639646927,36,1,1183,0.0278,1183.0,1490585,1707358,5000,240,21,291,43,0.1478,111.7,1.86,10.47,0.8335,5926.61,0,1,1,0,0.7422,1
AUC_1231,1749241956,79,30,710,0.3797,23.6667,1520472,1631285,5000,120,24,361,11,0.0305,296.14,76.14,0.54,0.3543,6406.89,0,0,1,0,0.0569,0
AUC_1175,2104224852,27,4,79,0.1481,19.75,428487,502691,20000,120,20,134,4,0.0299,1149.06,25.91,39.36,0.2573,78584.74,0,0,0,0,0.1553,0
AUC_1370,1943462260,133,9,3471,0.0677,385.6667,1684389,1856436,5000,120,10,60,38,0.6333,12.11,14.87,9.56,0.6207,8865.97,1,0,1,0,0.99,1
AUC_1239,1680314124,51,23,235,0.451,10.2174,881461,1111906,5000,180,6,38,9,0.2368,394.7,123.48,18.2,0.6092,5567.59,0,0,1,0,0.1735,0
AUC_1061,2817715814,25,12,112,0.48,9.3333,1529651,1677920,5000,240,7,81,10,0.1235,475.93,118.84,67.59,0.3815,13809.84,0,0,0,1,0.0597,1
AUC_1288,1864023228,106,17,462,0.1604,27.1765,893526,941760,20000,60,3,48,17,0.3542,384.4,17.68,13.98,0.3805,57907.8,0,0,0,1,0.2687,1
AUC_1223,1009489557,111,0,3724,0.0,3724.0,1376479,1754220,5000,180,4,29,26,0.8966,47.21,8.48,27.02,0.9786,6135.01,1,1,0,0,0.99,1
AUC_1074,1784677412,49,1,654,0.0204,654.0,844207,954851,5000,120,21,346,44,0.1272,77.96,22.17,8.03,0.717,6686.62,0,0,1,1,0.8343,1
AUC_1207,1042308310,87,6,332,0.069,55.3333,1986310,2465434,2000,60,24,87,7,0.0805,155.48,22.83,8.23,0.2467,5924.04,0,0,0,0,0.0796,0
AUC_1205,2035571649,109,9,2677,0.0826,297.4444,485772,565395,5000,120,13,202,18,0.0891,70.29,17.92,4.15,0.6576,8971.36,0,0,1,0,0.5834,1
AUC_1076,2514560321,50,19,386,0.38,20.3158,1788371,1973535,5000,120,24,383,4,0.0104,433.51,56.71,7.53,0.3328,9454.56,0,0,1,0,0.1359,0
AUC_1231,1920596316,67,14,752,0.209,53.7143,831616,1061258,20000,180,6,69,16,0.2319,288.45,84.85,18.98,0.3928,20222.48,0,0,1,1,0.272,0
AUC_1156,1924928720,19,0,296,0.0,296.0,462820,513500,1000,90,18,73,11,0.1507,34.2,20.98,0.42,0.5629,1712.6,0,0,1,0,0.5618,1
AUC_1325,1414730768,126,0,1080,0.0,1080.0,199577,250783,5000,90,9,80,29,0.3625,36.19,1.97,0.68,0.7776,5203.67,1,1,1,0,0.9577,1
AUC_1233,2798860490,117,2,3381,0.0171,1690.5,1284306,1611557,5000,120,17,177,39,0.2203,24.2,18.99,9.69,0.8196,6166.03,1,0,1,0,0.99,1
AUC_1335,1826588343,93,6,1728,0.0645,288.0,788968,853426,1000,30,7,96,24,0.25,22.99,6.78,1.47,0.7015,2195.53,1,0,1,0,0.9143,1
AUC_1122,1082182621,9,2,65,0.2222,32.5,1732397,1988752,5000,60,5,76,4,0.0526,765.22,18.78,41.68,0.2001,18355.3,0,0,0,0,0.0239,0
AUC_1272,2366975378,44,4,335,0.0909,83.75,1349099,1756904,1000,60,3,24,7,0.2917,644.1,30.35,20.97,0.4103,3931.45,0,0,0,0,0.3282,0
AUC_1196,2634944245,35,2,948,0.0571,474.0,438930,539788,2000,240,13,167,27,0.1617,85.33,34.2,10.42,0.7363,2023.34,0,0,1,0,0.724,1
AUC_1242,1225815943,28,14,118,0.5,8.4286,866623,1014398,10000,90,14,33,4,0.1212,346.98,82.99,16.16,0.6275,10616.36,0,0,0,1,0.1636,0
AUC_1189,2564807620,130,10,2548,0.0769,254.8,820426,965352,10000,120,3,33,27,0.8182,62.53,1.45,8.94,0.7546,15090.82,1,1,1,0,0.99,1
AUC_1216,2808191816,51,16,540,0.3137,33.75,1959268,2249344,1000,60,8,112,7,0.0625,240.53,2.15,3.3,0.5674,1671.3,0,1,1,1,0.2095,0
AUC_1092,1971642241,54,11,442,0.2037,40.1818,738468,880758,20000,180,6,55,13,0.2364,215.41,26.62,44.5,0.3775,23631.01,0,0,0,1,0.1656,0
AUC_1183,1781807333,5,0,14,0.0,14.0,1482698,1693667,2000,180,14,76,2,0.0263,906.64,84.55,51.12,0.1702,6302.52,0,0,0,0,0.0376,0
AUC_1347,2880881002,29,5,185,0.1724,37.0,1543113,1731024,1000,240,18,250,2,0.008,661.18,48.34,57.64,0.2156,3034.96,0,0,0,0,0.0234,0
AUC_1197,2700983135,18,0,176,0.0,176.0,374221,452738,2000,60,14,251,6,0.0239,835.63,35.4,33.98,0.4701,4179.05,0,0,0,0,0.3854,0
AUC_1381,2893602773,19,6,43,0.3158,7.1667,606110,664149,10000,60,15,213,5,0.0235,831.82,20.34,33.16,0.2954,38228.57,0,0,0,0,0.01,0
AUC_1029,2450823250,69,29,380,0.4203,13.1034,920319,1051946,2000,60,20,218,11,0.0505,350.35,31.87,8.01,0.5625,2621.98,0,0,0,0,0.0905,0
AUC_1268,1130522868,83,1,1677,0.012,1677.0,1274228,1726101,20000,180,6,22,19,0.8636,29.94,43.04,5.04,0.8804,24158.34,1,0,1,0,0.9443,1
AUC_1000,2483793557,44,5,114,0.1136,22.8,1574010,1866126,5000,90,17,239,3,0.0126,135.41,38.89,11.57,0.2689,14855.25,0,0,0,1,0.2605,0
AUC_1290,1283478128,24,10,199,0.4167,19.9,941049,1165743,1000,120,4,29,2,0.069,109.08,49.83,17.77,0.5075,1519.56,0,0,0,0,0.065,0
AUC_1237,2495509191,42,10,197,0.2381,19.7,1567218,1734221,20000,180,7,54,9,0.1667,285.39,70.85,12.26,0.3312,20673.99,0,0,1,0,0.2021,0
AUC_1194,2828399399,9,2,81,0.2222,40.5,1236464,1321678,1000,240,23,135,9,0.0667,304.89,81.3,110.96,0.2115,4443.48,0,0,0,0,0.1133,0
AUC_1352,1998419846,100,45,1267,0.45,28.1556,1622085,1862827,5000,180,21,197,13,0.066,101.15,58.61,53.17,0.6393,10557.78,0,0,0,0,0.0765,0
AUC_1183,1138057139,72,33,454,0.4583,13.7576,909294,999334,5000,30,6,77,7,0.0909,284.51,14.92,3.5,0.6976,8141.49,0,0,1,0,0.1409,0
AUC_1288,1939164006,81,1,1713,0.0123,1713.0,832485,916123,2000,90,6,89,12,0.1348,22.63,7.35,0.02,0.6065,4253.87,0,1,1,0,0.6326,0
AUC_1160,2252640068,113,5,1556,0.0442,311.2,355362,412930,20000,240,21,195,16,0.0821,20.1,11.77,2.95,0.9077,31390.03,0,1,1,0,0.7024,1
AUC_1163,1567104004,103,4,2874,0.0388,718.5,684603,750249,10000,180,21,62,28,0.4516,89.18,14.01,11.18,0.7898,18784.06,0,1,1,0,0.8411,1
AUC_1076,2043851141,10,1,139,0.1,139.0,889619,1069565,2000,240,11,162,30,0.1852,36.53,2.35,22.69,0.5623,4184.34,1,1,1,0,0.9041,1
AUC_1287,2906470820,81,13,1030,0.1605,79.2308,358527,454960,20000,180,3,40,17,0.425,366.23,110.27,40.01,0.4424,33893.99,0,0,0,0,0.2713,0
AUC_1260,1289104349,41,4,887,0.0976,221.75,1102712,1222532,1000,90,20,302,33,0.1093,19.13,9.94,7.98,0.6341,1620.0,1,1,1,0,0.9564,1
AUC_1033,1876455723,66,31,527,0.4697,17.0,1965624,2138707,20000,60,18,136,4,0.0294,240.32,55.06,8.03,0.4403,47994.12,0,0,0,0,0.0665,0
AUC_1394,1442591007,32,13,291,0.4062,22.3846,1031012,1226400,20000,180,7,89,14,0.1573,385.28,33.53,64.86,0.4287,65917.58,0,0,0,0,0.0688,0
AUC_1132,2456231110,14,3,34,0.2143,11.3333,1589111,1702037,20000,120,20,123,8,0.065,448.88,17.9,57.09,0.1072,78689.3,0,0,0,0,0.01,0
AUC_1064,2065994101,53,21,530,0.3962,25.2381,372556,420990,5000,240,5,32,7,0.2188,368.01,34.44,76.84,0.5065,11511.4,0,0,0,1,0.1919,0
AUC_1366,2558488397,38,5,175,0.1316,35.0,667240,787060,2000,120,11,151,9,0.0596,758.68,6.07,29.96,0.2473,3696.49,0,1,0,0,0.1339,0
AUC_1358,1339364885,65,2,938,0.0308,469.0,813721,1009376,5000,120,17,125,17,0.136,32.31,33.99,3.31,0.9053,7732.68,0,0,1,0,0.8622,0
AUC_1234,2332612602,132,3,1394,0.0227,464.6667,1422493,1603657,2000,120,15,148,32,0.2162,55.88,15.41,1.79,0.7855,2554.59,1,0,1,1,0.8986,1
AUC_1378,1568954160,43,8,132,0.186,16.5,538037,641919,1000,30,18,224,9,0.0402,222.86,2.49,18.29,0.2151,3488.06,0,1,0,0,0.0991,0
AUC_1023,2086971692,108,4,2425,0.037,606.25,1723177,2033486,1000,60,14,77,33,0.4286,52.51,8.12,4.74,0.9193,1266.74,1,0,1,1,0.9617,1
AUC_1193,2503072175,89,32,449,0.3596,14.0312,925373,1047651,10000,90,13,150,9,0.06,293.11,73.33,12.56,0.4526,27718.54,0,0,0,0,0.0365,0
AUC_1366,2271027531,89,6,1332,0.0674,222.0,1502276,1893574,10000,240,23,375,27,0.072,82.92,17.45,22.14,0.9772,10736.79,0,1,1,0,0.6455,1
AUC_1178,1168335365,29,7,108,0.2414,15.4286,925603,1002648,5000,90,7,30,6,0.2,596.31,32.36,43.89,0.2242,9271.88,0,0,0,0,0.173,0
AUC_1245,2893073707,65,26,705,0.4,27.1154,1162457,1348293,2000,90,13,231,12,0.0519,212.52,24.55,25.05,0.4822,6183.37,0,0,0,0,0.1571,0
AUC_1298,1151389571,19,3,175,0.1579,58.3333,1881639,2001171,5000,120,19,268,16,0.0597,407.31,14.07,11.97,0.4077,8428.19,0,1,1,1,0.264,0
AUC_1243,2591295758,74,2,1759,0.027,879.5,1792394,1991094,10000,60,9,133,12,0.0902,27.11,5.4,4.15,0.6237,11228.65,0,1,1,0,0.8438,1
AUC_1378,2733508025,76,6,1481,0.0789,246.8333,1659544,1825668,2000,90,17,195,30,0.1538,8.66,17.0,5.01,0.9453,3398.54,1,0,1,0,0.913,1
AUC_1014,1072298445,96,48,566,0.5,11.7917,171369,183794,2000,180,18,137,9,0.0657,174.79,81.62,45.5,0.613,2180.7,0,0,0,0,0.1043,0
AUC_1099,2388822938,136,2,3694,0.0147,1847.0,1696485,2102359,1000,60,13,38,24,0.6316,78.58,5.72,0.99,0.6617,1617.35,0,1,1,0,0.725,1
AUC_1360,1923363846,89,3,1888,0.0337,629.3333,508517,556024,5000,240,19,191,22,0.1152,33.0,64.6,39.1,0.9527,8136.88,1,0,0,0,0.9089,1
AUC_1273,1655179210,70,7,661,0.1,94.4286,1757284,2043584,1000,30,18,316,17,0.0538,8.88,1.05,2.28,0.8179,1588.39,0,1,1,0,0.7731,1
AUC_1203,2204347169,22,5,114,0.2273,22.8,1089920,1214246,2000,90,9,131,12,0.0916,338.85,39.76,20.63,0.6266,5269.85,0,0,0,0,0.0764,0
AUC_1379,2861110349,158,0,2118,0.0,2118.0,737525,855388,1000,90,4,50,37,0.74,36.4,9.18,16.08,0.7524,1412.94,1,1,0,0,0.99,1
AUC_1027,1083082665,17,5,34,0.2941,6.8,1651775,1808888,20000,90,16,278,9,0.0324,158.75,40.13,1.1,0.61,56287.75,0,0,1,1,0.0726,0
AUC_1159,2663928444,29,7,377,0.2414,53.8571,1234236,1483206,5000,120,9,87,15,0.1724,422.93,56.72,12.06,0.3956,5396.77,0,0,1,0,0.2268,0
AUC_1272,1795609658,6,1,42,0.1667,42.0,1760780,1842005,5000,60,17,148,6,0.0405,475.32,8.06,11.67,0.1995,14554.98,0,0,0,0,0.1541,0
AUC_1175,2425963538,38,10,339,0.2632,33.9,266512,317927,10000,120,13,229,9,0.0393,759.04,6.97,59.58,0.3903,40645.13,0,1,0,0,0.1434,1
AUC_1262,2756816220,40,13,371,0.325,28.5385,1348931,1424474,2000,30,14,64,8,0.125,196.75,18.8,2.61,0.6299,2207.79,0,0,1,0,0.149,1
AUC_1059,2971320951,88,4,1192,0.0455,298.0,1398457,1722920,1000,30,5,81,37,0.4568,18.57,8.89,0.28,0.8468,1422.63,1,0,1,0,0.99,1
AUC_1163,1446081067,58,10,673,0.1724,67.3,553491,569154,1000,240,18,321,6,0.0187,355.03,65.11,11.2,0.2999,1040.19,0,0,1,1,0.2217,1
AUC_1226,1867613237,91,7,1745,0.0769,249.2857,1279320,1618257,20000,90,9,123,19,0.1545,14.75,8.66,7.5,0.7791,25246.5,1,1,1,1,0.9136,1
AUC_1152,1465467136,6,0,49,0.0,49.0,661259,768067,5000,90,13,122,3,0.0246,973.05,57.5,49.45,0.5322,12755.27,0,0,0,0,0.1013,0
AUC_1108,2839796034,79,5,593,0.0633,118.6,1820023,2253409,20000,240,20,65,16,0.2462,8.06,13.3,0.72,0.6635,27496.0,0,1,1,1,0.8223,1
AUC_1348,2025311423,110,37,797,0.3364,21.5405,699509,738261,2000,90,20,69,8,0.1159,197.6,41.46,6.84,0.328,4579.83,0,0,1,1,0.106,0
AUC_1196,1880237256,43,2,1189,0.0465,594.5,1896427,2264041,2000,120,23,46,20,0.4348,101.18,37.36,19.95,0.9799,3485.28,0,0,0,0,0.7436,0
AUC_1175,2554095148,107,27,1270,0.2523,47.037,926417,961134,10000,240,13,101,14,0.1386,316.61,22.42,52.32,0.3418,21283.65,0,1,0,1,0.2196,0
AUC_1375,2017845273,61,1,1035,0.0164,1035.0,280053,318026,5000,180,13,37,24,0.6486,35.32,47.09,15.38,0.6949,8652.99,1,0,1,0,0.99,1
AUC_1150,2084427593,42,3,1101,0.0714,367.0,1964640,2465621,20000,90,6,99,29,0.2929,57.27,6.85,2.09,0.7429,35757.26,1,1,1,0,0.9115,1
AUC_1339,2981131153,35,10,158,0.2857,15.8,1538803,1852048,5000,180,5,26,2,0.0769,168.24,29.04,84.99,0.1203,10664.89,0,0,0,1,0.0483,0
AUC_1258,2581498556,4,0,24,0.0,24.0,633460,780117,10000,90,9,50,6,0.12,331.59,44.95,32.39,0.1583,15614.05,0,0,0,0,0.1985,0
AUC_1264,1641441848,59,20,435,0.339,21.75,1022247,1276227,10000,180,24,55,15,0.2727,331.2,95.45,16.18,0.4745,30695.23,0,0,1,0,0.1813,1
AUC_1212,1160692248,29,5,111,0.1724,22.2,1154250,1374461,2000,180,22,276,7,0.0254,714.04,48.52,102.33,0.2515,7651.94,0,0,0,0,0.033,0
AUC_1179,2220924339,96,2,1177,0.0208,588.5,1574893,1818116,1000,120,17,172,34,0.1977,39.29,25.68,9.28,0.7453,1370.46,1,0,1,0,0.8487,1
AUC_1009,2507854541,24,1,342,0.0417,342.0,500819,538858,10000,60,20,295,18,0.061,65.03,1.09,4.07,0.7425,13691.05,1,1,1,0,0.8021,1
AUC_1354,2684132030,11,4,39,0.3636,9.75,1013462,1206218,2000,60,22,232,5,0.0216,195.14,37.33,3.11,0.3347,3043.88,0,0,1,1,0.0951,0
AUC_1156,1175491154,40,9,90,0.225,10.0,332683,412958,2000,60,3,23,8,0.3478,957.39,1.51,28.21,0.3652,3345.26,0,1,0,1,0.1041,0
AUC_1379,1682865639,22,3,129,0.1364,43.0,260879,280898,1000,180,10,51,6,0.1176,322.18,100.83,69.85,0.3535,2571.91,0,0,0,1,0.1607,0
AUC_1328,1571032175,80,21,231,0.2625,11.0,80204,97520,1000,120,11,78,10,0.1282,80.82,96.33,15.87,0.4701,2774.95,0,0,0,1,0.156,0
AUC_1017,1054315148,33,15,131,0.4545,8.7333,451531,582140,2000,30,15,69,16,0.2319,240.77,12.22,6.85,0.349,2942.85,0,0,0,0,0.0288,0
AUC_1250,2444454402,58,5,361,0.0862,72.2,428287,508653,1000,120,14,223,8,0.0359,316.58,45.82,21.16,0.5686,1903.06,0,0,0,1,0.3213,0
AUC_1174,2514602264,39,5,164,0.1282,32.8,467253,543498,20000,180,3,35,7,0.2,774.9,28.65,46.96,0.4342,65876.53,0,0,0,0,0.177,0
AUC_1139,2267607565,20,10,138,0.5,13.8,1119890,1314665,5000,240,11,134,9,0.0672,397.69,184.75,4.66,0.3587,8781.14,0,0,1,1,0.2315,0
AUC_1362,2826644508,34,3,107,0.0882,35.6667,1092531,1146142,10000,60,22,314,1,0.0032,328.22,27.53,39.04,0.179,23954.89,0,0,0,1,0.0655,0
AUC_1329,2377832140,34,7,259,0.2059,37.0,1387782,1567876,5000,180,10,69,8,0.1159,315.74,68.85,60.35,0.2071,7410.93,0,0,0,0,0.1164,0
AUC_1154,2506929977,25,0,537,0.0,537.0,1171049,1461302,1000,240,14,143,24,0.1678,9.6,1.68,3.57,0.9354,1916.37,1,1,1,0,0.9024,1
AUC_1160,2287180313,71,11,229,0.1549,20.8182,1483082,1622441,20000,60,12,27,9,0.3333,293.29,31.36,14.65,0.4631,41069.75,0,0,0,1,0.2431,0
AUC_1284,2744929385,41,14,378,0.3415,27.0,805731,880100,20000,60,17,60,14,0.2333,259.69,6.9,13.82,0.4914,53100.8,0,1,0,1,0.2207,0
AUC_1122,2250011581,73,2,2108,0.0274,1054.0,1349335,1724108,10000,120,24,128,39,0.3047,37.24,19.96,8.03,0.8385,15602.13,1,0,1,0,0.99,1
AUC_1006,1098417444,27,13,307,0.4815,23.6154,518869,595298,5000,180,21,48,15,0.3125,94.1,31.16,16.88,0.4745,13057.78,0,0,1,0,0.1869,0
AUC_1209,2930119291,103,50,1041,0.4854,20.82,1411503,1487986,10000,90,8,116,6,0.0517,153.66,43.53,11.23,0.2894,21280.77,0,0,0,1,0.01,0
AUC_1164,1117033201,30,8,137,0.2667,17.125,1558351,1816968,5000,30,6,102,1,0.0098,604.17,10.03,9.83,0.2454,9480.8,0,0,0,0,0.0804,0
AUC_1052,2420959979,135,13,3267,0.0963,251.3077,1485407,1653381,1000,120,19,152,38,0.25,77.56,14.02,3.19,0.6404,1171.7,0,1,1,0,0.8659,1
AUC_1392,1253905120,46,19,416,0.413,21.8947,1915508,2086366,1000,180,24,224,10,0.0446,254.24,12.62,13.8,0.2556,1745.04,0,1,1,1,0.1764,0
AUC_1134,1177250490,33,9,176,0.2727,19.5556,1011403,1285692,5000,120,10,97,12,0.1237,356.0,13.4,22.21,0.5231,10240.33,0,1,0,1,0.195,0
AUC_1033,1589707159,77,32,855,0.4156,26.7188,821952,919397,1000,90,23,186,6,0.0323,158.6,57.73,9.26,0.5615,3499.28,0,0,1,0,0.1328,0
AUC_1273,1683290186,36,1,301,0.0278,301.0,1309788,1491172,5000,120,15,116,6,0.0517,765.11,75.62,77.29,0.412,17689.72,0,0,0,0,0.2559,0
AUC_1115,2764336776,17,2,142,0.1176,71.0,1549501,1886951,1000,120,19,95,10,0.1053,375.21,8.53,29.39,0.431,2997.13,0,1,0,0,0.1617,0
AUC_1373,1102968699,42,21,203,0.5,9.6667,1547083,1652050,20000,60,23,236,8,0.0339,140.25,26.53,9.46,0.5314,45784.51,0,0,0,0,0.2,0
AUC_1399,1839877078,29,13,291,0.4483,22.3846,1706944,1870262,1000,180,17,158,9,0.057,87.06,34.46,46.2,0.5089,3054.9,0,0,0,1,0.1169,1
AUC_1284,1257741380,60,4,965,0.0667,241.25,575297,683521,20000,180,7,45,36,0.8,42.34,17.27,7.34,0.6246,31378.41,1,1,1,1,0.9293,1
AUC_1258,1787794176,36,8,183,0.2222,22.875,1899970,2320578,1000,120,17,201,9,0.0448,894.8,17.61,80.74,0.319,3274.18,0,0,0,1,0.0654,0
AUC_1255,1038176610,74,27,433,0.3649,16.037,509505,553913,5000,30,22,369,16,0.0434,254.14,15.02,1.78,0.5343,12601.01,0,0,1,0,0.1291,1
AUC_1021,2449979968,2,1,6,0.5,6.0,113895,139291,2000,90,22,255,6,0.0235,291.9,9.58,38.61,0.1752,7344.98,0,1,0,1,0.0273,0
AUC_1320,2631202371,106,25,898,0.2358,35.92,1328414,1778862,2000,90,9,26,14,0.5385,463.46,1.14,34.68,0.6311,5921.7,0,1,0,0,0.3514,1
AUC_1321,2769595374,101,2,2210,0.0198,1105.0,1427110,1517662,2000,120,19,278,42,0.1511,46.43,10.73,21.57,0.9803,2075.62,1,1,0,0,0.99,1
AUC_1127,1359919747,53,9,412,0.1698,45.7778,1984438,2265955,2000,240,8,84,17,0.2024,482.04,136.43,11.84,0.325,5436.71,0,0,1,0,0.3486,0
AUC_1188,2272792184,24,8,96,0.3333,12.0,1404281,1676071,2000,30,15,135,8,0.0593,855.77,19.45,11.38,0.367,4918.06,0,0,0,0,0.0622,0
AUC_1171,2060405728,16,6,199,0.375,33.1667,771057,824150,20000,120,10,71,8,0.1127,61.94,20.35,37.14,0.5693,67407.17,0,0,0,1,0.1995,0
AUC_1169,1816911831,51,2,610,0.0392,305.0,434827,613560,1000,180,3,44,41,0.9318,78.51,58.48,33.08,0.9025,1275.21,0,0,0,0,0.9553,1
AUC_1024,2981208798,109,54,1439,0.4954,26.6481,183431,198531,5000,240,11,139,8,0.0576,254.68,18.82,60.81,0.4142,15197.14,0,1,0,0,0.1281,0
AUC_1087,1154580628,6,1,14,0.1667,14.0,1108199,1343422,10000,180,14,150,5,0.0333,1021.51,89.06,119.29,0.1929,16823.23,0,0,0,0,0.0373,0
AUC_1179,2177357847,65,24,424,0.3692,17.6667,1258596,1315209,5000,120,14,233,14,0.0601,366.62,72.35,40.05,0.2286,7524.49,0,0,0,0,0.01,0
AUC_1386,1441549515,26,0,102,0.0,102.0,1404679,1732692,10000,60,16,68,8,0.1176,437.47,22.22,11.2,0.5022,22586.42,0,0,0,1,0.2575,1
AUC_1365,1080296447,31,2,177,0.0645,88.5,386856,451933,10000,120,15,250,3,0.012,982.8,69.5,43.07,0.3527,38603.96,0,0,0,0,0.1489,0
AUC_1351,2322863071,139,5,4402,0.036,880.4,1723114,2036398,10000,60,16,140,30,0.2143,75.28,19.12,3.67,0.6582,10035.83,0,0,1,0,0.843,1
AUC_1360,1022123629,107,46,701,0.4299,15.2391,1242776,1512110,2000,180,15,89,13,0.1461,446.79,109.42,53.92,0.2617,5438.2,0,0,0,0,0.01,0
AUC_1255,1904847449,98,20,296,0.2041,14.8,1735079,1931538,2000,60,21,352,16,0.0455,290.33,18.43,23.95,0.571,5514.63,0,0,0,1,0.3018,0
AUC_1328,1658420197,37,1,664,0.027,664.0,1289982,1577361,5000,180,10,42,34,0.8095,50.94,5.06,27.03,0.6692,8783.88,1,1,0,0,0.99,1
AUC_1094,1974445782,33,4,220,0.1212,55.0,207862,231941,10000,90,17,130,7,0.0538,115.6,30.35,3.82,0.4775,25341.0,0,0,1,0,0.1295,0
AUC_1389,1668848152,70,0,1188,0.0,1188.0,828834,1001288,20000,180,13,223,41,0.1839,66.12,44.67,20.7,0.9381,23014.88,1,0,1,0,0.9086,1
AUC_1333,1781523352,75,3,232,0.04,77.3333,252804,311818,5000,180,22,270,8,0.0296,328.25,127.49,29.63,0.4341,13075.65,0,0,0,0,0.3008,0
AUC_1067,1043381991,76,15,292,0.1974,19.4667,1565158,1915315,1000,90,21,119,9,0.0756,181.69,14.53,16.4,0.2523,1784.82,0,0,0,1,0.1553,0
AUC_1341,1334016676,42,20,295,0.4762,14.75,211841,243342,10000,90,8,51,8,0.1569,168.27,70.73,0.48,0.2674,19629.69,0,0,1,0,0.0733,0
AUC_1288,1417506616,36,13,385,0.3611,29.6154,199773,248869,1000,240,18,290,8,0.0276,151.44,6.91,6.81,0.3254,1229.17,0,1,1,1,0.202,0
AUC_1165,2270955749,61,2,627,0.0328,313.5,226525,281354,20000,60,20,294,26,0.0884,36.18,11.82,4.05,0.6083,34931.3,1,0,1,0,0.7651,1
AUC_1049,1671231389,150,1,3060,0.0067,3060.0,596530,741406,5000,120,12,174,18,0.1034,15.35,11.06,3.59,0.7143,7327.85,1,1,1,0,0.8303,1
AUC_1003,1749152803,13,1,38,0.0769,38.0,1829760,2040415,5000,60,7,82,6,0.0732,227.33,41.35,11.29,0.3377,18054.89,0,0,0,0,0.0647,0
AUC_1339,2614619086,40,9,126,0.225,14.0,1288453,1347799,2000,120,13,125,1,0.008,189.74,64.42,75.74,0.3341,4811.61,0,0,0,0,0.147,0
AUC_1368,1098254890,26,0,181,0.0,181.0,505291,586460,5000,60,5,87,2,0.023,304.62,31.07,21.26,0.3438,21053.05,0,0,0,1,0.2608,0
AUC_1099,2509087904,42,16,340,0.381,21.25,1729420,2168288,2000,180,20,120,8,0.0667,366.12,74.37,6.04,0.4592,4064.81,0,0,1,0,0.1833,0
AUC_1196,1681272312,89,32,328,0.3596,10.25,690504,834975,5000,120,6,47,6,0.1277,123.52,47.28,17.93,0.3875,11851.39,0,0,0,0,0.01,0
AUC_1229,1321869066,39,17,542,0.4359,31.8824,145246,173350,5000,60,16,87,17,0.1954,240.85,35.68,6.41,0.2337,13567.12,0,0,1,1,0.1819,0
AUC_1169,1272627933,7,2,67,0.2857,33.5,1860985,2192225,1000,120,16,116,1,0.0086,655.6,46.59,22.15,0.2374,2402.66,0,0,0,0,0.0718,0
AUC_1010,1233603960,100,0,1547,0.0,1547.0,987505,1331199,5000,180,3,38,34,0.8947,16.86,53.82,33.62,0.9952,6462.03,1,0,0,0,0.9444,1
AUC_1214,2991500792,6,2,32,0.3333,16.0,1467931,1541269,1000,240,16,176,6,0.0341,797.94,5.08,102.85,0.4117,3243.61,0,1,0,0,0.1695,1
AUC_1202,2480116695,19,1,145,0.0526,145.0,1551145,1860461,5000,60,12,69,7,0.1014,202.24,23.01,22.99,0.5155,9523.0,0,0,0,1,0.3038,1
AUC_1034,1866353702,25,2,232,0.08,116.0,646175,730521,2000,60,23,343,8,0.0233,429.24,30.3,26.55,0.2378,4697.29,0,0,0,0,0.2126,1
AUC_1192,2288480308,71,17,427,0.2394,25.1176,516459,637814,1000,180,15,115,6,0.0522,151.36,77.0,32.0,0.376,3137.06,0,0,0,1,0.0738,0
AUC_1287,2554761599,53,1,1213,0.0189,1213.0,1529920,2068045,1000,120,4,31,23,0.7419,14.57,4.2,11.13,0.6565,1284.26,1,1,1,1,0.948,1
AUC_1156,1235169456,44,11,296,0.25,26.9091,1480503,1766834,1000,120,16,101,9,0.0891,372.19,85.37,8.4,0.4409,2068.9,0,0,1,0,0.1864,0
AUC_1307,1557996555,80,31,1064,0.3875,34.3226,961490,1076922,1000,180,24,349,17,0.0487,371.79,13.82,8.48,0.4437,1871.8,0,1,1,1,0.2391,0
AUC_1385,2383769764,56,8,716,0.1429,89.5,792516,941496,2000,180,19,100,13,0.13,430.24,99.5,53.68,0.4269,4230.45,0,0,0,1,0.2789,0
AUC_1099,2201074154,79,7,1971,0.0886,281.5714,57459,62759,5000,120,9,95,15,0.1579,15.39,0.43,6.81,0.9519,5273.53,0,1,1,0,0.8061,1
AUC_1092,2670858237,41,7,257,0.1707,36.7143,1259262,1296805,1000,60,8,117,2,0.0171,795.79,29.05,23.68,0.3662,1749.9,0,0,0,0,0.1722,1
AUC_1294,2200642279,54,1,176,0.0185,176.0,1753265,2135119,5000,90,3,25,9,0.36,279.55,60.06,12.95,0.1536,14278.78,0,0,0,1,0.2478,0
AUC_1357,1179089712,17,1,139,0.0588,139.0,1314818,1370442,10000,60,7,89,3,0.0337,1041.44,18.02,38.95,0.3132,21416.1,0,0,0,0,0.1703,1
AUC_1129,2606796085,16,5,106,0.3125,21.2,1401261,1653736,5000,60,3,53,9,0.1698,224.77,30.7,27.32,0.4752,14329.24,0,0,0,0,0.1052,0
AUC_1029,1210403066,20,3,117,0.15,39.0,114416,135907,10000,90,12,67,10,0.1493,95.74,66.11,5.85,0.1757,21746.58,0,0,1,1,0.171,0
AUC_1219,1814454785,27,7,71,0.2593,10.1429,1651456,1746621,20000,180,21,170,5,0.0294,1027.82,10.04,120.92,0.541,24771.04,0,1,0,0,0.1522,0
AUC_1125,1261011060,61,23,139,0.377,6.0435,654125,744964,5000,180,8,69,6,0.087,327.49,135.26,22.52,0.2574,6311.08,0,0,0,1,0.01,0
AUC_1334,2619377601,12,3,85,0.25,28.3333,641282,840423,5000,180,3,29,7,0.2414,232.84,84.07,49.66,0.2087,17814.0,0,0,0,0,0.2274,0
AUC_1024,1954814739,31,0,235,0.0,235.0,173124,190661,20000,90,20,355,5,0.0141,484.13,68.9,41.55,0.243,34843.05,0,0,0,0,0.2672,1
AUC_1080,2499555238,23,0,262,0.0,262.0,1700925,2401482,20000,180,4,35,30,0.8571,13.67,38.95,9.21,0.7265,43264.66,1,0,1,0,0.99,1
AUC_1354,1634327898,112,2,3326,0.0179,1663.0,258766,283843,2000,60,13,167,20,0.1198,92.49,13.76,7.73,0.9857,2117.9,0,0,0,0,0.614,1
AUC_1079,2456852124,58,26,243,0.4483,9.3462,1406436,1519568,20000,60,23,103,7,0.068,386.03,20.74,10.46,0.6403,21389.98,0,0,0,0,0.01,0
AUC_1336,1940015476,32,5,194,0.1562,38.8,1680559,1821509,5000,60,7,118,17,0.1441,235.87,22.32,11.74,0.547,11822.58,0,0,0,1,0.3263,1
AUC_1079,1778029541,47,1,405,0.0213,405.0,727438,783265,5000,60,7,74,32,0.4324,21.92,5.79,4.4,0.8416,9350.71,1,1,1,0,0.9222,1
AUC_1397,1436714466,51,2,589,0.0392,294.5,876599,1082536,5000,240,10,88,37,0.4205,45.92,44.9,10.58,0.9183,8506.73,1,0,1,0,0.99,1
AUC_1128,2714220425,32,5,129,0.1562,25.8,355368,395922,5000,240,10,139,13,0.0935,181.88,34.72,42.82,0.3642,6963.64,0,0,0,1,0.1023,0
AUC_1077,1047202185,7,0,53,0.0,53.0,1284620,1564320,2000,240,18,100,5,0.05,439.89,181.25,87.22,0.1119,5427.89,0,0,0,0,0.1278,0
AUC_1144,2742461219,50,1,861,0.02,861.0,762761,904287,2000,60,14,186,24,0.129,12.3,4.57,6.51,0.9297,2037.08,1,1,1,0,0.99,1
AUC_1036,2617519515,37,10,159,0.2703,15.9,454756,506091,10000,240,19,273,8,0.0293,150.35,42.12,60.51,0.6365,13912.24,0,0,0,1,0.1328,0
AUC_1054,2299794943,24,5,198,0.2083,39.6,1696577,1946738,2000,120,4,32,2,0.0625,557.99,86.23,40.85,0.4849,5417.14,0,0,0,1,0.1064,1
AUC_1364,1095298707,23,7,65,0.3043,9.2857,1621833,1859447,2000,60,12,211,2,0.0095,624.31,14.15,31.06,0.4101,5091.49,0,0,0,0,0.136,0
AUC_1309,1411479762,25,1,145,0.04,145.0,1509359,1592460,5000,60,3,44,8,0.1818,1190.68,23.21,31.64,0.5084,10846.25,0,0,0,0,0.1856,0
AUC_1060,2735534284,21,9,224,0.4286,24.8889,1535357,1722140,2000,240,14,72,8,0.1111,213.4,67.4,26.7,0.62,3894.38,0,0,1,0,0.1208,0
AUC_1006,2820149619,28,7,218,0.25,31.1429,191632,216842,5000,120,19,73,2,0.0274,383.22,59.93,31.58,0.1182,7713.38,0,0,0,0,0.1807,0
AUC_1060,1982722354,35,11,237,0.3143,21.5455,809673,920844,5000,60,15,110,4,0.0364,133.98,28.52,6.13,0.5771,6015.68,0,0,1,1,0.183,0
AUC_1007,1063049633,21,3,42,0.1429,14.0,608630,669295,10000,30,20,141,4,0.0284,127.39,6.79,19.39,0.1619,40361.5,0,0,0,1,0.1394,0
AUC_1301,2143588352,69,3,1375,0.0435,458.3333,1700873,1953018,1000,60,10,66,25,0.3788,84.06,11.68,1.71,0.7168,1441.11,0,0,1,0,0.7466,1
AUC_1360,2012828264,46,0,678,0.0,678.0,238695,276642,5000,240,18,258,16,0.062,27.05,5.02,12.73,0.7368,6118.21,0,1,1,0,0.7984,1
AUC_1206,1212959283,16,1,462,0.0625,462.0,1105692,1388844,2000,30,11,171,26,0.152,33.28,0.85,0.74,0.9625,3255.33,1,1,1,0,0.8651,1
